route,classification,locale,baseTool,status,canonical,currentSitemaps,inSeptember18Sitemap,addedSeptember18,lastCrawled,rawLastCrawled,internalLinkSourceCount,baselineClassification,afterStatus,afterRobots,afterCanonical,afterSitemaps,indexWanted,afterInternalLinkSourceCount,action
/ar/base64-encode,E. Non-public / hidden tool,ar,/base64-encode,404,[],[],True,True,,1970-01-01,0,E. Non-public / hidden tool,404,"noindex, nofollow",[],[],False,0,EXISTING_404
/ar/compare-pdf,E. Non-public / hidden tool,ar,/compare-pdf,404,[],[],True,True,,1970-01-01,0,E. Non-public / hidden tool,404,"noindex, nofollow",[],[],False,0,EXISTING_404
/ar/compress-image,E. Non-public / hidden tool,ar,/compress-image,404,[],[],True,True,,1970-01-01,0,E. Non-public / hidden tool,404,"noindex, nofollow",[],[],False,0,EXISTING_404
/ar/convert-image,E. Non-public / hidden tool,ar,/convert-image,404,[],[],True,True,,1970-01-01,0,E. Non-public / hidden tool,404,"noindex, nofollow",[],[],False,0,EXISTING_404
/ar/crop-image,E. Non-public / hidden tool,ar,/crop-image,404,[],[],True,True,,1970-01-01,0,E. Non-public / hidden tool,404,"noindex, nofollow",[],[],False,0,EXISTING_404
/ar/crop-pdf,G. Thin or duplicate locale page,ar,/crop-pdf,200,"[""https://pdfpilot.net/ar/crop-pdf""]","[""/sitemap.xml""]",True,True,,1970-01-01,2,G. Thin or incomplete locale page,200,"noindex, follow","[""https://pdfpilot.net/ar/crop-pdf""]",[],False,2,NOINDEX
/ar/csv-cleaner,E. Non-public / hidden tool,ar,/csv-cleaner,404,[],[],True,True,,1970-01-01,0,E. Non-public / hidden tool,404,"noindex, nofollow",[],[],False,0,EXISTING_404
/ar/csv-formatter,E. Non-public / hidden tool,ar,/csv-formatter,404,[],[],True,True,,1970-01-01,0,E. Non-public / hidden tool,404,"noindex, nofollow",[],[],False,0,EXISTING_404
/ar/csv-merger,E. Non-public / hidden tool,ar,/csv-merger,404,[],[],True,True,,1970-01-01,0,E. Non-public / hidden tool,404,"noindex, nofollow",[],[],False,0,EXISTING_404
/ar/csv-splitter,E. Non-public / hidden tool,ar,/csv-splitter,404,[],[],True,True,,1970-01-01,0,E. Non-public / hidden tool,404,"noindex, nofollow",[],[],False,0,EXISTING_404
/ar/csv-to-excel,E. Non-public / hidden tool,ar,/csv-to-excel,404,[],[],True,True,,1970-01-01,0,E. Non-public / hidden tool,404,"noindex, nofollow",[],[],False,0,EXISTING_404
/ar/csv-to-json,E. Non-public / hidden tool,ar,/csv-to-json,404,[],[],True,True,,1970-01-01,0,E. Non-public / hidden tool,404,"noindex, nofollow",[],[],False,0,EXISTING_404
/ar/csv-to-markdown-table,E. Non-public / hidden tool,ar,/csv-to-markdown-table,404,[],[],True,True,,1970-01-01,0,E. Non-public / hidden tool,404,"noindex, nofollow",[],[],False,0,EXISTING_404
/ar/csv-to-pdf,E. Non-public / hidden tool,ar,/csv-to-pdf,404,[],[],True,True,,1970-01-01,0,E. Non-public / hidden tool,404,"noindex, nofollow",[],[],False,0,EXISTING_404
/ar/csv-to-sql,E. Non-public / hidden tool,ar,/csv-to-sql,404,[],[],True,True,,1970-01-01,0,E. Non-public / hidden tool,404,"noindex, nofollow",[],[],False,0,EXISTING_404
/ar/csv-to-tsv,E. Non-public / hidden tool,ar,/csv-to-tsv,404,[],[],True,True,,1970-01-01,0,E. Non-public / hidden tool,404,"noindex, nofollow",[],[],False,0,EXISTING_404
/ar/daght-pdf,D. Valid localized page,ar,/compress-pdf,200,"[""https://pdfpilot.net/ar/daght-pdf""]","[""/sitemap.xml""]",True,False,,1970-01-01,28,G. Thin or incomplete locale page,200,"index, follow (default)","[""https://pdfpilot.net/ar/daght-pdf""]","[""/sitemaps/families/locales.xml""]",True,33,KEEP
/ar/damj-pdf,D. Valid localized page,ar,/merge-pdf,200,"[""https://pdfpilot.net/ar/damj-pdf""]","[""/sitemap.xml""]",True,False,,1970-01-01,28,G. Thin or incomplete locale page,200,"index, follow (default)","[""https://pdfpilot.net/ar/damj-pdf""]","[""/sitemaps/families/locales.xml""]",True,33,KEEP
/ar/delete-pages,G. Thin or duplicate locale page,ar,/delete-pages,200,"[""https://pdfpilot.net/ar/delete-pages""]","[""/sitemap.xml""]",True,True,,1970-01-01,2,G. Thin or incomplete locale page,200,"noindex, follow","[""https://pdfpilot.net/ar/delete-pages""]",[],False,2,NOINDEX
/ar/docx-merge,E. Non-public / hidden tool,ar,/docx-merge,404,[],[],True,True,,1970-01-01,0,E. Non-public / hidden tool,404,"noindex, nofollow",[],[],False,0,EXISTING_404
/ar/duplicate-pages,E. Non-public / hidden tool,ar,/duplicate-pages,404,[],[],True,True,,1970-01-01,0,E. Non-public / hidden tool,404,"noindex, nofollow",[],[],False,0,EXISTING_404
/ar/duplicate-row-remover,E. Non-public / hidden tool,ar,/duplicate-row-remover,404,[],[],True,True,,1970-01-01,0,E. Non-public / hidden tool,404,"noindex, nofollow",[],[],False,0,EXISTING_404
/ar/edit-pdf,G. Thin or duplicate locale page,ar,/edit-pdf,200,"[""https://pdfpilot.net/ar/edit-pdf""]","[""/sitemap.xml""]",True,True,,1970-01-01,2,G. Thin or incomplete locale page,200,"noindex, follow","[""https://pdfpilot.net/ar/edit-pdf""]",[],False,2,NOINDEX
/ar/excel-sheet-extractor,E. Non-public / hidden tool,ar,/excel-sheet-extractor,404,[],[],True,True,,1970-01-01,0,E. Non-public / hidden tool,404,"noindex, nofollow",[],[],False,0,EXISTING_404
/ar/excel-sheet-merger,E. Non-public / hidden tool,ar,/excel-sheet-merger,404,[],[],True,True,,1970-01-01,0,E. Non-public / hidden tool,404,"noindex, nofollow",[],[],False,0,EXISTING_404
/ar/excel-to-csv,E. Non-public / hidden tool,ar,/excel-to-csv,404,[],[],True,True,,1970-01-01,0,E. Non-public / hidden tool,404,"noindex, nofollow",[],[],False,0,EXISTING_404
/ar/excel-to-json,E. Non-public / hidden tool,ar,/excel-to-json,404,[],[],True,True,,1970-01-01,0,E. Non-public / hidden tool,404,"noindex, nofollow",[],[],False,0,EXISTING_404
/ar/excel-to-pdf,G. Thin or duplicate locale page,ar,/excel-to-pdf,200,"[""https://pdfpilot.net/ar/excel-to-pdf""]","[""/sitemap.xml""]",True,True,,1970-01-01,26,G. Thin or incomplete locale page,200,"noindex, follow","[""https://pdfpilot.net/ar/excel-to-pdf""]",[],False,31,NOINDEX
/ar/excel-to-tsv,E. Non-public / hidden tool,ar,/excel-to-tsv,404,[],[],True,True,,1970-01-01,0,E. Non-public / hidden tool,404,"noindex, nofollow",[],[],False,0,EXISTING_404
/ar/excel-to-xml,G. Thin or duplicate locale page,ar,/excel-to-xml,200,"[""https://pdfpilot.net/ar/excel-to-xml""]","[""/sitemap.xml""]",True,True,,1970-01-01,2,G. Thin or incomplete locale page,200,"noindex, follow","[""https://pdfpilot.net/ar/excel-to-xml""]",[],False,2,NOINDEX
/ar/extract-pages,G. Thin or duplicate locale page,ar,/extract-pages,200,"[""https://pdfpilot.net/ar/extract-pages""]","[""/sitemap.xml""]",True,True,,1970-01-01,2,G. Thin or incomplete locale page,200,"noindex, follow","[""https://pdfpilot.net/ar/extract-pages""]",[],False,2,NOINDEX
/ar/fill-pdf,G. Thin or duplicate locale page,ar,/fill-pdf,200,"[""https://pdfpilot.net/ar/fill-pdf""]","[""/sitemap.xml""]",True,True,,1970-01-01,2,G. Thin or incomplete locale page,200,"noindex, follow","[""https://pdfpilot.net/ar/fill-pdf""]",[],False,2,NOINDEX
/ar/flatten-pdf,E. Non-public / hidden tool,ar,/flatten-pdf,404,[],[],True,True,,1970-01-01,0,E. Non-public / hidden tool,404,"noindex, nofollow",[],[],False,0,EXISTING_404
/ar/heic-to-png,E. Non-public / hidden tool,ar,/heic-to-png,404,[],[],True,True,,1970-01-01,0,E. Non-public / hidden tool,404,"noindex, nofollow",[],[],False,0,EXISTING_404
/ar/html-to-markdown,E. Non-public / hidden tool,ar,/html-to-markdown,404,[],[],True,True,,1970-01-01,0,E. Non-public / hidden tool,404,"noindex, nofollow",[],[],False,0,EXISTING_404
/ar/html-to-pdf,G. Thin or duplicate locale page,ar,/html-to-pdf,200,"[""https://pdfpilot.net/ar/html-to-pdf""]","[""/sitemap.xml""]",True,True,,1970-01-01,2,G. Thin or incomplete locale page,200,"noindex, follow","[""https://pdfpilot.net/ar/html-to-pdf""]",[],False,2,NOINDEX
/ar/image-metadata,E. Non-public / hidden tool,ar,/image-metadata,404,[],[],True,True,,1970-01-01,0,E. Non-public / hidden tool,404,"noindex, nofollow",[],[],False,0,EXISTING_404
/ar/image-watermark,E. Non-public / hidden tool,ar,/image-watermark,404,[],[],True,True,,1970-01-01,0,E. Non-public / hidden tool,404,"noindex, nofollow",[],[],False,0,EXISTING_404
/ar/insert-pages,E. Non-public / hidden tool,ar,/insert-pages,404,[],[],True,True,,1970-01-01,0,E. Non-public / hidden tool,404,"noindex, nofollow",[],[],False,0,EXISTING_404
/ar/jpg-ila-pdf,D. Valid localized page,ar,/jpg-to-pdf,200,"[""https://pdfpilot.net/ar/jpg-ila-pdf""]","[""/sitemap.xml""]",True,False,,1970-01-01,26,G. Thin or incomplete locale page,200,"index, follow (default)","[""https://pdfpilot.net/ar/jpg-ila-pdf""]","[""/sitemaps/families/locales.xml""]",True,31,KEEP
/ar/json-diff,E. Non-public / hidden tool,ar,/json-diff,404,[],[],True,True,,1970-01-01,0,E. Non-public / hidden tool,404,"noindex, nofollow",[],[],False,0,EXISTING_404
/ar/json-formatter,E. Non-public / hidden tool,ar,/json-formatter,404,[],[],True,True,,1970-01-01,0,E. Non-public / hidden tool,404,"noindex, nofollow",[],[],False,0,EXISTING_404
/ar/json-minifier,E. Non-public / hidden tool,ar,/json-minifier,404,[],[],True,True,,1970-01-01,0,E. Non-public / hidden tool,404,"noindex, nofollow",[],[],False,0,EXISTING_404
/ar/json-to-csv,E. Non-public / hidden tool,ar,/json-to-csv,404,[],[],True,True,,1970-01-01,0,E. Non-public / hidden tool,404,"noindex, nofollow",[],[],False,0,EXISTING_404
/ar/json-to-excel,E. Non-public / hidden tool,ar,/json-to-excel,404,[],[],True,True,,1970-01-01,0,E. Non-public / hidden tool,404,"noindex, nofollow",[],[],False,0,EXISTING_404
/ar/json-to-sql,E. Non-public / hidden tool,ar,/json-to-sql,404,[],[],True,True,,1970-01-01,0,E. Non-public / hidden tool,404,"noindex, nofollow",[],[],False,0,EXISTING_404
/ar/json-to-xml,E. Non-public / hidden tool,ar,/json-to-xml,404,[],[],True,True,,1970-01-01,0,E. Non-public / hidden tool,404,"noindex, nofollow",[],[],False,0,EXISTING_404
/ar/json-to-yaml,E. Non-public / hidden tool,ar,/json-to-yaml,404,[],[],True,True,,1970-01-01,0,E. Non-public / hidden tool,404,"noindex, nofollow",[],[],False,0,EXISTING_404
/ar/json-validator,E. Non-public / hidden tool,ar,/json-validator,404,[],[],True,True,,1970-01-01,0,E. Non-public / hidden tool,404,"noindex, nofollow",[],[],False,0,EXISTING_404
/ar/jwt-decode,E. Non-public / hidden tool,ar,/jwt-decode,404,[],[],True,True,,1970-01-01,0,E. Non-public / hidden tool,404,"noindex, nofollow",[],[],False,0,EXISTING_404
/ar/lock-pdf,E. Non-public / hidden tool,ar,/lock-pdf,404,[],[],True,True,,1970-01-01,0,E. Non-public / hidden tool,404,"noindex, nofollow",[],[],False,0,EXISTING_404
/ar/markdown-table-to-csv,E. Non-public / hidden tool,ar,/markdown-table-to-csv,404,[],[],True,True,,1970-01-01,0,E. Non-public / hidden tool,404,"noindex, nofollow",[],[],False,0,EXISTING_404
/ar/markdown-to-html,E. Non-public / hidden tool,ar,/markdown-to-html,404,[],[],True,True,,1970-01-01,0,E. Non-public / hidden tool,404,"noindex, nofollow",[],[],False,0,EXISTING_404
/ar/markdown-to-pdf,E. Non-public / hidden tool,ar,/markdown-to-pdf,404,[],[],True,True,,1970-01-01,0,E. Non-public / hidden tool,404,"noindex, nofollow",[],[],False,0,EXISTING_404
/ar/ocr-image,E. Non-public / hidden tool,ar,/ocr-image,404,[],[],True,True,,1970-01-01,0,E. Non-public / hidden tool,404,"noindex, nofollow",[],[],False,0,EXISTING_404
/ar/ocr-pdf,G. Thin or duplicate locale page,ar,/ocr-pdf,200,"[""https://pdfpilot.net/ar/ocr-pdf""]","[""/sitemap.xml""]",True,True,,1970-01-01,2,G. Thin or incomplete locale page,200,"noindex, follow","[""https://pdfpilot.net/ar/ocr-pdf""]",[],False,2,NOINDEX
/ar/organize-pdf,G. Thin or duplicate locale page,ar,/organize-pdf,200,"[""https://pdfpilot.net/ar/organize-pdf""]","[""/sitemap.xml""]",True,True,,1970-01-01,2,G. Thin or incomplete locale page,200,"noindex, follow","[""https://pdfpilot.net/ar/organize-pdf""]",[],False,2,NOINDEX
/ar/pdf-ila-jpg,D. Valid localized page,ar,/pdf-to-jpg,200,"[""https://pdfpilot.net/ar/pdf-ila-jpg""]","[""/sitemap.xml""]",True,False,,1970-01-01,26,G. Thin or incomplete locale page,200,"index, follow (default)","[""https://pdfpilot.net/ar/pdf-ila-jpg""]","[""/sitemaps/families/locales.xml""]",True,31,KEEP
/ar/pdf-metadata-editor,E. Non-public / hidden tool,ar,/pdf-metadata-editor,404,[],[],True,True,,1970-01-01,0,E. Non-public / hidden tool,404,"noindex, nofollow",[],[],False,0,EXISTING_404
/ar/pdf-to-excel,G. Thin or duplicate locale page,ar,/pdf-to-excel,200,"[""https://pdfpilot.net/ar/pdf-to-excel""]","[""/sitemap.xml""]",True,True,,1970-01-01,2,G. Thin or incomplete locale page,200,"noindex, follow","[""https://pdfpilot.net/ar/pdf-to-excel""]",[],False,2,NOINDEX
/ar/pdf-to-pdfa,G. Thin or duplicate locale page,ar,/pdf-to-pdfa,200,"[""https://pdfpilot.net/ar/pdf-to-pdfa""]","[""/sitemap.xml""]",True,True,,1970-01-01,2,G. Thin or incomplete locale page,200,"noindex, follow","[""https://pdfpilot.net/ar/pdf-to-pdfa""]",[],False,2,NOINDEX
/ar/pdf-to-powerpoint,G. Thin or duplicate locale page,ar,/pdf-to-powerpoint,200,"[""https://pdfpilot.net/ar/pdf-to-powerpoint""]","[""/sitemap.xml""]",True,True,,1970-01-01,2,G. Thin or incomplete locale page,200,"noindex, follow","[""https://pdfpilot.net/ar/pdf-to-powerpoint""]",[],False,2,NOINDEX
/ar/pdf-to-word,G. Thin or duplicate locale page,ar,/pdf-to-word,200,"[""https://pdfpilot.net/ar/pdf-to-word""]","[""/sitemap.xml""]",True,True,,1970-01-01,2,G. Thin or incomplete locale page,200,"noindex, follow","[""https://pdfpilot.net/ar/pdf-to-word""]",[],False,2,NOINDEX
/ar/rearrange-pages,E. Non-public / hidden tool,ar,/rearrange-pages,404,[],[],True,True,,1970-01-01,0,E. Non-public / hidden tool,404,"noindex, nofollow",[],[],False,0,EXISTING_404
/ar/repair-pdf,G. Thin or duplicate locale page,ar,/repair-pdf,200,"[""https://pdfpilot.net/ar/repair-pdf""]","[""/sitemap.xml""]",True,True,,1970-01-01,2,G. Thin or incomplete locale page,200,"noindex, follow","[""https://pdfpilot.net/ar/repair-pdf""]",[],False,2,NOINDEX
/ar/resize-image,E. Non-public / hidden tool,ar,/resize-image,404,[],[],True,True,,1970-01-01,0,E. Non-public / hidden tool,404,"noindex, nofollow",[],[],False,0,EXISTING_404
/ar/rotate-image,E. Non-public / hidden tool,ar,/rotate-image,404,[],[],True,True,,1970-01-01,0,E. Non-public / hidden tool,404,"noindex, nofollow",[],[],False,0,EXISTING_404
/ar/rotate-pdf,G. Thin or duplicate locale page,ar,/rotate-pdf,200,"[""https://pdfpilot.net/ar/rotate-pdf""]","[""/sitemap.xml""]",True,True,,1970-01-01,2,G. Thin or incomplete locale page,200,"noindex, follow","[""https://pdfpilot.net/ar/rotate-pdf""]",[],False,2,NOINDEX
/ar/scan-pdf,G. Thin or duplicate locale page,ar,/scan-pdf,200,"[""https://pdfpilot.net/ar/scan-pdf""]","[""/sitemap.xml""]",True,True,,1970-01-01,2,G. Thin or incomplete locale page,200,"noindex, follow","[""https://pdfpilot.net/ar/scan-pdf""]",[],False,2,NOINDEX
/ar/sql-to-csv,E. Non-public / hidden tool,ar,/sql-to-csv,404,[],[],True,True,,1970-01-01,0,E. Non-public / hidden tool,404,"noindex, nofollow",[],[],False,0,EXISTING_404
/ar/sql-to-json,E. Non-public / hidden tool,ar,/sql-to-json,404,[],[],True,True,,1970-01-01,0,E. Non-public / hidden tool,404,"noindex, nofollow",[],[],False,0,EXISTING_404
/ar/summary-generator,E. Non-public / hidden tool,ar,/summary-generator,404,[],[],True,True,,1970-01-01,0,E. Non-public / hidden tool,404,"noindex, nofollow",[],[],False,0,EXISTING_404
/ar/svg-to-pdf,E. Non-public / hidden tool,ar,/svg-to-pdf,404,[],[],True,True,,1970-01-01,0,E. Non-public / hidden tool,404,"noindex, nofollow",[],[],False,0,EXISTING_404
/ar/tsv-to-csv,E. Non-public / hidden tool,ar,/tsv-to-csv,404,[],[],True,True,,1970-01-01,0,E. Non-public / hidden tool,404,"noindex, nofollow",[],[],False,0,EXISTING_404
/ar/tsv-to-excel,E. Non-public / hidden tool,ar,/tsv-to-excel,404,[],[],True,True,,1970-01-01,0,E. Non-public / hidden tool,404,"noindex, nofollow",[],[],False,0,EXISTING_404
/ar/txt-to-pdf,E. Non-public / hidden tool,ar,/txt-to-pdf,404,[],[],True,True,,1970-01-01,0,E. Non-public / hidden tool,404,"noindex, nofollow",[],[],False,0,EXISTING_404
/ar/unlock-pdf,E. Non-public / hidden tool,ar,/unlock-pdf,404,[],[],True,True,,1970-01-01,0,E. Non-public / hidden tool,404,"noindex, nofollow",[],[],False,0,EXISTING_404
/ar/url-decode,E. Non-public / hidden tool,ar,/url-decode,404,[],[],True,True,,1970-01-01,0,E. Non-public / hidden tool,404,"noindex, nofollow",[],[],False,0,EXISTING_404
/ar/url-encode,E. Non-public / hidden tool,ar,/url-encode,404,[],[],True,True,,1970-01-01,0,E. Non-public / hidden tool,404,"noindex, nofollow",[],[],False,0,EXISTING_404
/ar/watermark-pdf,G. Thin or duplicate locale page,ar,/watermark-pdf,200,"[""https://pdfpilot.net/ar/watermark-pdf""]","[""/sitemap.xml""]",True,True,,1970-01-01,2,G. Thin or incomplete locale page,200,"noindex, follow","[""https://pdfpilot.net/ar/watermark-pdf""]",[],False,2,NOINDEX
/ar/word-to-pdf,G. Thin or duplicate locale page,ar,/word-to-pdf,200,"[""https://pdfpilot.net/ar/word-to-pdf""]","[""/sitemap.xml""]",True,True,,1970-01-01,26,G. Thin or incomplete locale page,200,"noindex, follow","[""https://pdfpilot.net/ar/word-to-pdf""]",[],False,31,NOINDEX
/ar/xml-formatter,E. Non-public / hidden tool,ar,/xml-formatter,404,[],[],True,True,,1970-01-01,0,E. Non-public / hidden tool,404,"noindex, nofollow",[],[],False,0,EXISTING_404
/ar/xml-minifier,E. Non-public / hidden tool,ar,/xml-minifier,404,[],[],True,True,,1970-01-01,0,E. Non-public / hidden tool,404,"noindex, nofollow",[],[],False,0,EXISTING_404
/ar/xml-to-csv,E. Non-public / hidden tool,ar,/xml-to-csv,404,[],[],True,True,,1970-01-01,0,E. Non-public / hidden tool,404,"noindex, nofollow",[],[],False,0,EXISTING_404
/ar/xml-to-json,E. Non-public / hidden tool,ar,/xml-to-json,404,[],[],True,True,,1970-01-01,0,E. Non-public / hidden tool,404,"noindex, nofollow",[],[],False,0,EXISTING_404
/ar/xml-to-yaml,E. Non-public / hidden tool,ar,/xml-to-yaml,404,[],[],True,True,,1970-01-01,0,E. Non-public / hidden tool,404,"noindex, nofollow",[],[],False,0,EXISTING_404
/ar/xml-validator,E. Non-public / hidden tool,ar,/xml-validator,404,[],[],True,True,,1970-01-01,0,E. Non-public / hidden tool,404,"noindex, nofollow",[],[],False,0,EXISTING_404
/ar/yaml-to-json,E. Non-public / hidden tool,ar,/yaml-to-json,404,[],[],True,True,,1970-01-01,0,E. Non-public / hidden tool,404,"noindex, nofollow",[],[],False,0,EXISTING_404
/ar/yaml-to-xml,E. Non-public / hidden tool,ar,/yaml-to-xml,404,[],[],True,True,,1970-01-01,0,E. Non-public / hidden tool,404,"noindex, nofollow",[],[],False,0,EXISTING_404
/base64-encode,E. Non-public / hidden tool,en,/base64-encode,404,[],[],True,False,,1970-01-01,0,E. Non-public / hidden tool,404,"noindex, nofollow",[],[],False,0,EXISTING_404
/categories/data-conversion-tools,C. Valid resource/content page,en,,200,"[""https://pdfpilot.net/categories/data-conversion-tools""]","[""/sitemap.xml""]",True,False,,1970-01-01,2,C. Resource/content page requiring review,200,"index, follow (default)","[""https://pdfpilot.net/categories/data-conversion-tools""]","[""/sitemaps/families/resources.xml""]",True,2,KEEP
/checklists/heic-photo-conversion-checklist,I. Comparison/resource page,en,,200,"[""https://pdfpilot.net/checklists/heic-photo-conversion-checklist""]","[""/sitemap.xml""]",True,False,,1970-01-01,1,C. Resource/content page requiring review,200,"noindex, follow","[""https://pdfpilot.net/checklists/heic-photo-conversion-checklist""]",[],False,1,NOINDEX
/column-extractor,E. Non-public / hidden tool,en,/column-extractor,404,[],[],True,False,,1970-01-01,0,E. Non-public / hidden tool,404,"noindex, nofollow",[],[],False,0,EXISTING_404
/compare/csv-cleaner-vs-duplicate-row-remover,I. Comparison/resource page,en,,200,"[""https://pdfpilot.net/compare/csv-cleaner-vs-duplicate-row-remover""]","[""/sitemap.xml""]",True,False,,1970-01-01,1,I. Comparison/resource page,200,"noindex, follow","[""https://pdfpilot.net/compare/csv-cleaner-vs-duplicate-row-remover""]",[],False,1,NOINDEX
/compare/csv-to-xml-vs-excel-to-xml,I. Comparison/resource page,en,,200,"[""https://pdfpilot.net/compare/csv-to-xml-vs-excel-to-xml""]","[""/sitemap.xml""]",True,False,,1970-01-01,2,I. Comparison/resource page,200,"index, follow (default)","[""https://pdfpilot.net/compare/csv-to-xml-vs-excel-to-xml""]","[""/sitemaps/families/resources.xml""]",True,2,KEEP
/compare/heic-to-jpg-vs-heic-to-png,I. Comparison/resource page,en,,200,"[""https://pdfpilot.net/compare/heic-to-jpg-vs-heic-to-png""]","[""/sitemap.xml""]",True,False,,1970-01-01,1,I. Comparison/resource page,200,"noindex, follow","[""https://pdfpilot.net/compare/heic-to-jpg-vs-heic-to-png""]",[],False,1,NOINDEX
/compare/jpg-to-pdf-vs-merge-pdf,I. Comparison/resource page,en,,200,"[""https://pdfpilot.net/compare/jpg-to-pdf-vs-merge-pdf""]","[""/sitemap.xml""]",True,False,,1970-01-01,2,I. Comparison/resource page,200,"index, follow (default)","[""https://pdfpilot.net/compare/jpg-to-pdf-vs-merge-pdf""]","[""/sitemaps/families/resources.xml""]",True,2,KEEP
/compare/json-formatter-vs-json-minifier,I. Comparison/resource page,en,,200,"[""https://pdfpilot.net/compare/json-formatter-vs-json-minifier""]","[""/sitemap.xml""]",True,False,,1970-01-01,1,I. Comparison/resource page,200,"noindex, follow","[""https://pdfpilot.net/compare/json-formatter-vs-json-minifier""]",[],False,1,NOINDEX
/compare/json-vs-csv,I. Comparison/resource page,en,,200,"[""https://pdfpilot.net/compare/json-vs-csv""]","[""/sitemap.xml""]",True,False,,1970-01-01,1,I. Comparison/resource page,200,"index, follow (default)","[""https://pdfpilot.net/compare/json-vs-csv""]","[""/sitemaps/families/resources.xml""]",True,1,KEEP
/compare/markdown-to-html-vs-html-to-markdown,I. Comparison/resource page,en,,200,"[""https://pdfpilot.net/compare/markdown-to-html-vs-html-to-markdown""]","[""/sitemap.xml""]",True,False,,1970-01-01,1,I. Comparison/resource page,200,"noindex, follow","[""https://pdfpilot.net/compare/markdown-to-html-vs-html-to-markdown""]",[],False,1,NOINDEX
/compare/merge-pdf-vs-combine-pdf,I. Comparison/resource page,en,,200,"[""https://pdfpilot.net/compare/merge-pdf-vs-combine-pdf""]","[""/sitemap.xml""]",True,False,,1970-01-01,1,I. Comparison/resource page,200,"index, follow (default)","[""https://pdfpilot.net/compare/merge-pdf-vs-combine-pdf""]","[""/sitemaps/families/resources.xml""]",True,1,KEEP
/compare/ocr-pdf-vs-ocr-image,I. Comparison/resource page,en,,200,"[""https://pdfpilot.net/compare/ocr-pdf-vs-ocr-image""]","[""/sitemap.xml""]",True,False,,1970-01-01,1,I. Comparison/resource page,200,"index, follow (default)","[""https://pdfpilot.net/compare/ocr-pdf-vs-ocr-image""]","[""/sitemaps/families/resources.xml""]",True,1,KEEP
/compare/pdf-to-word-vs-word-to-pdf,I. Comparison/resource page,en,,200,"[""https://pdfpilot.net/compare/pdf-to-word-vs-word-to-pdf""]","[""/sitemap.xml""]",True,False,,1970-01-01,1,I. Comparison/resource page,200,"index, follow (default)","[""https://pdfpilot.net/compare/pdf-to-word-vs-word-to-pdf""]","[""/sitemaps/families/resources.xml""]",True,1,KEEP
/compare/split-pdf-vs-merge-pdf,I. Comparison/resource page,en,,200,"[""https://pdfpilot.net/compare/split-pdf-vs-merge-pdf""]","[""/sitemap.xml""]",True,False,,1970-01-01,2,I. Comparison/resource page,200,"index, follow (default)","[""https://pdfpilot.net/compare/split-pdf-vs-merge-pdf""]","[""/sitemaps/families/resources.xml""]",True,2,KEEP
/csv-formatter,E. Non-public / hidden tool,en,/csv-formatter,404,[],[],True,False,,1970-01-01,0,E. Non-public / hidden tool,404,"noindex, nofollow",[],[],False,0,EXISTING_404
/csv-merger,E. Non-public / hidden tool,en,/csv-merger,404,[],[],True,False,,1970-01-01,0,E. Non-public / hidden tool,404,"noindex, nofollow",[],[],False,0,EXISTING_404
/csv-splitter,E. Non-public / hidden tool,en,/csv-splitter,404,[],[],True,False,,1970-01-01,0,E. Non-public / hidden tool,404,"noindex, nofollow",[],[],False,0,EXISTING_404
/csv-to-excel,E. Non-public / hidden tool,en,/csv-to-excel,404,[],[],True,False,,1970-01-01,0,E. Non-public / hidden tool,404,"noindex, nofollow",[],[],False,0,EXISTING_404
/csv-to-json,E. Non-public / hidden tool,en,/csv-to-json,404,[],[],True,False,,1970-01-01,0,E. Non-public / hidden tool,404,"noindex, nofollow",[],[],False,0,EXISTING_404
/csv-to-pdf,E. Non-public / hidden tool,en,/csv-to-pdf,404,[],[],True,False,,1970-01-01,0,E. Non-public / hidden tool,404,"noindex, nofollow",[],[],False,0,EXISTING_404
/csv-to-sql,E. Non-public / hidden tool,en,/csv-to-sql,404,[],[],True,False,,1970-01-01,0,E. Non-public / hidden tool,404,"noindex, nofollow",[],[],False,0,EXISTING_404
/csv-to-xml,E. Non-public / hidden tool,en,/csv-to-xml,404,[],[],True,False,,1970-01-01,0,E. Non-public / hidden tool,404,"noindex, nofollow",[],[],False,0,EXISTING_404
/de,D. Valid localized page,de,,200,"[""https://pdfpilot.net/de""]","[""/sitemap.xml""]",True,False,,1970-01-01,28,G. Thin or incomplete locale page,200,"index, follow (default)","[""https://pdfpilot.net/de""]","[""/sitemaps/families/locales.xml""]",True,33,KEEP
/de/add-page-numbers,G. Thin or duplicate locale page,de,/add-page-numbers,200,"[""https://pdfpilot.net/de/add-page-numbers""]","[""/sitemap.xml""]",True,True,,1970-01-01,2,G. Thin or incomplete locale page,200,"noindex, follow","[""https://pdfpilot.net/de/add-page-numbers""]",[],False,2,NOINDEX
/de/base64-decode,E. Non-public / hidden tool,de,/base64-decode,404,[],[],True,True,,1970-01-01,0,E. Non-public / hidden tool,404,"noindex, nofollow",[],[],False,0,EXISTING_404
/de/column-extractor,E. Non-public / hidden tool,de,/column-extractor,404,[],[],True,True,,1970-01-01,0,E. Non-public / hidden tool,404,"noindex, nofollow",[],[],False,0,EXISTING_404
/de/compare-pdf,E. Non-public / hidden tool,de,/compare-pdf,404,[],[],True,True,,1970-01-01,0,E. Non-public / hidden tool,404,"noindex, nofollow",[],[],False,0,EXISTING_404
/de/compress-image,E. Non-public / hidden tool,de,/compress-image,404,[],[],True,True,,1970-01-01,0,E. Non-public / hidden tool,404,"noindex, nofollow",[],[],False,0,EXISTING_404
/de/convert-image,E. Non-public / hidden tool,de,/convert-image,404,[],[],True,True,,1970-01-01,0,E. Non-public / hidden tool,404,"noindex, nofollow",[],[],False,0,EXISTING_404
/de/crop-image,E. Non-public / hidden tool,de,/crop-image,404,[],[],True,True,,1970-01-01,0,E. Non-public / hidden tool,404,"noindex, nofollow",[],[],False,0,EXISTING_404
/de/csv-cleaner,E. Non-public / hidden tool,de,/csv-cleaner,404,[],[],True,True,,1970-01-01,0,E. Non-public / hidden tool,404,"noindex, nofollow",[],[],False,0,EXISTING_404
/de/csv-formatter,E. Non-public / hidden tool,de,/csv-formatter,404,[],[],True,True,,1970-01-01,0,E. Non-public / hidden tool,404,"noindex, nofollow",[],[],False,0,EXISTING_404
/de/csv-merger,E. Non-public / hidden tool,de,/csv-merger,404,[],[],True,True,,1970-01-01,0,E. Non-public / hidden tool,404,"noindex, nofollow",[],[],False,0,EXISTING_404
/de/csv-splitter,E. Non-public / hidden tool,de,/csv-splitter,404,[],[],True,True,,1970-01-01,0,E. Non-public / hidden tool,404,"noindex, nofollow",[],[],False,0,EXISTING_404
/de/csv-to-excel,E. Non-public / hidden tool,de,/csv-to-excel,404,[],[],True,True,,1970-01-01,0,E. Non-public / hidden tool,404,"noindex, nofollow",[],[],False,0,EXISTING_404
/de/csv-to-json,E. Non-public / hidden tool,de,/csv-to-json,404,[],[],True,True,,1970-01-01,0,E. Non-public / hidden tool,404,"noindex, nofollow",[],[],False,0,EXISTING_404
/de/csv-to-pdf,E. Non-public / hidden tool,de,/csv-to-pdf,404,[],[],True,True,,1970-01-01,0,E. Non-public / hidden tool,404,"noindex, nofollow",[],[],False,0,EXISTING_404
/de/csv-to-sql,E. Non-public / hidden tool,de,/csv-to-sql,404,[],[],True,True,,1970-01-01,0,E. Non-public / hidden tool,404,"noindex, nofollow",[],[],False,0,EXISTING_404
/de/csv-to-tsv,E. Non-public / hidden tool,de,/csv-to-tsv,404,[],[],True,True,,1970-01-01,0,E. Non-public / hidden tool,404,"noindex, nofollow",[],[],False,0,EXISTING_404
/de/csv-to-xml,E. Non-public / hidden tool,de,/csv-to-xml,404,[],[],True,True,,1970-01-01,0,E. Non-public / hidden tool,404,"noindex, nofollow",[],[],False,0,EXISTING_404
/de/delete-pages,G. Thin or duplicate locale page,de,/delete-pages,200,"[""https://pdfpilot.net/de/delete-pages""]","[""/sitemap.xml""]",True,True,,1970-01-01,2,G. Thin or incomplete locale page,200,"noindex, follow","[""https://pdfpilot.net/de/delete-pages""]",[],False,2,NOINDEX
/de/duplicate-pages,E. Non-public / hidden tool,de,/duplicate-pages,404,[],[],True,True,,1970-01-01,0,E. Non-public / hidden tool,404,"noindex, nofollow",[],[],False,0,EXISTING_404
/de/duplicate-row-remover,E. Non-public / hidden tool,de,/duplicate-row-remover,404,[],[],True,True,,1970-01-01,0,E. Non-public / hidden tool,404,"noindex, nofollow",[],[],False,0,EXISTING_404
/de/edit-pdf,G. Thin or duplicate locale page,de,/edit-pdf,200,"[""https://pdfpilot.net/de/edit-pdf""]","[""/sitemap.xml""]",True,True,,1970-01-01,2,G. Thin or incomplete locale page,200,"noindex, follow","[""https://pdfpilot.net/de/edit-pdf""]",[],False,2,NOINDEX
/de/excel-sheet-merger,E. Non-public / hidden tool,de,/excel-sheet-merger,404,[],[],True,True,,1970-01-01,0,E. Non-public / hidden tool,404,"noindex, nofollow",[],[],False,0,EXISTING_404
/de/excel-to-csv,E. Non-public / hidden tool,de,/excel-to-csv,404,[],[],True,True,,1970-01-01,0,E. Non-public / hidden tool,404,"noindex, nofollow",[],[],False,0,EXISTING_404
/de/excel-to-json,E. Non-public / hidden tool,de,/excel-to-json,404,[],[],True,True,,1970-01-01,0,E. Non-public / hidden tool,404,"noindex, nofollow",[],[],False,0,EXISTING_404
/de/excel-to-pdf,G. Thin or duplicate locale page,de,/excel-to-pdf,200,"[""https://pdfpilot.net/de/excel-to-pdf""]","[""/sitemap.xml""]",True,True,,1970-01-01,26,G. Thin or incomplete locale page,200,"noindex, follow","[""https://pdfpilot.net/de/excel-to-pdf""]",[],False,31,NOINDEX
/de/excel-to-tsv,E. Non-public / hidden tool,de,/excel-to-tsv,404,[],[],True,True,,1970-01-01,0,E. Non-public / hidden tool,404,"noindex, nofollow",[],[],False,0,EXISTING_404
/de/extract-pages,G. Thin or duplicate locale page,de,/extract-pages,200,"[""https://pdfpilot.net/de/extract-pages""]","[""/sitemap.xml""]",True,True,,1970-01-01,2,G. Thin or incomplete locale page,200,"noindex, follow","[""https://pdfpilot.net/de/extract-pages""]",[],False,2,NOINDEX
/de/fill-pdf,G. Thin or duplicate locale page,de,/fill-pdf,200,"[""https://pdfpilot.net/de/fill-pdf""]","[""/sitemap.xml""]",True,True,,1970-01-01,2,G. Thin or incomplete locale page,200,"noindex, follow","[""https://pdfpilot.net/de/fill-pdf""]",[],False,2,NOINDEX
/de/flatten-pdf,E. Non-public / hidden tool,de,/flatten-pdf,404,[],[],True,True,,1970-01-01,0,E. Non-public / hidden tool,404,"noindex, nofollow",[],[],False,0,EXISTING_404
/de/heic-to-jpg,E. Non-public / hidden tool,de,/heic-to-jpg,404,[],[],True,True,,1970-01-01,0,E. Non-public / hidden tool,404,"noindex, nofollow",[],[],False,0,EXISTING_404
/de/heic-to-png,E. Non-public / hidden tool,de,/heic-to-png,404,[],[],True,True,,1970-01-01,0,E. Non-public / hidden tool,404,"noindex, nofollow",[],[],False,0,EXISTING_404
/de/html-to-markdown,E. Non-public / hidden tool,de,/html-to-markdown,404,[],[],True,True,,1970-01-01,0,E. Non-public / hidden tool,404,"noindex, nofollow",[],[],False,0,EXISTING_404
/de/html-to-pdf,G. Thin or duplicate locale page,de,/html-to-pdf,200,"[""https://pdfpilot.net/de/html-to-pdf""]","[""/sitemap.xml""]",True,True,,1970-01-01,2,G. Thin or incomplete locale page,200,"noindex, follow","[""https://pdfpilot.net/de/html-to-pdf""]",[],False,2,NOINDEX
/de/html-to-text,E. Non-public / hidden tool,de,/html-to-text,404,[],[],True,True,,1970-01-01,0,E. Non-public / hidden tool,404,"noindex, nofollow",[],[],False,0,EXISTING_404
/de/image-metadata,E. Non-public / hidden tool,de,/image-metadata,404,[],[],True,True,,1970-01-01,0,E. Non-public / hidden tool,404,"noindex, nofollow",[],[],False,0,EXISTING_404
/de/image-watermark,E. Non-public / hidden tool,de,/image-watermark,404,[],[],True,True,,1970-01-01,0,E. Non-public / hidden tool,404,"noindex, nofollow",[],[],False,0,EXISTING_404
/de/insert-pages,E. Non-public / hidden tool,de,/insert-pages,404,[],[],True,True,,1970-01-01,0,E. Non-public / hidden tool,404,"noindex, nofollow",[],[],False,0,EXISTING_404
/de/jpg-in-pdf,D. Valid localized page,de,/jpg-to-pdf,200,"[""https://pdfpilot.net/de/jpg-in-pdf""]","[""/sitemap.xml""]",True,False,,1970-01-01,26,G. Thin or incomplete locale page,200,"index, follow (default)","[""https://pdfpilot.net/de/jpg-in-pdf""]","[""/sitemaps/families/locales.xml""]",True,31,KEEP
/de/json-diff,E. Non-public / hidden tool,de,/json-diff,404,[],[],True,True,,1970-01-01,0,E. Non-public / hidden tool,404,"noindex, nofollow",[],[],False,0,EXISTING_404
/de/json-to-excel,E. Non-public / hidden tool,de,/json-to-excel,404,[],[],True,True,,1970-01-01,0,E. Non-public / hidden tool,404,"noindex, nofollow",[],[],False,0,EXISTING_404
/de/json-to-sql,E. Non-public / hidden tool,de,/json-to-sql,404,[],[],True,True,,1970-01-01,0,E. Non-public / hidden tool,404,"noindex, nofollow",[],[],False,0,EXISTING_404
/de/json-to-xml,E. Non-public / hidden tool,de,/json-to-xml,404,[],[],True,True,,1970-01-01,0,E. Non-public / hidden tool,404,"noindex, nofollow",[],[],False,0,EXISTING_404
/de/lock-pdf,E. Non-public / hidden tool,de,/lock-pdf,404,[],[],True,True,,1970-01-01,0,E. Non-public / hidden tool,404,"noindex, nofollow",[],[],False,0,EXISTING_404
/de/markdown-to-html,E. Non-public / hidden tool,de,/markdown-to-html,404,[],[],True,True,,1970-01-01,0,E. Non-public / hidden tool,404,"noindex, nofollow",[],[],False,0,EXISTING_404
/de/markdown-to-pdf,E. Non-public / hidden tool,de,/markdown-to-pdf,404,[],[],True,True,,1970-01-01,0,E. Non-public / hidden tool,404,"noindex, nofollow",[],[],False,0,EXISTING_404
/de/ocr-image,E. Non-public / hidden tool,de,/ocr-image,404,[],[],True,True,,1970-01-01,0,E. Non-public / hidden tool,404,"noindex, nofollow",[],[],False,0,EXISTING_404
/de/ocr-pdf,G. Thin or duplicate locale page,de,/ocr-pdf,200,"[""https://pdfpilot.net/de/ocr-pdf""]","[""/sitemap.xml""]",True,True,,1970-01-01,2,G. Thin or incomplete locale page,200,"noindex, follow","[""https://pdfpilot.net/de/ocr-pdf""]",[],False,2,NOINDEX
/de/organize-pdf,G. Thin or duplicate locale page,de,/organize-pdf,200,"[""https://pdfpilot.net/de/organize-pdf""]","[""/sitemap.xml""]",True,True,,1970-01-01,2,G. Thin or incomplete locale page,200,"noindex, follow","[""https://pdfpilot.net/de/organize-pdf""]",[],False,2,NOINDEX
/de/pdf-in-jpg,D. Valid localized page,de,/pdf-to-jpg,200,"[""https://pdfpilot.net/de/pdf-in-jpg""]","[""/sitemap.xml""]",True,False,,1970-01-01,26,G. Thin or incomplete locale page,200,"index, follow (default)","[""https://pdfpilot.net/de/pdf-in-jpg""]","[""/sitemaps/families/locales.xml""]",True,31,KEEP
/de/pdf-komprimieren,D. Valid localized page,de,/compress-pdf,200,"[""https://pdfpilot.net/de/pdf-komprimieren""]","[""/sitemap.xml""]",True,False,,1970-01-01,28,G. Thin or incomplete locale page,200,"index, follow (default)","[""https://pdfpilot.net/de/pdf-komprimieren""]","[""/sitemaps/families/locales.xml""]",True,33,KEEP
/de/pdf-metadata-editor,E. Non-public / hidden tool,de,/pdf-metadata-editor,404,[],[],True,True,,1970-01-01,0,E. Non-public / hidden tool,404,"noindex, nofollow",[],[],False,0,EXISTING_404
/de/pdf-teilen,D. Valid localized page,de,/split-pdf,200,"[""https://pdfpilot.net/de/pdf-teilen""]","[""/sitemap.xml""]",True,False,,1970-01-01,28,G. Thin or incomplete locale page,200,"index, follow (default)","[""https://pdfpilot.net/de/pdf-teilen""]","[""/sitemaps/families/locales.xml""]",True,33,KEEP
/de/pdf-to-excel,G. Thin or duplicate locale page,de,/pdf-to-excel,200,"[""https://pdfpilot.net/de/pdf-to-excel""]","[""/sitemap.xml""]",True,True,,1970-01-01,2,G. Thin or incomplete locale page,200,"noindex, follow","[""https://pdfpilot.net/de/pdf-to-excel""]",[],False,2,NOINDEX
/de/pdf-to-pdfa,G. Thin or duplicate locale page,de,/pdf-to-pdfa,200,"[""https://pdfpilot.net/de/pdf-to-pdfa""]","[""/sitemap.xml""]",True,True,,1970-01-01,2,G. Thin or incomplete locale page,200,"noindex, follow","[""https://pdfpilot.net/de/pdf-to-pdfa""]",[],False,2,NOINDEX
/de/pdf-to-powerpoint,G. Thin or duplicate locale page,de,/pdf-to-powerpoint,200,"[""https://pdfpilot.net/de/pdf-to-powerpoint""]","[""/sitemap.xml""]",True,True,,1970-01-01,2,G. Thin or incomplete locale page,200,"noindex, follow","[""https://pdfpilot.net/de/pdf-to-powerpoint""]",[],False,2,NOINDEX
/de/pdf-to-word,G. Thin or duplicate locale page,de,/pdf-to-word,200,"[""https://pdfpilot.net/de/pdf-to-word""]","[""/sitemap.xml""]",True,True,,1970-01-01,2,G. Thin or incomplete locale page,200,"noindex, follow","[""https://pdfpilot.net/de/pdf-to-word""]",[],False,2,NOINDEX
/de/pdf-zusammenfuegen,D. Valid localized page,de,/merge-pdf,200,"[""https://pdfpilot.net/de/pdf-zusammenfuegen""]","[""/sitemap.xml""]",True,False,,1970-01-01,28,G. Thin or incomplete locale page,200,"index, follow (default)","[""https://pdfpilot.net/de/pdf-zusammenfuegen""]","[""/sitemaps/families/locales.xml""]",True,33,KEEP
/de/powerpoint-to-pdf,G. Thin or duplicate locale page,de,/powerpoint-to-pdf,200,"[""https://pdfpilot.net/de/powerpoint-to-pdf""]","[""/sitemap.xml""]",True,True,,1970-01-01,26,G. Thin or incomplete locale page,200,"noindex, follow","[""https://pdfpilot.net/de/powerpoint-to-pdf""]",[],False,31,NOINDEX
/de/rearrange-pages,E. Non-public / hidden tool,de,/rearrange-pages,404,[],[],True,True,,1970-01-01,0,E. Non-public / hidden tool,404,"noindex, nofollow",[],[],False,0,EXISTING_404
/de/repair-pdf,G. Thin or duplicate locale page,de,/repair-pdf,200,"[""https://pdfpilot.net/de/repair-pdf""]","[""/sitemap.xml""]",True,True,,1970-01-01,2,G. Thin or incomplete locale page,200,"noindex, follow","[""https://pdfpilot.net/de/repair-pdf""]",[],False,2,NOINDEX
/de/rotate-image,E. Non-public / hidden tool,de,/rotate-image,404,[],[],True,True,,1970-01-01,0,E. Non-public / hidden tool,404,"noindex, nofollow",[],[],False,0,EXISTING_404
/de/rotate-pdf,G. Thin or duplicate locale page,de,/rotate-pdf,200,"[""https://pdfpilot.net/de/rotate-pdf""]","[""/sitemap.xml""]",True,True,,1970-01-01,2,G. Thin or incomplete locale page,200,"noindex, follow","[""https://pdfpilot.net/de/rotate-pdf""]",[],False,2,NOINDEX
/de/scan-pdf,G. Thin or duplicate locale page,de,/scan-pdf,200,"[""https://pdfpilot.net/de/scan-pdf""]","[""/sitemap.xml""]",True,True,,1970-01-01,2,G. Thin or incomplete locale page,200,"noindex, follow","[""https://pdfpilot.net/de/scan-pdf""]",[],False,2,NOINDEX
/de/sql-to-json,E. Non-public / hidden tool,de,/sql-to-json,404,[],[],True,True,,1970-01-01,0,E. Non-public / hidden tool,404,"noindex, nofollow",[],[],False,0,EXISTING_404
/de/summary-generator,E. Non-public / hidden tool,de,/summary-generator,404,[],[],True,True,,1970-01-01,0,E. Non-public / hidden tool,404,"noindex, nofollow",[],[],False,0,EXISTING_404
/de/svg-to-pdf,E. Non-public / hidden tool,de,/svg-to-pdf,404,[],[],True,True,,1970-01-01,0,E. Non-public / hidden tool,404,"noindex, nofollow",[],[],False,0,EXISTING_404
/de/text-to-html,E. Non-public / hidden tool,de,/text-to-html,404,[],[],True,True,,1970-01-01,0,E. Non-public / hidden tool,404,"noindex, nofollow",[],[],False,0,EXISTING_404
/de/tsv-to-csv,E. Non-public / hidden tool,de,/tsv-to-csv,404,[],[],True,True,,1970-01-01,0,E. Non-public / hidden tool,404,"noindex, nofollow",[],[],False,0,EXISTING_404
/de/tsv-to-excel,E. Non-public / hidden tool,de,/tsv-to-excel,404,[],[],True,True,,1970-01-01,0,E. Non-public / hidden tool,404,"noindex, nofollow",[],[],False,0,EXISTING_404
/de/txt-to-pdf,E. Non-public / hidden tool,de,/txt-to-pdf,404,[],[],True,True,,1970-01-01,0,E. Non-public / hidden tool,404,"noindex, nofollow",[],[],False,0,EXISTING_404
/de/unlock-pdf,E. Non-public / hidden tool,de,/unlock-pdf,404,[],[],True,True,,1970-01-01,0,E. Non-public / hidden tool,404,"noindex, nofollow",[],[],False,0,EXISTING_404
/de/url-decode,E. Non-public / hidden tool,de,/url-decode,404,[],[],True,True,,1970-01-01,0,E. Non-public / hidden tool,404,"noindex, nofollow",[],[],False,0,EXISTING_404
/de/url-encode,E. Non-public / hidden tool,de,/url-encode,404,[],[],True,True,,1970-01-01,0,E. Non-public / hidden tool,404,"noindex, nofollow",[],[],False,0,EXISTING_404
/de/watermark-pdf,G. Thin or duplicate locale page,de,/watermark-pdf,200,"[""https://pdfpilot.net/de/watermark-pdf""]","[""/sitemap.xml""]",True,True,,1970-01-01,2,G. Thin or incomplete locale page,200,"noindex, follow","[""https://pdfpilot.net/de/watermark-pdf""]",[],False,2,NOINDEX
/de/xml-formatter,E. Non-public / hidden tool,de,/xml-formatter,404,[],[],True,True,,1970-01-01,0,E. Non-public / hidden tool,404,"noindex, nofollow",[],[],False,0,EXISTING_404
/de/xml-minifier,E. Non-public / hidden tool,de,/xml-minifier,404,[],[],True,True,,1970-01-01,0,E. Non-public / hidden tool,404,"noindex, nofollow",[],[],False,0,EXISTING_404
/de/xml-to-csv,E. Non-public / hidden tool,de,/xml-to-csv,404,[],[],True,True,,1970-01-01,0,E. Non-public / hidden tool,404,"noindex, nofollow",[],[],False,0,EXISTING_404
/de/xml-to-excel,E. Non-public / hidden tool,de,/xml-to-excel,404,[],[],True,True,,1970-01-01,0,E. Non-public / hidden tool,404,"noindex, nofollow",[],[],False,0,EXISTING_404
/de/xml-to-json,E. Non-public / hidden tool,de,/xml-to-json,404,[],[],True,True,,1970-01-01,0,E. Non-public / hidden tool,404,"noindex, nofollow",[],[],False,0,EXISTING_404
/de/xml-to-yaml,E. Non-public / hidden tool,de,/xml-to-yaml,404,[],[],True,True,,1970-01-01,0,E. Non-public / hidden tool,404,"noindex, nofollow",[],[],False,0,EXISTING_404
/de/xml-validator,E. Non-public / hidden tool,de,/xml-validator,404,[],[],True,True,,1970-01-01,0,E. Non-public / hidden tool,404,"noindex, nofollow",[],[],False,0,EXISTING_404
/de/yaml-to-json,E. Non-public / hidden tool,de,/yaml-to-json,404,[],[],True,True,,1970-01-01,0,E. Non-public / hidden tool,404,"noindex, nofollow",[],[],False,0,EXISTING_404
/de/yaml-to-xml,E. Non-public / hidden tool,de,/yaml-to-xml,404,[],[],True,True,,1970-01-01,0,E. Non-public / hidden tool,404,"noindex, nofollow",[],[],False,0,EXISTING_404
/duplicate-row-remover,E. Non-public / hidden tool,en,/duplicate-row-remover,404,[],[],True,False,,1970-01-01,0,E. Non-public / hidden tool,404,"noindex, nofollow",[],[],False,0,EXISTING_404
/edit-pdf,A. Current approved core tool,en,/edit-pdf,200,"[""https://pdfpilot.net/edit-pdf""]","[""/sitemap.xml""]",True,False,,1970-01-01,5,A. Current approved core tool,200,"index, follow (default)","[""https://pdfpilot.net/edit-pdf""]","[""/sitemaps/families/core.xml""]",True,6,KEEP
/es/add-page-numbers,G. Thin or duplicate locale page,es,/add-page-numbers,200,"[""https://pdfpilot.net/es/add-page-numbers""]","[""/sitemap.xml""]",True,True,,1970-01-01,2,G. Thin or incomplete locale page,200,"noindex, follow","[""https://pdfpilot.net/es/add-page-numbers""]",[],False,2,NOINDEX
/es/base64-decode,E. Non-public / hidden tool,es,/base64-decode,404,[],[],True,True,,1970-01-01,0,E. Non-public / hidden tool,404,"noindex, nofollow",[],[],False,0,EXISTING_404
/es/base64-encode,E. Non-public / hidden tool,es,/base64-encode,404,[],[],True,True,,1970-01-01,0,E. Non-public / hidden tool,404,"noindex, nofollow",[],[],False,0,EXISTING_404
/es/column-extractor,E. Non-public / hidden tool,es,/column-extractor,404,[],[],True,True,,1970-01-01,0,E. Non-public / hidden tool,404,"noindex, nofollow",[],[],False,0,EXISTING_404
/es/comprimir-pdf,D. Valid localized page,es,/compress-pdf,200,"[""https://pdfpilot.net/es/comprimir-pdf""]","[""/sitemap.xml""]",True,False,,1970-01-01,28,G. Thin or incomplete locale page,200,"index, follow (default)","[""https://pdfpilot.net/es/comprimir-pdf""]","[""/sitemaps/families/locales.xml""]",True,33,KEEP
/es/convert-image,E. Non-public / hidden tool,es,/convert-image,404,[],[],True,True,,1970-01-01,0,E. Non-public / hidden tool,404,"noindex, nofollow",[],[],False,0,EXISTING_404
/es/crop-image,E. Non-public / hidden tool,es,/crop-image,404,[],[],True,True,,1970-01-01,0,E. Non-public / hidden tool,404,"noindex, nofollow",[],[],False,0,EXISTING_404
/es/crop-pdf,G. Thin or duplicate locale page,es,/crop-pdf,200,"[""https://pdfpilot.net/es/crop-pdf""]","[""/sitemap.xml""]",True,True,,1970-01-01,2,G. Thin or incomplete locale page,200,"noindex, follow","[""https://pdfpilot.net/es/crop-pdf""]",[],False,2,NOINDEX
/es/csv-cleaner,E. Non-public / hidden tool,es,/csv-cleaner,404,[],[],True,True,,1970-01-01,0,E. Non-public / hidden tool,404,"noindex, nofollow",[],[],False,0,EXISTING_404
/es/csv-formatter,E. Non-public / hidden tool,es,/csv-formatter,404,[],[],True,True,,1970-01-01,0,E. Non-public / hidden tool,404,"noindex, nofollow",[],[],False,0,EXISTING_404
/es/csv-splitter,E. Non-public / hidden tool,es,/csv-splitter,404,[],[],True,True,,1970-01-01,0,E. Non-public / hidden tool,404,"noindex, nofollow",[],[],False,0,EXISTING_404
/es/csv-to-excel,E. Non-public / hidden tool,es,/csv-to-excel,404,[],[],True,True,,1970-01-01,0,E. Non-public / hidden tool,404,"noindex, nofollow",[],[],False,0,EXISTING_404
/es/csv-to-json,E. Non-public / hidden tool,es,/csv-to-json,404,[],[],True,True,,1970-01-01,0,E. Non-public / hidden tool,404,"noindex, nofollow",[],[],False,0,EXISTING_404
/es/csv-to-pdf,E. Non-public / hidden tool,es,/csv-to-pdf,404,[],[],True,True,,1970-01-01,0,E. Non-public / hidden tool,404,"noindex, nofollow",[],[],False,0,EXISTING_404
/es/csv-to-sql,E. Non-public / hidden tool,es,/csv-to-sql,404,[],[],True,True,,1970-01-01,0,E. Non-public / hidden tool,404,"noindex, nofollow",[],[],False,0,EXISTING_404
/es/csv-to-tsv,E. Non-public / hidden tool,es,/csv-to-tsv,404,[],[],True,True,,1970-01-01,0,E. Non-public / hidden tool,404,"noindex, nofollow",[],[],False,0,EXISTING_404
/es/csv-to-xml,E. Non-public / hidden tool,es,/csv-to-xml,404,[],[],True,True,,1970-01-01,0,E. Non-public / hidden tool,404,"noindex, nofollow",[],[],False,0,EXISTING_404
/es/delete-pages,G. Thin or duplicate locale page,es,/delete-pages,200,"[""https://pdfpilot.net/es/delete-pages""]","[""/sitemap.xml""]",True,True,,1970-01-01,2,G. Thin or incomplete locale page,200,"noindex, follow","[""https://pdfpilot.net/es/delete-pages""]",[],False,2,NOINDEX
/es/docx-merge,E. Non-public / hidden tool,es,/docx-merge,404,[],[],True,True,,1970-01-01,0,E. Non-public / hidden tool,404,"noindex, nofollow",[],[],False,0,EXISTING_404
/es/duplicate-pages,E. Non-public / hidden tool,es,/duplicate-pages,404,[],[],True,True,,1970-01-01,0,E. Non-public / hidden tool,404,"noindex, nofollow",[],[],False,0,EXISTING_404
/es/duplicate-row-remover,E. Non-public / hidden tool,es,/duplicate-row-remover,404,[],[],True,True,,1970-01-01,0,E. Non-public / hidden tool,404,"noindex, nofollow",[],[],False,0,EXISTING_404
/es/edit-pdf,G. Thin or duplicate locale page,es,/edit-pdf,200,"[""https://pdfpilot.net/es/edit-pdf""]","[""/sitemap.xml""]",True,True,,1970-01-01,2,G. Thin or incomplete locale page,200,"noindex, follow","[""https://pdfpilot.net/es/edit-pdf""]",[],False,2,NOINDEX
/es/excel-sheet-extractor,E. Non-public / hidden tool,es,/excel-sheet-extractor,404,[],[],True,True,,1970-01-01,0,E. Non-public / hidden tool,404,"noindex, nofollow",[],[],False,0,EXISTING_404
/es/excel-sheet-merger,E. Non-public / hidden tool,es,/excel-sheet-merger,404,[],[],True,True,,1970-01-01,0,E. Non-public / hidden tool,404,"noindex, nofollow",[],[],False,0,EXISTING_404
/es/excel-to-csv,E. Non-public / hidden tool,es,/excel-to-csv,404,[],[],True,True,,1970-01-01,0,E. Non-public / hidden tool,404,"noindex, nofollow",[],[],False,0,EXISTING_404
/es/excel-to-pdf,G. Thin or duplicate locale page,es,/excel-to-pdf,200,"[""https://pdfpilot.net/es/excel-to-pdf""]","[""/sitemap.xml""]",True,True,,1970-01-01,26,G. Thin or incomplete locale page,200,"noindex, follow","[""https://pdfpilot.net/es/excel-to-pdf""]",[],False,31,NOINDEX
/es/excel-to-tsv,E. Non-public / hidden tool,es,/excel-to-tsv,404,[],[],True,True,,1970-01-01,0,E. Non-public / hidden tool,404,"noindex, nofollow",[],[],False,0,EXISTING_404
/es/excel-to-xml,G. Thin or duplicate locale page,es,/excel-to-xml,200,"[""https://pdfpilot.net/es/excel-to-xml""]","[""/sitemap.xml""]",True,True,,1970-01-01,2,G. Thin or incomplete locale page,200,"noindex, follow","[""https://pdfpilot.net/es/excel-to-xml""]",[],False,2,NOINDEX
/es/extract-pages,G. Thin or duplicate locale page,es,/extract-pages,200,"[""https://pdfpilot.net/es/extract-pages""]","[""/sitemap.xml""]",True,True,,1970-01-01,2,G. Thin or incomplete locale page,200,"noindex, follow","[""https://pdfpilot.net/es/extract-pages""]",[],False,2,NOINDEX
/es/fill-pdf,G. Thin or duplicate locale page,es,/fill-pdf,200,"[""https://pdfpilot.net/es/fill-pdf""]","[""/sitemap.xml""]",True,True,,1970-01-01,2,G. Thin or incomplete locale page,200,"noindex, follow","[""https://pdfpilot.net/es/fill-pdf""]",[],False,2,NOINDEX
/es/flatten-pdf,E. Non-public / hidden tool,es,/flatten-pdf,404,[],[],True,True,,1970-01-01,0,E. Non-public / hidden tool,404,"noindex, nofollow",[],[],False,0,EXISTING_404
/es/heic-to-jpg,E. Non-public / hidden tool,es,/heic-to-jpg,404,[],[],True,True,,1970-01-01,0,E. Non-public / hidden tool,404,"noindex, nofollow",[],[],False,0,EXISTING_404
/es/html-to-markdown,E. Non-public / hidden tool,es,/html-to-markdown,404,[],[],True,True,,1970-01-01,0,E. Non-public / hidden tool,404,"noindex, nofollow",[],[],False,0,EXISTING_404
/es/html-to-pdf,G. Thin or duplicate locale page,es,/html-to-pdf,200,"[""https://pdfpilot.net/es/html-to-pdf""]","[""/sitemap.xml""]",True,True,,1970-01-01,2,G. Thin or incomplete locale page,200,"noindex, follow","[""https://pdfpilot.net/es/html-to-pdf""]",[],False,2,NOINDEX
/es/html-to-text,E. Non-public / hidden tool,es,/html-to-text,404,[],[],True,True,,1970-01-01,0,E. Non-public / hidden tool,404,"noindex, nofollow",[],[],False,0,EXISTING_404
/es/image-metadata,E. Non-public / hidden tool,es,/image-metadata,404,[],[],True,True,,1970-01-01,0,E. Non-public / hidden tool,404,"noindex, nofollow",[],[],False,0,EXISTING_404
/es/image-watermark,E. Non-public / hidden tool,es,/image-watermark,404,[],[],True,True,,1970-01-01,0,E. Non-public / hidden tool,404,"noindex, nofollow",[],[],False,0,EXISTING_404
/es/jpg-a-pdf,D. Valid localized page,es,/jpg-to-pdf,200,"[""https://pdfpilot.net/es/jpg-a-pdf""]","[""/sitemap.xml""]",True,False,,1970-01-01,26,G. Thin or incomplete locale page,200,"index, follow (default)","[""https://pdfpilot.net/es/jpg-a-pdf""]","[""/sitemaps/families/locales.xml""]",True,31,KEEP
/es/json-diff,E. Non-public / hidden tool,es,/json-diff,404,[],[],True,True,,1970-01-01,0,E. Non-public / hidden tool,404,"noindex, nofollow",[],[],False,0,EXISTING_404
/es/json-formatter,E. Non-public / hidden tool,es,/json-formatter,404,[],[],True,True,,1970-01-01,0,E. Non-public / hidden tool,404,"noindex, nofollow",[],[],False,0,EXISTING_404
/es/json-to-csv,E. Non-public / hidden tool,es,/json-to-csv,404,[],[],True,True,,1970-01-01,0,E. Non-public / hidden tool,404,"noindex, nofollow",[],[],False,0,EXISTING_404
/es/json-to-excel,E. Non-public / hidden tool,es,/json-to-excel,404,[],[],True,True,,1970-01-01,0,E. Non-public / hidden tool,404,"noindex, nofollow",[],[],False,0,EXISTING_404
/es/json-to-xml,E. Non-public / hidden tool,es,/json-to-xml,404,[],[],True,True,,1970-01-01,0,E. Non-public / hidden tool,404,"noindex, nofollow",[],[],False,0,EXISTING_404
/es/json-to-yaml,E. Non-public / hidden tool,es,/json-to-yaml,404,[],[],True,True,,1970-01-01,0,E. Non-public / hidden tool,404,"noindex, nofollow",[],[],False,0,EXISTING_404
/es/lock-pdf,E. Non-public / hidden tool,es,/lock-pdf,404,[],[],True,True,,1970-01-01,0,E. Non-public / hidden tool,404,"noindex, nofollow",[],[],False,0,EXISTING_404
/es/markdown-table-to-csv,E. Non-public / hidden tool,es,/markdown-table-to-csv,404,[],[],True,True,,1970-01-01,0,E. Non-public / hidden tool,404,"noindex, nofollow",[],[],False,0,EXISTING_404
/es/markdown-to-html,E. Non-public / hidden tool,es,/markdown-to-html,404,[],[],True,True,,1970-01-01,0,E. Non-public / hidden tool,404,"noindex, nofollow",[],[],False,0,EXISTING_404
/es/markdown-to-pdf,E. Non-public / hidden tool,es,/markdown-to-pdf,404,[],[],True,True,,1970-01-01,0,E. Non-public / hidden tool,404,"noindex, nofollow",[],[],False,0,EXISTING_404
/es/ocr-pdf,G. Thin or duplicate locale page,es,/ocr-pdf,200,"[""https://pdfpilot.net/es/ocr-pdf""]","[""/sitemap.xml""]",True,True,,1970-01-01,2,G. Thin or incomplete locale page,200,"noindex, follow","[""https://pdfpilot.net/es/ocr-pdf""]",[],False,2,NOINDEX
/es/pdf-a-jpg,D. Valid localized page,es,/pdf-to-jpg,200,"[""https://pdfpilot.net/es/pdf-a-jpg""]","[""/sitemap.xml""]",True,False,,1970-01-01,26,G. Thin or incomplete locale page,200,"index, follow (default)","[""https://pdfpilot.net/es/pdf-a-jpg""]","[""/sitemaps/families/locales.xml""]",True,31,KEEP
/es/pdf-metadata-editor,E. Non-public / hidden tool,es,/pdf-metadata-editor,404,[],[],True,True,,1970-01-01,0,E. Non-public / hidden tool,404,"noindex, nofollow",[],[],False,0,EXISTING_404
/es/pdf-to-excel,G. Thin or duplicate locale page,es,/pdf-to-excel,200,"[""https://pdfpilot.net/es/pdf-to-excel""]","[""/sitemap.xml""]",True,True,,1970-01-01,2,G. Thin or incomplete locale page,200,"noindex, follow","[""https://pdfpilot.net/es/pdf-to-excel""]",[],False,2,NOINDEX
/es/pdf-to-pdfa,G. Thin or duplicate locale page,es,/pdf-to-pdfa,200,"[""https://pdfpilot.net/es/pdf-to-pdfa""]","[""/sitemap.xml""]",True,True,,1970-01-01,2,G. Thin or incomplete locale page,200,"noindex, follow","[""https://pdfpilot.net/es/pdf-to-pdfa""]",[],False,2,NOINDEX
/es/pdf-to-powerpoint,G. Thin or duplicate locale page,es,/pdf-to-powerpoint,200,"[""https://pdfpilot.net/es/pdf-to-powerpoint""]","[""/sitemap.xml""]",True,True,,1970-01-01,2,G. Thin or incomplete locale page,200,"noindex, follow","[""https://pdfpilot.net/es/pdf-to-powerpoint""]",[],False,2,NOINDEX
/es/pdf-to-word,G. Thin or duplicate locale page,es,/pdf-to-word,200,"[""https://pdfpilot.net/es/pdf-to-word""]","[""/sitemap.xml""]",True,True,,1970-01-01,2,G. Thin or incomplete locale page,200,"noindex, follow","[""https://pdfpilot.net/es/pdf-to-word""]",[],False,2,NOINDEX
/es/powerpoint-to-pdf,G. Thin or duplicate locale page,es,/powerpoint-to-pdf,200,"[""https://pdfpilot.net/es/powerpoint-to-pdf""]","[""/sitemap.xml""]",True,True,,1970-01-01,26,G. Thin or incomplete locale page,200,"noindex, follow","[""https://pdfpilot.net/es/powerpoint-to-pdf""]",[],False,31,NOINDEX
/es/rearrange-pages,E. Non-public / hidden tool,es,/rearrange-pages,404,[],[],True,True,,1970-01-01,0,E. Non-public / hidden tool,404,"noindex, nofollow",[],[],False,0,EXISTING_404
/es/resize-image,E. Non-public / hidden tool,es,/resize-image,404,[],[],True,True,,1970-01-01,0,E. Non-public / hidden tool,404,"noindex, nofollow",[],[],False,0,EXISTING_404
/es/rotate-image,E. Non-public / hidden tool,es,/rotate-image,404,[],[],True,True,,1970-01-01,0,E. Non-public / hidden tool,404,"noindex, nofollow",[],[],False,0,EXISTING_404
/es/scan-pdf,G. Thin or duplicate locale page,es,/scan-pdf,200,"[""https://pdfpilot.net/es/scan-pdf""]","[""/sitemap.xml""]",True,True,,1970-01-01,2,G. Thin or incomplete locale page,200,"noindex, follow","[""https://pdfpilot.net/es/scan-pdf""]",[],False,2,NOINDEX
/es/sql-to-csv,E. Non-public / hidden tool,es,/sql-to-csv,404,[],[],True,True,,1970-01-01,0,E. Non-public / hidden tool,404,"noindex, nofollow",[],[],False,0,EXISTING_404
/es/sql-to-json,E. Non-public / hidden tool,es,/sql-to-json,404,[],[],True,True,,1970-01-01,0,E. Non-public / hidden tool,404,"noindex, nofollow",[],[],False,0,EXISTING_404
/es/summary-generator,E. Non-public / hidden tool,es,/summary-generator,404,[],[],True,True,,1970-01-01,0,E. Non-public / hidden tool,404,"noindex, nofollow",[],[],False,0,EXISTING_404
/es/svg-to-pdf,E. Non-public / hidden tool,es,/svg-to-pdf,404,[],[],True,True,,1970-01-01,0,E. Non-public / hidden tool,404,"noindex, nofollow",[],[],False,0,EXISTING_404
/es/tsv-to-csv,E. Non-public / hidden tool,es,/tsv-to-csv,404,[],[],True,True,,1970-01-01,0,E. Non-public / hidden tool,404,"noindex, nofollow",[],[],False,0,EXISTING_404
/es/tsv-to-excel,E. Non-public / hidden tool,es,/tsv-to-excel,404,[],[],True,True,,1970-01-01,0,E. Non-public / hidden tool,404,"noindex, nofollow",[],[],False,0,EXISTING_404
/es/txt-to-pdf,E. Non-public / hidden tool,es,/txt-to-pdf,404,[],[],True,True,,1970-01-01,0,E. Non-public / hidden tool,404,"noindex, nofollow",[],[],False,0,EXISTING_404
/es/unir-pdf,D. Valid localized page,es,/merge-pdf,200,"[""https://pdfpilot.net/es/unir-pdf""]","[""/sitemap.xml""]",True,False,,1970-01-01,28,G. Thin or incomplete locale page,200,"index, follow (default)","[""https://pdfpilot.net/es/unir-pdf""]","[""/sitemaps/families/locales.xml""]",True,33,KEEP
/es/unlock-pdf,E. Non-public / hidden tool,es,/unlock-pdf,404,[],[],True,True,,1970-01-01,0,E. Non-public / hidden tool,404,"noindex, nofollow",[],[],False,0,EXISTING_404
/es/url-encode,E. Non-public / hidden tool,es,/url-encode,404,[],[],True,True,,1970-01-01,0,E. Non-public / hidden tool,404,"noindex, nofollow",[],[],False,0,EXISTING_404
/es/word-to-pdf,G. Thin or duplicate locale page,es,/word-to-pdf,200,"[""https://pdfpilot.net/es/word-to-pdf""]","[""/sitemap.xml""]",True,True,,1970-01-01,26,G. Thin or incomplete locale page,200,"noindex, follow","[""https://pdfpilot.net/es/word-to-pdf""]",[],False,31,NOINDEX
/es/xml-formatter,E. Non-public / hidden tool,es,/xml-formatter,404,[],[],True,True,,1970-01-01,0,E. Non-public / hidden tool,404,"noindex, nofollow",[],[],False,0,EXISTING_404
/es/xml-minifier,E. Non-public / hidden tool,es,/xml-minifier,404,[],[],True,True,,1970-01-01,0,E. Non-public / hidden tool,404,"noindex, nofollow",[],[],False,0,EXISTING_404
/es/xml-to-excel,E. Non-public / hidden tool,es,/xml-to-excel,404,[],[],True,True,,1970-01-01,0,E. Non-public / hidden tool,404,"noindex, nofollow",[],[],False,0,EXISTING_404
/es/xml-to-json,E. Non-public / hidden tool,es,/xml-to-json,404,[],[],True,True,,1970-01-01,0,E. Non-public / hidden tool,404,"noindex, nofollow",[],[],False,0,EXISTING_404
/es/xml-to-yaml,E. Non-public / hidden tool,es,/xml-to-yaml,404,[],[],True,True,,1970-01-01,0,E. Non-public / hidden tool,404,"noindex, nofollow",[],[],False,0,EXISTING_404
/es/xml-validator,E. Non-public / hidden tool,es,/xml-validator,404,[],[],True,True,,1970-01-01,0,E. Non-public / hidden tool,404,"noindex, nofollow",[],[],False,0,EXISTING_404
/excel-sheet-extractor,E. Non-public / hidden tool,en,/excel-sheet-extractor,404,[],[],True,False,,1970-01-01,0,E. Non-public / hidden tool,404,"noindex, nofollow",[],[],False,0,EXISTING_404
/excel-sheet-merger,E. Non-public / hidden tool,en,/excel-sheet-merger,404,[],[],True,False,,1970-01-01,0,E. Non-public / hidden tool,404,"noindex, nofollow",[],[],False,0,EXISTING_404
/excel-to-json,E. Non-public / hidden tool,en,/excel-to-json,404,[],[],True,False,,1970-01-01,0,E. Non-public / hidden tool,404,"noindex, nofollow",[],[],False,0,EXISTING_404
/excel-to-tsv,E. Non-public / hidden tool,en,/excel-to-tsv,404,[],[],True,False,,1970-01-01,0,E. Non-public / hidden tool,404,"noindex, nofollow",[],[],False,0,EXISTING_404
/fr,D. Valid localized page,fr,,200,"[""https://pdfpilot.net/fr""]","[""/sitemap.xml""]",True,False,,1970-01-01,28,G. Thin or incomplete locale page,200,"index, follow (default)","[""https://pdfpilot.net/fr""]","[""/sitemaps/families/locales.xml""]",True,33,KEEP
/fr/base64-decode,E. Non-public / hidden tool,fr,/base64-decode,404,[],[],True,True,,1970-01-01,0,E. Non-public / hidden tool,404,"noindex, nofollow",[],[],False,0,EXISTING_404
/fr/base64-encode,E. Non-public / hidden tool,fr,/base64-encode,404,[],[],True,True,,1970-01-01,0,E. Non-public / hidden tool,404,"noindex, nofollow",[],[],False,0,EXISTING_404
/fr/column-extractor,E. Non-public / hidden tool,fr,/column-extractor,404,[],[],True,True,,1970-01-01,0,E. Non-public / hidden tool,404,"noindex, nofollow",[],[],False,0,EXISTING_404
/fr/compare-pdf,E. Non-public / hidden tool,fr,/compare-pdf,404,[],[],True,True,,1970-01-01,0,E. Non-public / hidden tool,404,"noindex, nofollow",[],[],False,0,EXISTING_404
/fr/compress-image,E. Non-public / hidden tool,fr,/compress-image,404,[],[],True,True,,1970-01-01,0,E. Non-public / hidden tool,404,"noindex, nofollow",[],[],False,0,EXISTING_404
/fr/compresser-pdf,D. Valid localized page,fr,/compress-pdf,200,"[""https://pdfpilot.net/fr/compresser-pdf""]","[""/sitemap.xml""]",True,False,,1970-01-01,28,G. Thin or incomplete locale page,200,"index, follow (default)","[""https://pdfpilot.net/fr/compresser-pdf""]","[""/sitemaps/families/locales.xml""]",True,33,KEEP
/fr/crop-image,E. Non-public / hidden tool,fr,/crop-image,404,[],[],True,True,,1970-01-01,0,E. Non-public / hidden tool,404,"noindex, nofollow",[],[],False,0,EXISTING_404
/fr/crop-pdf,G. Thin or duplicate locale page,fr,/crop-pdf,200,"[""https://pdfpilot.net/fr/crop-pdf""]","[""/sitemap.xml""]",True,True,,1970-01-01,2,G. Thin or incomplete locale page,200,"noindex, follow","[""https://pdfpilot.net/fr/crop-pdf""]",[],False,2,NOINDEX
/fr/csv-cleaner,E. Non-public / hidden tool,fr,/csv-cleaner,404,[],[],True,True,,1970-01-01,0,E. Non-public / hidden tool,404,"noindex, nofollow",[],[],False,0,EXISTING_404
/fr/csv-formatter,E. Non-public / hidden tool,fr,/csv-formatter,404,[],[],True,True,,1970-01-01,0,E. Non-public / hidden tool,404,"noindex, nofollow",[],[],False,0,EXISTING_404
/fr/csv-merger,E. Non-public / hidden tool,fr,/csv-merger,404,[],[],True,True,,1970-01-01,0,E. Non-public / hidden tool,404,"noindex, nofollow",[],[],False,0,EXISTING_404
/fr/csv-splitter,E. Non-public / hidden tool,fr,/csv-splitter,404,[],[],True,True,,1970-01-01,0,E. Non-public / hidden tool,404,"noindex, nofollow",[],[],False,0,EXISTING_404
/fr/csv-to-excel,E. Non-public / hidden tool,fr,/csv-to-excel,404,[],[],True,True,,1970-01-01,0,E. Non-public / hidden tool,404,"noindex, nofollow",[],[],False,0,EXISTING_404
/fr/csv-to-json,E. Non-public / hidden tool,fr,/csv-to-json,404,[],[],True,True,,1970-01-01,0,E. Non-public / hidden tool,404,"noindex, nofollow",[],[],False,0,EXISTING_404
/fr/csv-to-pdf,E. Non-public / hidden tool,fr,/csv-to-pdf,404,[],[],True,True,,1970-01-01,0,E. Non-public / hidden tool,404,"noindex, nofollow",[],[],False,0,EXISTING_404
/fr/csv-to-sql,E. Non-public / hidden tool,fr,/csv-to-sql,404,[],[],True,True,,1970-01-01,0,E. Non-public / hidden tool,404,"noindex, nofollow",[],[],False,0,EXISTING_404
/fr/delete-pages,G. Thin or duplicate locale page,fr,/delete-pages,200,"[""https://pdfpilot.net/fr/delete-pages""]","[""/sitemap.xml""]",True,True,,1970-01-01,2,G. Thin or incomplete locale page,200,"noindex, follow","[""https://pdfpilot.net/fr/delete-pages""]",[],False,2,NOINDEX
/fr/diviser-pdf,D. Valid localized page,fr,/split-pdf,200,"[""https://pdfpilot.net/fr/diviser-pdf""]","[""/sitemap.xml""]",True,False,,1970-01-01,28,G. Thin or incomplete locale page,200,"index, follow (default)","[""https://pdfpilot.net/fr/diviser-pdf""]","[""/sitemaps/families/locales.xml""]",True,33,KEEP
/fr/docx-merge,E. Non-public / hidden tool,fr,/docx-merge,404,[],[],True,True,,1970-01-01,0,E. Non-public / hidden tool,404,"noindex, nofollow",[],[],False,0,EXISTING_404
/fr/duplicate-pages,E. Non-public / hidden tool,fr,/duplicate-pages,404,[],[],True,True,,1970-01-01,0,E. Non-public / hidden tool,404,"noindex, nofollow",[],[],False,0,EXISTING_404
/fr/duplicate-row-remover,E. Non-public / hidden tool,fr,/duplicate-row-remover,404,[],[],True,True,,1970-01-01,0,E. Non-public / hidden tool,404,"noindex, nofollow",[],[],False,0,EXISTING_404
/fr/edit-pdf,G. Thin or duplicate locale page,fr,/edit-pdf,200,"[""https://pdfpilot.net/fr/edit-pdf""]","[""/sitemap.xml""]",True,True,,1970-01-01,2,G. Thin or incomplete locale page,200,"noindex, follow","[""https://pdfpilot.net/fr/edit-pdf""]",[],False,2,NOINDEX
/fr/excel-sheet-extractor,E. Non-public / hidden tool,fr,/excel-sheet-extractor,404,[],[],True,True,,1970-01-01,0,E. Non-public / hidden tool,404,"noindex, nofollow",[],[],False,0,EXISTING_404
/fr/excel-sheet-merger,E. Non-public / hidden tool,fr,/excel-sheet-merger,404,[],[],True,True,,1970-01-01,0,E. Non-public / hidden tool,404,"noindex, nofollow",[],[],False,0,EXISTING_404
/fr/excel-to-csv,E. Non-public / hidden tool,fr,/excel-to-csv,404,[],[],True,True,,1970-01-01,0,E. Non-public / hidden tool,404,"noindex, nofollow",[],[],False,0,EXISTING_404
/fr/excel-to-json,E. Non-public / hidden tool,fr,/excel-to-json,404,[],[],True,True,,1970-01-01,0,E. Non-public / hidden tool,404,"noindex, nofollow",[],[],False,0,EXISTING_404
/fr/excel-to-tsv,E. Non-public / hidden tool,fr,/excel-to-tsv,404,[],[],True,True,,1970-01-01,0,E. Non-public / hidden tool,404,"noindex, nofollow",[],[],False,0,EXISTING_404
/fr/extract-pages,G. Thin or duplicate locale page,fr,/extract-pages,200,"[""https://pdfpilot.net/fr/extract-pages""]","[""/sitemap.xml""]",True,True,,1970-01-01,2,G. Thin or incomplete locale page,200,"noindex, follow","[""https://pdfpilot.net/fr/extract-pages""]",[],False,2,NOINDEX
/fr/fill-pdf,G. Thin or duplicate locale page,fr,/fill-pdf,200,"[""https://pdfpilot.net/fr/fill-pdf""]","[""/sitemap.xml""]",True,True,,1970-01-01,2,G. Thin or incomplete locale page,200,"noindex, follow","[""https://pdfpilot.net/fr/fill-pdf""]",[],False,2,NOINDEX
/fr/fusionner-pdf,D. Valid localized page,fr,/merge-pdf,200,"[""https://pdfpilot.net/fr/fusionner-pdf""]","[""/sitemap.xml""]",True,False,,1970-01-01,28,G. Thin or incomplete locale page,200,"index, follow (default)","[""https://pdfpilot.net/fr/fusionner-pdf""]","[""/sitemaps/families/locales.xml""]",True,33,KEEP
/fr/heic-to-jpg,E. Non-public / hidden tool,fr,/heic-to-jpg,404,[],[],True,True,,1970-01-01,0,E. Non-public / hidden tool,404,"noindex, nofollow",[],[],False,0,EXISTING_404
/fr/heic-to-png,E. Non-public / hidden tool,fr,/heic-to-png,404,[],[],True,True,,1970-01-01,0,E. Non-public / hidden tool,404,"noindex, nofollow",[],[],False,0,EXISTING_404
/fr/html-to-markdown,E. Non-public / hidden tool,fr,/html-to-markdown,404,[],[],True,True,,1970-01-01,0,E. Non-public / hidden tool,404,"noindex, nofollow",[],[],False,0,EXISTING_404
/fr/html-to-pdf,G. Thin or duplicate locale page,fr,/html-to-pdf,200,"[""https://pdfpilot.net/fr/html-to-pdf""]","[""/sitemap.xml""]",True,True,,1970-01-01,2,G. Thin or incomplete locale page,200,"noindex, follow","[""https://pdfpilot.net/fr/html-to-pdf""]",[],False,2,NOINDEX
/fr/html-to-text,E. Non-public / hidden tool,fr,/html-to-text,404,[],[],True,True,,1970-01-01,0,E. Non-public / hidden tool,404,"noindex, nofollow",[],[],False,0,EXISTING_404
/fr/image-metadata,E. Non-public / hidden tool,fr,/image-metadata,404,[],[],True,True,,1970-01-01,0,E. Non-public / hidden tool,404,"noindex, nofollow",[],[],False,0,EXISTING_404
/fr/image-watermark,E. Non-public / hidden tool,fr,/image-watermark,404,[],[],True,True,,1970-01-01,0,E. Non-public / hidden tool,404,"noindex, nofollow",[],[],False,0,EXISTING_404
/fr/insert-pages,E. Non-public / hidden tool,fr,/insert-pages,404,[],[],True,True,,1970-01-01,0,E. Non-public / hidden tool,404,"noindex, nofollow",[],[],False,0,EXISTING_404
/fr/jpg-en-pdf,D. Valid localized page,fr,/jpg-to-pdf,200,"[""https://pdfpilot.net/fr/jpg-en-pdf""]","[""/sitemap.xml""]",True,False,,1970-01-01,26,G. Thin or incomplete locale page,200,"index, follow (default)","[""https://pdfpilot.net/fr/jpg-en-pdf""]","[""/sitemaps/families/locales.xml""]",True,31,KEEP
/fr/json-diff,E. Non-public / hidden tool,fr,/json-diff,404,[],[],True,True,,1970-01-01,0,E. Non-public / hidden tool,404,"noindex, nofollow",[],[],False,0,EXISTING_404
/fr/json-formatter,E. Non-public / hidden tool,fr,/json-formatter,404,[],[],True,True,,1970-01-01,0,E. Non-public / hidden tool,404,"noindex, nofollow",[],[],False,0,EXISTING_404
/fr/json-minifier,E. Non-public / hidden tool,fr,/json-minifier,404,[],[],True,True,,1970-01-01,0,E. Non-public / hidden tool,404,"noindex, nofollow",[],[],False,0,EXISTING_404
/fr/json-to-csv,E. Non-public / hidden tool,fr,/json-to-csv,404,[],[],True,True,,1970-01-01,0,E. Non-public / hidden tool,404,"noindex, nofollow",[],[],False,0,EXISTING_404
/fr/json-to-sql,E. Non-public / hidden tool,fr,/json-to-sql,404,[],[],True,True,,1970-01-01,0,E. Non-public / hidden tool,404,"noindex, nofollow",[],[],False,0,EXISTING_404
/fr/json-to-xml,E. Non-public / hidden tool,fr,/json-to-xml,404,[],[],True,True,,1970-01-01,0,E. Non-public / hidden tool,404,"noindex, nofollow",[],[],False,0,EXISTING_404
/fr/json-to-yaml,E. Non-public / hidden tool,fr,/json-to-yaml,404,[],[],True,True,,1970-01-01,0,E. Non-public / hidden tool,404,"noindex, nofollow",[],[],False,0,EXISTING_404
/fr/json-validator,E. Non-public / hidden tool,fr,/json-validator,404,[],[],True,True,,1970-01-01,0,E. Non-public / hidden tool,404,"noindex, nofollow",[],[],False,0,EXISTING_404
/fr/jwt-decode,E. Non-public / hidden tool,fr,/jwt-decode,404,[],[],True,True,,1970-01-01,0,E. Non-public / hidden tool,404,"noindex, nofollow",[],[],False,0,EXISTING_404
/fr/lock-pdf,E. Non-public / hidden tool,fr,/lock-pdf,404,[],[],True,True,,1970-01-01,0,E. Non-public / hidden tool,404,"noindex, nofollow",[],[],False,0,EXISTING_404
/fr/markdown-table-to-csv,E. Non-public / hidden tool,fr,/markdown-table-to-csv,404,[],[],True,True,,1970-01-01,0,E. Non-public / hidden tool,404,"noindex, nofollow",[],[],False,0,EXISTING_404
/fr/markdown-to-html,E. Non-public / hidden tool,fr,/markdown-to-html,404,[],[],True,True,,1970-01-01,0,E. Non-public / hidden tool,404,"noindex, nofollow",[],[],False,0,EXISTING_404
/fr/markdown-to-pdf,E. Non-public / hidden tool,fr,/markdown-to-pdf,404,[],[],True,True,,1970-01-01,0,E. Non-public / hidden tool,404,"noindex, nofollow",[],[],False,0,EXISTING_404
/fr/ocr-image,E. Non-public / hidden tool,fr,/ocr-image,404,[],[],True,True,,1970-01-01,0,E. Non-public / hidden tool,404,"noindex, nofollow",[],[],False,0,EXISTING_404
/fr/ocr-pdf,G. Thin or duplicate locale page,fr,/ocr-pdf,200,"[""https://pdfpilot.net/fr/ocr-pdf""]","[""/sitemap.xml""]",True,True,,1970-01-01,2,G. Thin or incomplete locale page,200,"noindex, follow","[""https://pdfpilot.net/fr/ocr-pdf""]",[],False,2,NOINDEX
/fr/organize-pdf,G. Thin or duplicate locale page,fr,/organize-pdf,200,"[""https://pdfpilot.net/fr/organize-pdf""]","[""/sitemap.xml""]",True,True,,1970-01-01,2,G. Thin or incomplete locale page,200,"noindex, follow","[""https://pdfpilot.net/fr/organize-pdf""]",[],False,2,NOINDEX
/fr/pdf-en-jpg,D. Valid localized page,fr,/pdf-to-jpg,200,"[""https://pdfpilot.net/fr/pdf-en-jpg""]","[""/sitemap.xml""]",True,False,,1970-01-01,26,G. Thin or incomplete locale page,200,"index, follow (default)","[""https://pdfpilot.net/fr/pdf-en-jpg""]","[""/sitemaps/families/locales.xml""]",True,31,KEEP
/fr/pdf-metadata-editor,E. Non-public / hidden tool,fr,/pdf-metadata-editor,404,[],[],True,True,,1970-01-01,0,E. Non-public / hidden tool,404,"noindex, nofollow",[],[],False,0,EXISTING_404
/fr/pdf-to-pdfa,G. Thin or duplicate locale page,fr,/pdf-to-pdfa,200,"[""https://pdfpilot.net/fr/pdf-to-pdfa""]","[""/sitemap.xml""]",True,True,,1970-01-01,2,G. Thin or incomplete locale page,200,"noindex, follow","[""https://pdfpilot.net/fr/pdf-to-pdfa""]",[],False,2,NOINDEX
/fr/pdf-to-powerpoint,G. Thin or duplicate locale page,fr,/pdf-to-powerpoint,200,"[""https://pdfpilot.net/fr/pdf-to-powerpoint""]","[""/sitemap.xml""]",True,True,,1970-01-01,2,G. Thin or incomplete locale page,200,"noindex, follow","[""https://pdfpilot.net/fr/pdf-to-powerpoint""]",[],False,2,NOINDEX
/fr/pdf-to-word,G. Thin or duplicate locale page,fr,/pdf-to-word,200,"[""https://pdfpilot.net/fr/pdf-to-word""]","[""/sitemap.xml""]",True,True,,1970-01-01,2,G. Thin or incomplete locale page,200,"noindex, follow","[""https://pdfpilot.net/fr/pdf-to-word""]",[],False,2,NOINDEX
/fr/powerpoint-to-pdf,G. Thin or duplicate locale page,fr,/powerpoint-to-pdf,200,"[""https://pdfpilot.net/fr/powerpoint-to-pdf""]","[""/sitemap.xml""]",True,True,,1970-01-01,26,G. Thin or incomplete locale page,200,"noindex, follow","[""https://pdfpilot.net/fr/powerpoint-to-pdf""]",[],False,31,NOINDEX
/fr/rearrange-pages,E. Non-public / hidden tool,fr,/rearrange-pages,404,[],[],True,True,,1970-01-01,0,E. Non-public / hidden tool,404,"noindex, nofollow",[],[],False,0,EXISTING_404
/fr/repair-pdf,G. Thin or duplicate locale page,fr,/repair-pdf,200,"[""https://pdfpilot.net/fr/repair-pdf""]","[""/sitemap.xml""]",True,True,,1970-01-01,2,G. Thin or incomplete locale page,200,"noindex, follow","[""https://pdfpilot.net/fr/repair-pdf""]",[],False,2,NOINDEX
/fr/rotate-image,E. Non-public / hidden tool,fr,/rotate-image,404,[],[],True,True,,1970-01-01,0,E. Non-public / hidden tool,404,"noindex, nofollow",[],[],False,0,EXISTING_404
/fr/rotate-pdf,G. Thin or duplicate locale page,fr,/rotate-pdf,200,"[""https://pdfpilot.net/fr/rotate-pdf""]","[""/sitemap.xml""]",True,True,,1970-01-01,2,G. Thin or incomplete locale page,200,"noindex, follow","[""https://pdfpilot.net/fr/rotate-pdf""]",[],False,2,NOINDEX
/fr/scan-pdf,G. Thin or duplicate locale page,fr,/scan-pdf,200,"[""https://pdfpilot.net/fr/scan-pdf""]","[""/sitemap.xml""]",True,True,,1970-01-01,2,G. Thin or incomplete locale page,200,"noindex, follow","[""https://pdfpilot.net/fr/scan-pdf""]",[],False,2,NOINDEX
/fr/sql-to-csv,E. Non-public / hidden tool,fr,/sql-to-csv,404,[],[],True,True,,1970-01-01,0,E. Non-public / hidden tool,404,"noindex, nofollow",[],[],False,0,EXISTING_404
/fr/sql-to-json,E. Non-public / hidden tool,fr,/sql-to-json,404,[],[],True,True,,1970-01-01,0,E. Non-public / hidden tool,404,"noindex, nofollow",[],[],False,0,EXISTING_404
/fr/summary-generator,E. Non-public / hidden tool,fr,/summary-generator,404,[],[],True,True,,1970-01-01,0,E. Non-public / hidden tool,404,"noindex, nofollow",[],[],False,0,EXISTING_404
/fr/svg-to-pdf,E. Non-public / hidden tool,fr,/svg-to-pdf,404,[],[],True,True,,1970-01-01,0,E. Non-public / hidden tool,404,"noindex, nofollow",[],[],False,0,EXISTING_404
/fr/text-to-html,E. Non-public / hidden tool,fr,/text-to-html,404,[],[],True,True,,1970-01-01,0,E. Non-public / hidden tool,404,"noindex, nofollow",[],[],False,0,EXISTING_404
/fr/tsv-to-csv,E. Non-public / hidden tool,fr,/tsv-to-csv,404,[],[],True,True,,1970-01-01,0,E. Non-public / hidden tool,404,"noindex, nofollow",[],[],False,0,EXISTING_404
/fr/tsv-to-excel,E. Non-public / hidden tool,fr,/tsv-to-excel,404,[],[],True,True,,1970-01-01,0,E. Non-public / hidden tool,404,"noindex, nofollow",[],[],False,0,EXISTING_404
/fr/unlock-pdf,E. Non-public / hidden tool,fr,/unlock-pdf,404,[],[],True,True,,1970-01-01,0,E. Non-public / hidden tool,404,"noindex, nofollow",[],[],False,0,EXISTING_404
/fr/url-decode,E. Non-public / hidden tool,fr,/url-decode,404,[],[],True,True,,1970-01-01,0,E. Non-public / hidden tool,404,"noindex, nofollow",[],[],False,0,EXISTING_404
/fr/url-encode,E. Non-public / hidden tool,fr,/url-encode,404,[],[],True,True,,1970-01-01,0,E. Non-public / hidden tool,404,"noindex, nofollow",[],[],False,0,EXISTING_404
/fr/word-to-pdf,G. Thin or duplicate locale page,fr,/word-to-pdf,200,"[""https://pdfpilot.net/fr/word-to-pdf""]","[""/sitemap.xml""]",True,True,,1970-01-01,26,G. Thin or incomplete locale page,200,"noindex, follow","[""https://pdfpilot.net/fr/word-to-pdf""]",[],False,31,NOINDEX
/fr/xml-formatter,E. Non-public / hidden tool,fr,/xml-formatter,404,[],[],True,True,,1970-01-01,0,E. Non-public / hidden tool,404,"noindex, nofollow",[],[],False,0,EXISTING_404
/fr/xml-minifier,E. Non-public / hidden tool,fr,/xml-minifier,404,[],[],True,True,,1970-01-01,0,E. Non-public / hidden tool,404,"noindex, nofollow",[],[],False,0,EXISTING_404
/fr/xml-to-csv,E. Non-public / hidden tool,fr,/xml-to-csv,404,[],[],True,True,,1970-01-01,0,E. Non-public / hidden tool,404,"noindex, nofollow",[],[],False,0,EXISTING_404
/fr/xml-to-excel,E. Non-public / hidden tool,fr,/xml-to-excel,404,[],[],True,True,,1970-01-01,0,E. Non-public / hidden tool,404,"noindex, nofollow",[],[],False,0,EXISTING_404
/fr/xml-to-json,E. Non-public / hidden tool,fr,/xml-to-json,404,[],[],True,True,,1970-01-01,0,E. Non-public / hidden tool,404,"noindex, nofollow",[],[],False,0,EXISTING_404
/fr/xml-to-yaml,E. Non-public / hidden tool,fr,/xml-to-yaml,404,[],[],True,True,,1970-01-01,0,E. Non-public / hidden tool,404,"noindex, nofollow",[],[],False,0,EXISTING_404
/fr/xml-validator,E. Non-public / hidden tool,fr,/xml-validator,404,[],[],True,True,,1970-01-01,0,E. Non-public / hidden tool,404,"noindex, nofollow",[],[],False,0,EXISTING_404
/fr/yaml-to-xml,E. Non-public / hidden tool,fr,/yaml-to-xml,404,[],[],True,True,,1970-01-01,0,E. Non-public / hidden tool,404,"noindex, nofollow",[],[],False,0,EXISTING_404
/glossary/vector-vs-raster-images,C. Valid resource/content page,en,,200,"[""https://pdfpilot.net/glossary/vector-vs-raster-images""]","[""/sitemap.xml""]",True,False,,1970-01-01,1,C. Resource/content page requiring review,200,"index, follow (default)","[""https://pdfpilot.net/glossary/vector-vs-raster-images""]","[""/sitemaps/families/resources.xml""]",True,1,KEEP
/glossary/what-is-a-rasterized-pdf,C. Valid resource/content page,en,,200,"[""https://pdfpilot.net/glossary/what-is-a-rasterized-pdf""]","[""/sitemap.xml""]",True,False,,1970-01-01,1,C. Resource/content page requiring review,200,"index, follow (default)","[""https://pdfpilot.net/glossary/what-is-a-rasterized-pdf""]","[""/sitemaps/families/resources.xml""]",True,1,KEEP
/glossary/what-is-base64-encoding,C. Valid resource/content page,en,,200,"[""https://pdfpilot.net/glossary/what-is-base64-encoding""]","[""/sitemap.xml""]",True,False,,1970-01-01,2,C. Resource/content page requiring review,200,"index, follow (default)","[""https://pdfpilot.net/glossary/what-is-base64-encoding""]","[""/sitemaps/families/resources.xml""]",True,2,KEEP
/glossary/what-is-ocr,C. Valid resource/content page,en,,200,"[""https://pdfpilot.net/glossary/what-is-ocr""]","[""/sitemap.xml""]",True,False,,1970-01-01,3,C. Resource/content page requiring review,200,"index, follow (default)","[""https://pdfpilot.net/glossary/what-is-ocr""]","[""/sitemaps/families/resources.xml""]",True,3,KEEP
/glossary/what-is-xml,C. Valid resource/content page,en,,200,"[""https://pdfpilot.net/glossary/what-is-xml""]","[""/sitemap.xml""]",True,False,,1970-01-01,2,C. Resource/content page requiring review,200,"index, follow (default)","[""https://pdfpilot.net/glossary/what-is-xml""]","[""/sitemaps/families/resources.xml""]",True,2,KEEP
/guides/how-csv-excel-xml-conversion-works,C. Valid resource/content page,en,,200,"[""https://pdfpilot.net/guides/how-csv-excel-xml-conversion-works""]","[""/sitemap.xml""]",True,False,,1970-01-01,4,C. Resource/content page requiring review,200,"index, follow (default)","[""https://pdfpilot.net/guides/how-csv-excel-xml-conversion-works""]","[""/sitemaps/families/resources.xml""]",True,4,KEEP
/guides/how-heic-photo-conversion-works,I. Comparison/resource page,en,,200,"[""https://pdfpilot.net/guides/how-heic-photo-conversion-works""]","[""/sitemap.xml""]",True,False,,1970-01-01,5,C. Resource/content page requiring review,200,"noindex, follow","[""https://pdfpilot.net/guides/how-heic-photo-conversion-works""]",[],False,5,NOINDEX
/guides/how-image-watermarking-works,I. Comparison/resource page,en,,200,"[""https://pdfpilot.net/guides/how-image-watermarking-works""]","[""/sitemap.xml""]",True,False,,1970-01-01,3,C. Resource/content page requiring review,200,"noindex, follow","[""https://pdfpilot.net/guides/how-image-watermarking-works""]",[],False,3,NOINDEX
/guides/how-json-xml-and-csv-formatting-validation-and-minifying-work,I. Comparison/resource page,en,,200,"[""https://pdfpilot.net/guides/how-json-xml-and-csv-formatting-validation-and-minifying-work""]","[""/sitemap.xml""]",True,False,,1970-01-01,2,C. Resource/content page requiring review,200,"noindex, follow","[""https://pdfpilot.net/guides/how-json-xml-and-csv-formatting-validation-and-minifying-work""]",[],False,2,NOINDEX
/guides/how-pdfpilots-data-format-tools-fit-together,I. Comparison/resource page,en,,200,"[""https://pdfpilot.net/guides/how-pdfpilots-data-format-tools-fit-together""]","[""/sitemap.xml""]",True,False,,1970-01-01,4,C. Resource/content page requiring review,200,"noindex, follow","[""https://pdfpilot.net/guides/how-pdfpilots-data-format-tools-fit-together""]",[],False,4,NOINDEX
/guides/how-text-based-files-convert-to-pdf,I. Comparison/resource page,en,,200,"[""https://pdfpilot.net/guides/how-text-based-files-convert-to-pdf""]","[""/sitemap.xml""]",True,False,,1970-01-01,2,C. Resource/content page requiring review,200,"noindex, follow","[""https://pdfpilot.net/guides/how-text-based-files-convert-to-pdf""]",[],False,2,NOINDEX
/guides/understanding-yaml-and-json,C. Valid resource/content page,en,,200,"[""https://pdfpilot.net/guides/understanding-yaml-and-json""]","[""/sitemap.xml""]",True,False,,1970-01-01,2,C. Resource/content page requiring review,200,"index, follow (default)","[""https://pdfpilot.net/guides/understanding-yaml-and-json""]","[""/sitemaps/families/resources.xml""]",True,2,KEEP
/heic-to-png,E. Non-public / hidden tool,en,/heic-to-png,404,[],[],True,False,,1970-01-01,0,E. Non-public / hidden tool,404,"noindex, nofollow",[],[],False,0,EXISTING_404
/help/can-i-choose-the-image-quality-for-pdf-to-jpg,C. Valid resource/content page,en,,200,"[""https://pdfpilot.net/help/can-i-choose-the-image-quality-for-pdf-to-jpg""]","[""/sitemap.xml""]",True,False,,1970-01-01,1,C. Resource/content page requiring review,200,"index, follow (default)","[""https://pdfpilot.net/help/can-i-choose-the-image-quality-for-pdf-to-jpg""]","[""/sitemaps/families/resources.xml""]",True,1,KEEP
/help/why-are-my-pdf-pages-different-sizes-after-converting-from-jpg,C. Valid resource/content page,en,,200,"[""https://pdfpilot.net/help/why-are-my-pdf-pages-different-sizes-after-converting-from-jpg""]","[""/sitemap.xml""]",True,False,,1970-01-01,1,C. Resource/content page requiring review,200,"index, follow (default)","[""https://pdfpilot.net/help/why-are-my-pdf-pages-different-sizes-after-converting-from-jpg""]","[""/sitemaps/families/resources.xml""]",True,1,KEEP
/help/why-cant-i-select-text-in-compressed-pdf,C. Valid resource/content page,en,,200,"[""https://pdfpilot.net/help/why-cant-i-select-text-in-compressed-pdf""]","[""/sitemap.xml""]",True,False,,1970-01-01,2,C. Resource/content page requiring review,200,"index, follow (default)","[""https://pdfpilot.net/help/why-cant-i-select-text-in-compressed-pdf""]","[""/sitemaps/families/resources.xml""]",True,2,KEEP
/help/why-did-i-get-multiple-images-from-one-pdf,C. Valid resource/content page,en,,200,"[""https://pdfpilot.net/help/why-did-i-get-multiple-images-from-one-pdf""]","[""/sitemap.xml""]",True,False,,1970-01-01,3,C. Resource/content page requiring review,200,"index, follow (default)","[""https://pdfpilot.net/help/why-did-i-get-multiple-images-from-one-pdf""]","[""/sitemaps/families/resources.xml""]",True,3,KEEP
/hi,D. Valid localized page,hi,,200,"[""https://pdfpilot.net/hi""]","[""/sitemap.xml""]",True,False,,1970-01-01,28,G. Thin or incomplete locale page,200,"index, follow (default)","[""https://pdfpilot.net/hi""]","[""/sitemaps/families/locales.xml""]",True,28,KEEP
/hi/add-page-numbers,G. Thin or duplicate locale page,hi,/add-page-numbers,200,"[""https://pdfpilot.net/hi/add-page-numbers""]","[""/sitemap.xml""]",True,True,,1970-01-01,2,G. Thin or incomplete locale page,200,"noindex, follow","[""https://pdfpilot.net/hi/add-page-numbers""]",[],False,2,NOINDEX
/hi/base64-decode,E. Non-public / hidden tool,hi,/base64-decode,404,[],[],True,True,,1970-01-01,0,E. Non-public / hidden tool,404,"noindex, nofollow",[],[],False,0,EXISTING_404
/hi/base64-encode,E. Non-public / hidden tool,hi,/base64-encode,404,[],[],True,True,,1970-01-01,0,E. Non-public / hidden tool,404,"noindex, nofollow",[],[],False,0,EXISTING_404
/hi/column-extractor,E. Non-public / hidden tool,hi,/column-extractor,404,[],[],True,True,,1970-01-01,0,E. Non-public / hidden tool,404,"noindex, nofollow",[],[],False,0,EXISTING_404
/hi/compare-pdf,E. Non-public / hidden tool,hi,/compare-pdf,404,[],[],True,True,,1970-01-01,0,E. Non-public / hidden tool,404,"noindex, nofollow",[],[],False,0,EXISTING_404
/hi/compress-image,E. Non-public / hidden tool,hi,/compress-image,404,[],[],True,True,,1970-01-01,0,E. Non-public / hidden tool,404,"noindex, nofollow",[],[],False,0,EXISTING_404
/hi/convert-image,E. Non-public / hidden tool,hi,/convert-image,404,[],[],True,True,,1970-01-01,0,E. Non-public / hidden tool,404,"noindex, nofollow",[],[],False,0,EXISTING_404
/hi/crop-image,E. Non-public / hidden tool,hi,/crop-image,404,[],[],True,True,,1970-01-01,0,E. Non-public / hidden tool,404,"noindex, nofollow",[],[],False,0,EXISTING_404
/hi/crop-pdf,G. Thin or duplicate locale page,hi,/crop-pdf,200,"[""https://pdfpilot.net/hi/crop-pdf""]","[""/sitemap.xml""]",True,True,,1970-01-01,2,G. Thin or incomplete locale page,200,"noindex, follow","[""https://pdfpilot.net/hi/crop-pdf""]",[],False,2,NOINDEX
/hi/csv-cleaner,E. Non-public / hidden tool,hi,/csv-cleaner,404,[],[],True,True,,1970-01-01,0,E. Non-public / hidden tool,404,"noindex, nofollow",[],[],False,0,EXISTING_404
/hi/csv-formatter,E. Non-public / hidden tool,hi,/csv-formatter,404,[],[],True,True,,1970-01-01,0,E. Non-public / hidden tool,404,"noindex, nofollow",[],[],False,0,EXISTING_404
/hi/csv-merger,E. Non-public / hidden tool,hi,/csv-merger,404,[],[],True,True,,1970-01-01,0,E. Non-public / hidden tool,404,"noindex, nofollow",[],[],False,0,EXISTING_404
/hi/csv-splitter,E. Non-public / hidden tool,hi,/csv-splitter,404,[],[],True,True,,1970-01-01,0,E. Non-public / hidden tool,404,"noindex, nofollow",[],[],False,0,EXISTING_404
/hi/csv-to-excel,E. Non-public / hidden tool,hi,/csv-to-excel,404,[],[],True,True,,1970-01-01,0,E. Non-public / hidden tool,404,"noindex, nofollow",[],[],False,0,EXISTING_404
/hi/csv-to-markdown-table,E. Non-public / hidden tool,hi,/csv-to-markdown-table,404,[],[],True,True,,1970-01-01,0,E. Non-public / hidden tool,404,"noindex, nofollow",[],[],False,0,EXISTING_404
/hi/csv-to-pdf,E. Non-public / hidden tool,hi,/csv-to-pdf,404,[],[],True,True,,1970-01-01,0,E. Non-public / hidden tool,404,"noindex, nofollow",[],[],False,0,EXISTING_404
/hi/csv-to-tsv,E. Non-public / hidden tool,hi,/csv-to-tsv,404,[],[],True,True,,1970-01-01,0,E. Non-public / hidden tool,404,"noindex, nofollow",[],[],False,0,EXISTING_404
/hi/csv-to-xml,E. Non-public / hidden tool,hi,/csv-to-xml,404,[],[],True,True,,1970-01-01,0,E. Non-public / hidden tool,404,"noindex, nofollow",[],[],False,0,EXISTING_404
/hi/delete-pages,G. Thin or duplicate locale page,hi,/delete-pages,200,"[""https://pdfpilot.net/hi/delete-pages""]","[""/sitemap.xml""]",True,True,,1970-01-01,2,G. Thin or incomplete locale page,200,"noindex, follow","[""https://pdfpilot.net/hi/delete-pages""]",[],False,2,NOINDEX
/hi/docx-merge,E. Non-public / hidden tool,hi,/docx-merge,404,[],[],True,True,,1970-01-01,0,E. Non-public / hidden tool,404,"noindex, nofollow",[],[],False,0,EXISTING_404
/hi/duplicate-row-remover,E. Non-public / hidden tool,hi,/duplicate-row-remover,404,[],[],True,True,,1970-01-01,0,E. Non-public / hidden tool,404,"noindex, nofollow",[],[],False,0,EXISTING_404
/hi/edit-pdf,G. Thin or duplicate locale page,hi,/edit-pdf,200,"[""https://pdfpilot.net/hi/edit-pdf""]","[""/sitemap.xml""]",True,True,,1970-01-01,2,G. Thin or incomplete locale page,200,"noindex, follow","[""https://pdfpilot.net/hi/edit-pdf""]",[],False,2,NOINDEX
/hi/excel-sheet-extractor,E. Non-public / hidden tool,hi,/excel-sheet-extractor,404,[],[],True,True,,1970-01-01,0,E. Non-public / hidden tool,404,"noindex, nofollow",[],[],False,0,EXISTING_404
/hi/excel-sheet-merger,E. Non-public / hidden tool,hi,/excel-sheet-merger,404,[],[],True,True,,1970-01-01,0,E. Non-public / hidden tool,404,"noindex, nofollow",[],[],False,0,EXISTING_404
/hi/excel-to-csv,E. Non-public / hidden tool,hi,/excel-to-csv,404,[],[],True,True,,1970-01-01,0,E. Non-public / hidden tool,404,"noindex, nofollow",[],[],False,0,EXISTING_404
/hi/excel-to-json,E. Non-public / hidden tool,hi,/excel-to-json,404,[],[],True,True,,1970-01-01,0,E. Non-public / hidden tool,404,"noindex, nofollow",[],[],False,0,EXISTING_404
/hi/excel-to-pdf,G. Thin or duplicate locale page,hi,/excel-to-pdf,200,"[""https://pdfpilot.net/hi/excel-to-pdf""]","[""/sitemap.xml""]",True,True,,1970-01-01,26,G. Thin or incomplete locale page,200,"noindex, follow","[""https://pdfpilot.net/hi/excel-to-pdf""]",[],False,26,NOINDEX
/hi/excel-to-tsv,E. Non-public / hidden tool,hi,/excel-to-tsv,404,[],[],True,True,,1970-01-01,0,E. Non-public / hidden tool,404,"noindex, nofollow",[],[],False,0,EXISTING_404
/hi/excel-to-xml,G. Thin or duplicate locale page,hi,/excel-to-xml,200,"[""https://pdfpilot.net/hi/excel-to-xml""]","[""/sitemap.xml""]",True,True,,1970-01-01,2,G. Thin or incomplete locale page,200,"noindex, follow","[""https://pdfpilot.net/hi/excel-to-xml""]",[],False,2,NOINDEX
/hi/extract-pages,G. Thin or duplicate locale page,hi,/extract-pages,200,"[""https://pdfpilot.net/hi/extract-pages""]","[""/sitemap.xml""]",True,True,,1970-01-01,2,G. Thin or incomplete locale page,200,"noindex, follow","[""https://pdfpilot.net/hi/extract-pages""]",[],False,2,NOINDEX
/hi/fill-pdf,G. Thin or duplicate locale page,hi,/fill-pdf,200,"[""https://pdfpilot.net/hi/fill-pdf""]","[""/sitemap.xml""]",True,True,,1970-01-01,2,G. Thin or incomplete locale page,200,"noindex, follow","[""https://pdfpilot.net/hi/fill-pdf""]",[],False,2,NOINDEX
/hi/heic-to-jpg,E. Non-public / hidden tool,hi,/heic-to-jpg,404,[],[],True,True,,1970-01-01,0,E. Non-public / hidden tool,404,"noindex, nofollow",[],[],False,0,EXISTING_404
/hi/heic-to-png,E. Non-public / hidden tool,hi,/heic-to-png,404,[],[],True,True,,1970-01-01,0,E. Non-public / hidden tool,404,"noindex, nofollow",[],[],False,0,EXISTING_404
/hi/html-to-markdown,E. Non-public / hidden tool,hi,/html-to-markdown,404,[],[],True,True,,1970-01-01,0,E. Non-public / hidden tool,404,"noindex, nofollow",[],[],False,0,EXISTING_404
/hi/html-to-pdf,G. Thin or duplicate locale page,hi,/html-to-pdf,200,"[""https://pdfpilot.net/hi/html-to-pdf""]","[""/sitemap.xml""]",True,True,,1970-01-01,2,G. Thin or incomplete locale page,200,"noindex, follow","[""https://pdfpilot.net/hi/html-to-pdf""]",[],False,2,NOINDEX
/hi/html-to-text,E. Non-public / hidden tool,hi,/html-to-text,404,[],[],True,True,,1970-01-01,0,E. Non-public / hidden tool,404,"noindex, nofollow",[],[],False,0,EXISTING_404
/hi/image-metadata,E. Non-public / hidden tool,hi,/image-metadata,404,[],[],True,True,,1970-01-01,0,E. Non-public / hidden tool,404,"noindex, nofollow",[],[],False,0,EXISTING_404
/hi/jpg-to-pdf,D. Valid localized page,hi,/jpg-to-pdf,200,"[""https://pdfpilot.net/hi/jpg-to-pdf""]","[""/sitemap.xml""]",True,False,,1970-01-01,26,G. Thin or incomplete locale page,200,"index, follow (default)","[""https://pdfpilot.net/hi/jpg-to-pdf""]","[""/sitemaps/families/locales.xml""]",True,26,KEEP
/hi/json-diff,E. Non-public / hidden tool,hi,/json-diff,404,[],[],True,True,,1970-01-01,0,E. Non-public / hidden tool,404,"noindex, nofollow",[],[],False,0,EXISTING_404
/hi/json-formatter,E. Non-public / hidden tool,hi,/json-formatter,404,[],[],True,True,,1970-01-01,0,E. Non-public / hidden tool,404,"noindex, nofollow",[],[],False,0,EXISTING_404
/hi/json-minifier,E. Non-public / hidden tool,hi,/json-minifier,404,[],[],True,True,,1970-01-01,0,E. Non-public / hidden tool,404,"noindex, nofollow",[],[],False,0,EXISTING_404
/hi/json-to-csv,E. Non-public / hidden tool,hi,/json-to-csv,404,[],[],True,True,,1970-01-01,0,E. Non-public / hidden tool,404,"noindex, nofollow",[],[],False,0,EXISTING_404
/hi/json-to-excel,E. Non-public / hidden tool,hi,/json-to-excel,404,[],[],True,True,,1970-01-01,0,E. Non-public / hidden tool,404,"noindex, nofollow",[],[],False,0,EXISTING_404
/hi/json-to-sql,E. Non-public / hidden tool,hi,/json-to-sql,404,[],[],True,True,,1970-01-01,0,E. Non-public / hidden tool,404,"noindex, nofollow",[],[],False,0,EXISTING_404
/hi/json-to-xml,E. Non-public / hidden tool,hi,/json-to-xml,404,[],[],True,True,,1970-01-01,0,E. Non-public / hidden tool,404,"noindex, nofollow",[],[],False,0,EXISTING_404
/hi/json-to-yaml,E. Non-public / hidden tool,hi,/json-to-yaml,404,[],[],True,True,,1970-01-01,0,E. Non-public / hidden tool,404,"noindex, nofollow",[],[],False,0,EXISTING_404
/hi/json-validator,E. Non-public / hidden tool,hi,/json-validator,404,[],[],True,True,,1970-01-01,0,E. Non-public / hidden tool,404,"noindex, nofollow",[],[],False,0,EXISTING_404
/hi/lock-pdf,E. Non-public / hidden tool,hi,/lock-pdf,404,[],[],True,True,,1970-01-01,0,E. Non-public / hidden tool,404,"noindex, nofollow",[],[],False,0,EXISTING_404
/hi/markdown-table-to-csv,E. Non-public / hidden tool,hi,/markdown-table-to-csv,404,[],[],True,True,,1970-01-01,0,E. Non-public / hidden tool,404,"noindex, nofollow",[],[],False,0,EXISTING_404
/hi/markdown-to-html,E. Non-public / hidden tool,hi,/markdown-to-html,404,[],[],True,True,,1970-01-01,0,E. Non-public / hidden tool,404,"noindex, nofollow",[],[],False,0,EXISTING_404
/hi/markdown-to-pdf,E. Non-public / hidden tool,hi,/markdown-to-pdf,404,[],[],True,True,,1970-01-01,0,E. Non-public / hidden tool,404,"noindex, nofollow",[],[],False,0,EXISTING_404
/hi/merge-pdf,D. Valid localized page,hi,/merge-pdf,200,"[""https://pdfpilot.net/hi/merge-pdf""]","[""/sitemap.xml""]",True,False,,1970-01-01,28,G. Thin or incomplete locale page,200,"index, follow (default)","[""https://pdfpilot.net/hi/merge-pdf""]","[""/sitemaps/families/locales.xml""]",True,28,KEEP
/hi/ocr-image,E. Non-public / hidden tool,hi,/ocr-image,404,[],[],True,True,,1970-01-01,0,E. Non-public / hidden tool,404,"noindex, nofollow",[],[],False,0,EXISTING_404
/hi/ocr-pdf,G. Thin or duplicate locale page,hi,/ocr-pdf,200,"[""https://pdfpilot.net/hi/ocr-pdf""]","[""/sitemap.xml""]",True,True,,1970-01-01,2,G. Thin or incomplete locale page,200,"noindex, follow","[""https://pdfpilot.net/hi/ocr-pdf""]",[],False,2,NOINDEX
/hi/organize-pdf,G. Thin or duplicate locale page,hi,/organize-pdf,200,"[""https://pdfpilot.net/hi/organize-pdf""]","[""/sitemap.xml""]",True,True,,1970-01-01,2,G. Thin or incomplete locale page,200,"noindex, follow","[""https://pdfpilot.net/hi/organize-pdf""]",[],False,2,NOINDEX
/hi/pdf-metadata-editor,E. Non-public / hidden tool,hi,/pdf-metadata-editor,404,[],[],True,True,,1970-01-01,0,E. Non-public / hidden tool,404,"noindex, nofollow",[],[],False,0,EXISTING_404
/hi/pdf-to-excel,G. Thin or duplicate locale page,hi,/pdf-to-excel,200,"[""https://pdfpilot.net/hi/pdf-to-excel""]","[""/sitemap.xml""]",True,True,,1970-01-01,2,G. Thin or incomplete locale page,200,"noindex, follow","[""https://pdfpilot.net/hi/pdf-to-excel""]",[],False,2,NOINDEX
/hi/pdf-to-jpg,D. Valid localized page,hi,/pdf-to-jpg,200,"[""https://pdfpilot.net/hi/pdf-to-jpg""]","[""/sitemap.xml""]",True,False,,1970-01-01,26,G. Thin or incomplete locale page,200,"index, follow (default)","[""https://pdfpilot.net/hi/pdf-to-jpg""]","[""/sitemaps/families/locales.xml""]",True,26,KEEP
/hi/pdf-to-pdfa,G. Thin or duplicate locale page,hi,/pdf-to-pdfa,200,"[""https://pdfpilot.net/hi/pdf-to-pdfa""]","[""/sitemap.xml""]",True,True,,1970-01-01,2,G. Thin or incomplete locale page,200,"noindex, follow","[""https://pdfpilot.net/hi/pdf-to-pdfa""]",[],False,2,NOINDEX
/hi/pdf-to-powerpoint,G. Thin or duplicate locale page,hi,/pdf-to-powerpoint,200,"[""https://pdfpilot.net/hi/pdf-to-powerpoint""]","[""/sitemap.xml""]",True,True,,1970-01-01,2,G. Thin or incomplete locale page,200,"noindex, follow","[""https://pdfpilot.net/hi/pdf-to-powerpoint""]",[],False,2,NOINDEX
/hi/pdf-to-word,G. Thin or duplicate locale page,hi,/pdf-to-word,200,"[""https://pdfpilot.net/hi/pdf-to-word""]","[""/sitemap.xml""]",True,True,,1970-01-01,2,G. Thin or incomplete locale page,200,"noindex, follow","[""https://pdfpilot.net/hi/pdf-to-word""]",[],False,2,NOINDEX
/hi/powerpoint-to-pdf,G. Thin or duplicate locale page,hi,/powerpoint-to-pdf,200,"[""https://pdfpilot.net/hi/powerpoint-to-pdf""]","[""/sitemap.xml""]",True,True,,1970-01-01,26,G. Thin or incomplete locale page,200,"noindex, follow","[""https://pdfpilot.net/hi/powerpoint-to-pdf""]",[],False,26,NOINDEX
/hi/rearrange-pages,E. Non-public / hidden tool,hi,/rearrange-pages,404,[],[],True,True,,1970-01-01,0,E. Non-public / hidden tool,404,"noindex, nofollow",[],[],False,0,EXISTING_404
/hi/repair-pdf,G. Thin or duplicate locale page,hi,/repair-pdf,200,"[""https://pdfpilot.net/hi/repair-pdf""]","[""/sitemap.xml""]",True,True,,1970-01-01,2,G. Thin or incomplete locale page,200,"noindex, follow","[""https://pdfpilot.net/hi/repair-pdf""]",[],False,2,NOINDEX
/hi/resize-image,E. Non-public / hidden tool,hi,/resize-image,404,[],[],True,True,,1970-01-01,0,E. Non-public / hidden tool,404,"noindex, nofollow",[],[],False,0,EXISTING_404
/hi/rotate-image,E. Non-public / hidden tool,hi,/rotate-image,404,[],[],True,True,,1970-01-01,0,E. Non-public / hidden tool,404,"noindex, nofollow",[],[],False,0,EXISTING_404
/hi/rotate-pdf,G. Thin or duplicate locale page,hi,/rotate-pdf,200,"[""https://pdfpilot.net/hi/rotate-pdf""]","[""/sitemap.xml""]",True,True,,1970-01-01,2,G. Thin or incomplete locale page,200,"noindex, follow","[""https://pdfpilot.net/hi/rotate-pdf""]",[],False,2,NOINDEX
/hi/split-pdf,D. Valid localized page,hi,/split-pdf,200,"[""https://pdfpilot.net/hi/split-pdf""]","[""/sitemap.xml""]",True,False,,1970-01-01,28,G. Thin or incomplete locale page,200,"index, follow (default)","[""https://pdfpilot.net/hi/split-pdf""]","[""/sitemaps/families/locales.xml""]",True,28,KEEP
/hi/sql-to-csv,E. Non-public / hidden tool,hi,/sql-to-csv,404,[],[],True,True,,1970-01-01,0,E. Non-public / hidden tool,404,"noindex, nofollow",[],[],False,0,EXISTING_404
/hi/sql-to-json,E. Non-public / hidden tool,hi,/sql-to-json,404,[],[],True,True,,1970-01-01,0,E. Non-public / hidden tool,404,"noindex, nofollow",[],[],False,0,EXISTING_404
/hi/summary-generator,E. Non-public / hidden tool,hi,/summary-generator,404,[],[],True,True,,1970-01-01,0,E. Non-public / hidden tool,404,"noindex, nofollow",[],[],False,0,EXISTING_404
/hi/svg-to-pdf,E. Non-public / hidden tool,hi,/svg-to-pdf,404,[],[],True,True,,1970-01-01,0,E. Non-public / hidden tool,404,"noindex, nofollow",[],[],False,0,EXISTING_404
/hi/text-to-html,E. Non-public / hidden tool,hi,/text-to-html,404,[],[],True,True,,1970-01-01,0,E. Non-public / hidden tool,404,"noindex, nofollow",[],[],False,0,EXISTING_404
/hi/tsv-to-csv,E. Non-public / hidden tool,hi,/tsv-to-csv,404,[],[],True,True,,1970-01-01,0,E. Non-public / hidden tool,404,"noindex, nofollow",[],[],False,0,EXISTING_404
/hi/txt-to-pdf,E. Non-public / hidden tool,hi,/txt-to-pdf,404,[],[],True,True,,1970-01-01,0,E. Non-public / hidden tool,404,"noindex, nofollow",[],[],False,0,EXISTING_404
/hi/unlock-pdf,E. Non-public / hidden tool,hi,/unlock-pdf,404,[],[],True,True,,1970-01-01,0,E. Non-public / hidden tool,404,"noindex, nofollow",[],[],False,0,EXISTING_404
/hi/url-decode,E. Non-public / hidden tool,hi,/url-decode,404,[],[],True,True,,1970-01-01,0,E. Non-public / hidden tool,404,"noindex, nofollow",[],[],False,0,EXISTING_404
/hi/url-encode,E. Non-public / hidden tool,hi,/url-encode,404,[],[],True,True,,1970-01-01,0,E. Non-public / hidden tool,404,"noindex, nofollow",[],[],False,0,EXISTING_404
/hi/watermark-pdf,G. Thin or duplicate locale page,hi,/watermark-pdf,200,"[""https://pdfpilot.net/hi/watermark-pdf""]","[""/sitemap.xml""]",True,True,,1970-01-01,2,G. Thin or incomplete locale page,200,"noindex, follow","[""https://pdfpilot.net/hi/watermark-pdf""]",[],False,2,NOINDEX
/hi/xml-formatter,E. Non-public / hidden tool,hi,/xml-formatter,404,[],[],True,True,,1970-01-01,0,E. Non-public / hidden tool,404,"noindex, nofollow",[],[],False,0,EXISTING_404
/hi/xml-minifier,E. Non-public / hidden tool,hi,/xml-minifier,404,[],[],True,True,,1970-01-01,0,E. Non-public / hidden tool,404,"noindex, nofollow",[],[],False,0,EXISTING_404
/hi/xml-to-excel,E. Non-public / hidden tool,hi,/xml-to-excel,404,[],[],True,True,,1970-01-01,0,E. Non-public / hidden tool,404,"noindex, nofollow",[],[],False,0,EXISTING_404
/hi/xml-to-yaml,E. Non-public / hidden tool,hi,/xml-to-yaml,404,[],[],True,True,,1970-01-01,0,E. Non-public / hidden tool,404,"noindex, nofollow",[],[],False,0,EXISTING_404
/hi/xml-validator,E. Non-public / hidden tool,hi,/xml-validator,404,[],[],True,True,,1970-01-01,0,E. Non-public / hidden tool,404,"noindex, nofollow",[],[],False,0,EXISTING_404
/hi/yaml-to-xml,E. Non-public / hidden tool,hi,/yaml-to-xml,404,[],[],True,True,,1970-01-01,0,E. Non-public / hidden tool,404,"noindex, nofollow",[],[],False,0,EXISTING_404
/html-to-markdown,E. Non-public / hidden tool,en,/html-to-markdown,404,[],[],True,False,,1970-01-01,0,E. Non-public / hidden tool,404,"noindex, nofollow",[],[],False,0,EXISTING_404
/html-to-text,E. Non-public / hidden tool,en,/html-to-text,404,[],[],True,False,,1970-01-01,0,E. Non-public / hidden tool,404,"noindex, nofollow",[],[],False,0,EXISTING_404
/id,D. Valid localized page,id,,200,"[""https://pdfpilot.net/id""]","[""/sitemap.xml""]",True,False,,1970-01-01,28,G. Thin or incomplete locale page,200,"index, follow (default)","[""https://pdfpilot.net/id""]","[""/sitemaps/families/locales.xml""]",True,33,KEEP
/id/add-page-numbers,G. Thin or duplicate locale page,id,/add-page-numbers,200,"[""https://pdfpilot.net/id/add-page-numbers""]","[""/sitemap.xml""]",True,True,,1970-01-01,2,G. Thin or incomplete locale page,200,"noindex, follow","[""https://pdfpilot.net/id/add-page-numbers""]",[],False,2,NOINDEX
/id/column-extractor,E. Non-public / hidden tool,id,/column-extractor,404,[],[],True,True,,1970-01-01,0,E. Non-public / hidden tool,404,"noindex, nofollow",[],[],False,0,EXISTING_404
/id/compress-image,E. Non-public / hidden tool,id,/compress-image,404,[],[],True,True,,1970-01-01,0,E. Non-public / hidden tool,404,"noindex, nofollow",[],[],False,0,EXISTING_404
/id/crop-image,E. Non-public / hidden tool,id,/crop-image,404,[],[],True,True,,1970-01-01,0,E. Non-public / hidden tool,404,"noindex, nofollow",[],[],False,0,EXISTING_404
/id/crop-pdf,G. Thin or duplicate locale page,id,/crop-pdf,200,"[""https://pdfpilot.net/id/crop-pdf""]","[""/sitemap.xml""]",True,True,,1970-01-01,2,G. Thin or incomplete locale page,200,"noindex, follow","[""https://pdfpilot.net/id/crop-pdf""]",[],False,2,NOINDEX
/id/csv-cleaner,E. Non-public / hidden tool,id,/csv-cleaner,404,[],[],True,True,,1970-01-01,0,E. Non-public / hidden tool,404,"noindex, nofollow",[],[],False,0,EXISTING_404
/id/csv-formatter,E. Non-public / hidden tool,id,/csv-formatter,404,[],[],True,True,,1970-01-01,0,E. Non-public / hidden tool,404,"noindex, nofollow",[],[],False,0,EXISTING_404
/id/csv-merger,E. Non-public / hidden tool,id,/csv-merger,404,[],[],True,True,,1970-01-01,0,E. Non-public / hidden tool,404,"noindex, nofollow",[],[],False,0,EXISTING_404
/id/csv-splitter,E. Non-public / hidden tool,id,/csv-splitter,404,[],[],True,True,,1970-01-01,0,E. Non-public / hidden tool,404,"noindex, nofollow",[],[],False,0,EXISTING_404
/id/csv-to-excel,E. Non-public / hidden tool,id,/csv-to-excel,404,[],[],True,True,,1970-01-01,0,E. Non-public / hidden tool,404,"noindex, nofollow",[],[],False,0,EXISTING_404
/id/csv-to-json,E. Non-public / hidden tool,id,/csv-to-json,404,[],[],True,True,,1970-01-01,0,E. Non-public / hidden tool,404,"noindex, nofollow",[],[],False,0,EXISTING_404
/id/csv-to-pdf,E. Non-public / hidden tool,id,/csv-to-pdf,404,[],[],True,True,,1970-01-01,0,E. Non-public / hidden tool,404,"noindex, nofollow",[],[],False,0,EXISTING_404
/id/csv-to-sql,E. Non-public / hidden tool,id,/csv-to-sql,404,[],[],True,True,,1970-01-01,0,E. Non-public / hidden tool,404,"noindex, nofollow",[],[],False,0,EXISTING_404
/id/csv-to-xml,E. Non-public / hidden tool,id,/csv-to-xml,404,[],[],True,True,,1970-01-01,0,E. Non-public / hidden tool,404,"noindex, nofollow",[],[],False,0,EXISTING_404
/id/duplicate-pages,E. Non-public / hidden tool,id,/duplicate-pages,404,[],[],True,True,,1970-01-01,0,E. Non-public / hidden tool,404,"noindex, nofollow",[],[],False,0,EXISTING_404
/id/duplicate-row-remover,E. Non-public / hidden tool,id,/duplicate-row-remover,404,[],[],True,True,,1970-01-01,0,E. Non-public / hidden tool,404,"noindex, nofollow",[],[],False,0,EXISTING_404
/id/edit-pdf,G. Thin or duplicate locale page,id,/edit-pdf,200,"[""https://pdfpilot.net/id/edit-pdf""]","[""/sitemap.xml""]",True,True,,1970-01-01,2,G. Thin or incomplete locale page,200,"noindex, follow","[""https://pdfpilot.net/id/edit-pdf""]",[],False,2,NOINDEX
/id/excel-sheet-extractor,E. Non-public / hidden tool,id,/excel-sheet-extractor,404,[],[],True,True,,1970-01-01,0,E. Non-public / hidden tool,404,"noindex, nofollow",[],[],False,0,EXISTING_404
/id/excel-sheet-merger,E. Non-public / hidden tool,id,/excel-sheet-merger,404,[],[],True,True,,1970-01-01,0,E. Non-public / hidden tool,404,"noindex, nofollow",[],[],False,0,EXISTING_404
/id/excel-to-json,E. Non-public / hidden tool,id,/excel-to-json,404,[],[],True,True,,1970-01-01,0,E. Non-public / hidden tool,404,"noindex, nofollow",[],[],False,0,EXISTING_404
/id/excel-to-pdf,G. Thin or duplicate locale page,id,/excel-to-pdf,200,"[""https://pdfpilot.net/id/excel-to-pdf""]","[""/sitemap.xml""]",True,True,,1970-01-01,26,G. Thin or incomplete locale page,200,"noindex, follow","[""https://pdfpilot.net/id/excel-to-pdf""]",[],False,31,NOINDEX
/id/excel-to-xml,G. Thin or duplicate locale page,id,/excel-to-xml,200,"[""https://pdfpilot.net/id/excel-to-xml""]","[""/sitemap.xml""]",True,True,,1970-01-01,2,G. Thin or incomplete locale page,200,"noindex, follow","[""https://pdfpilot.net/id/excel-to-xml""]",[],False,2,NOINDEX
/id/extract-pages,G. Thin or duplicate locale page,id,/extract-pages,200,"[""https://pdfpilot.net/id/extract-pages""]","[""/sitemap.xml""]",True,True,,1970-01-01,2,G. Thin or incomplete locale page,200,"noindex, follow","[""https://pdfpilot.net/id/extract-pages""]",[],False,2,NOINDEX
/id/fill-pdf,G. Thin or duplicate locale page,id,/fill-pdf,200,"[""https://pdfpilot.net/id/fill-pdf""]","[""/sitemap.xml""]",True,True,,1970-01-01,2,G. Thin or incomplete locale page,200,"noindex, follow","[""https://pdfpilot.net/id/fill-pdf""]",[],False,2,NOINDEX
/id/flatten-pdf,E. Non-public / hidden tool,id,/flatten-pdf,404,[],[],True,True,,1970-01-01,0,E. Non-public / hidden tool,404,"noindex, nofollow",[],[],False,0,EXISTING_404
/id/gabungkan-pdf,D. Valid localized page,id,/merge-pdf,200,"[""https://pdfpilot.net/id/gabungkan-pdf""]","[""/sitemap.xml""]",True,False,,1970-01-01,28,G. Thin or incomplete locale page,200,"index, follow (default)","[""https://pdfpilot.net/id/gabungkan-pdf""]","[""/sitemaps/families/locales.xml""]",True,33,KEEP
/id/heic-to-png,E. Non-public / hidden tool,id,/heic-to-png,404,[],[],True,True,,1970-01-01,0,E. Non-public / hidden tool,404,"noindex, nofollow",[],[],False,0,EXISTING_404
/id/html-to-markdown,E. Non-public / hidden tool,id,/html-to-markdown,404,[],[],True,True,,1970-01-01,0,E. Non-public / hidden tool,404,"noindex, nofollow",[],[],False,0,EXISTING_404
/id/html-to-pdf,G. Thin or duplicate locale page,id,/html-to-pdf,200,"[""https://pdfpilot.net/id/html-to-pdf""]","[""/sitemap.xml""]",True,True,,1970-01-01,2,G. Thin or incomplete locale page,200,"noindex, follow","[""https://pdfpilot.net/id/html-to-pdf""]",[],False,2,NOINDEX
/id/html-to-text,E. Non-public / hidden tool,id,/html-to-text,404,[],[],True,True,,1970-01-01,0,E. Non-public / hidden tool,404,"noindex, nofollow",[],[],False,0,EXISTING_404
/id/image-watermark,E. Non-public / hidden tool,id,/image-watermark,404,[],[],True,True,,1970-01-01,0,E. Non-public / hidden tool,404,"noindex, nofollow",[],[],False,0,EXISTING_404
/id/insert-pages,E. Non-public / hidden tool,id,/insert-pages,404,[],[],True,True,,1970-01-01,0,E. Non-public / hidden tool,404,"noindex, nofollow",[],[],False,0,EXISTING_404
/id/jpg-ke-pdf,D. Valid localized page,id,/jpg-to-pdf,200,"[""https://pdfpilot.net/id/jpg-ke-pdf""]","[""/sitemap.xml""]",True,False,,1970-01-01,26,G. Thin or incomplete locale page,200,"index, follow (default)","[""https://pdfpilot.net/id/jpg-ke-pdf""]","[""/sitemaps/families/locales.xml""]",True,31,KEEP
/id/json-formatter,E. Non-public / hidden tool,id,/json-formatter,404,[],[],True,True,,1970-01-01,0,E. Non-public / hidden tool,404,"noindex, nofollow",[],[],False,0,EXISTING_404
/id/json-minifier,E. Non-public / hidden tool,id,/json-minifier,404,[],[],True,True,,1970-01-01,0,E. Non-public / hidden tool,404,"noindex, nofollow",[],[],False,0,EXISTING_404
/id/json-to-csv,E. Non-public / hidden tool,id,/json-to-csv,404,[],[],True,True,,1970-01-01,0,E. Non-public / hidden tool,404,"noindex, nofollow",[],[],False,0,EXISTING_404
/id/json-to-sql,E. Non-public / hidden tool,id,/json-to-sql,404,[],[],True,True,,1970-01-01,0,E. Non-public / hidden tool,404,"noindex, nofollow",[],[],False,0,EXISTING_404
/id/json-to-yaml,E. Non-public / hidden tool,id,/json-to-yaml,404,[],[],True,True,,1970-01-01,0,E. Non-public / hidden tool,404,"noindex, nofollow",[],[],False,0,EXISTING_404
/id/json-validator,E. Non-public / hidden tool,id,/json-validator,404,[],[],True,True,,1970-01-01,0,E. Non-public / hidden tool,404,"noindex, nofollow",[],[],False,0,EXISTING_404
/id/kompres-pdf,D. Valid localized page,id,/compress-pdf,200,"[""https://pdfpilot.net/id/kompres-pdf""]","[""/sitemap.xml""]",True,False,,1970-01-01,28,G. Thin or incomplete locale page,200,"index, follow (default)","[""https://pdfpilot.net/id/kompres-pdf""]","[""/sitemaps/families/locales.xml""]",True,33,KEEP
/id/lock-pdf,E. Non-public / hidden tool,id,/lock-pdf,404,[],[],True,True,,1970-01-01,0,E. Non-public / hidden tool,404,"noindex, nofollow",[],[],False,0,EXISTING_404
/id/markdown-table-to-csv,E. Non-public / hidden tool,id,/markdown-table-to-csv,404,[],[],True,True,,1970-01-01,0,E. Non-public / hidden tool,404,"noindex, nofollow",[],[],False,0,EXISTING_404
/id/markdown-to-html,E. Non-public / hidden tool,id,/markdown-to-html,404,[],[],True,True,,1970-01-01,0,E. Non-public / hidden tool,404,"noindex, nofollow",[],[],False,0,EXISTING_404
/id/markdown-to-pdf,E. Non-public / hidden tool,id,/markdown-to-pdf,404,[],[],True,True,,1970-01-01,0,E. Non-public / hidden tool,404,"noindex, nofollow",[],[],False,0,EXISTING_404
/id/ocr-image,E. Non-public / hidden tool,id,/ocr-image,404,[],[],True,True,,1970-01-01,0,E. Non-public / hidden tool,404,"noindex, nofollow",[],[],False,0,EXISTING_404
/id/organize-pdf,G. Thin or duplicate locale page,id,/organize-pdf,200,"[""https://pdfpilot.net/id/organize-pdf""]","[""/sitemap.xml""]",True,True,,1970-01-01,2,G. Thin or incomplete locale page,200,"noindex, follow","[""https://pdfpilot.net/id/organize-pdf""]",[],False,2,NOINDEX
/id/pdf-ke-jpg,D. Valid localized page,id,/pdf-to-jpg,200,"[""https://pdfpilot.net/id/pdf-ke-jpg""]","[""/sitemap.xml""]",True,False,,1970-01-01,26,G. Thin or incomplete locale page,200,"index, follow (default)","[""https://pdfpilot.net/id/pdf-ke-jpg""]","[""/sitemaps/families/locales.xml""]",True,31,KEEP
/id/pdf-metadata-editor,E. Non-public / hidden tool,id,/pdf-metadata-editor,404,[],[],True,True,,1970-01-01,0,E. Non-public / hidden tool,404,"noindex, nofollow",[],[],False,0,EXISTING_404
/id/pdf-to-pdfa,G. Thin or duplicate locale page,id,/pdf-to-pdfa,200,"[""https://pdfpilot.net/id/pdf-to-pdfa""]","[""/sitemap.xml""]",True,True,,1970-01-01,2,G. Thin or incomplete locale page,200,"noindex, follow","[""https://pdfpilot.net/id/pdf-to-pdfa""]",[],False,2,NOINDEX
/id/pdf-to-powerpoint,G. Thin or duplicate locale page,id,/pdf-to-powerpoint,200,"[""https://pdfpilot.net/id/pdf-to-powerpoint""]","[""/sitemap.xml""]",True,True,,1970-01-01,2,G. Thin or incomplete locale page,200,"noindex, follow","[""https://pdfpilot.net/id/pdf-to-powerpoint""]",[],False,2,NOINDEX
/id/pdf-to-word,G. Thin or duplicate locale page,id,/pdf-to-word,200,"[""https://pdfpilot.net/id/pdf-to-word""]","[""/sitemap.xml""]",True,True,,1970-01-01,2,G. Thin or incomplete locale page,200,"noindex, follow","[""https://pdfpilot.net/id/pdf-to-word""]",[],False,2,NOINDEX
/id/pisahkan-pdf,D. Valid localized page,id,/split-pdf,200,"[""https://pdfpilot.net/id/pisahkan-pdf""]","[""/sitemap.xml""]",True,False,,1970-01-01,28,G. Thin or incomplete locale page,200,"index, follow (default)","[""https://pdfpilot.net/id/pisahkan-pdf""]","[""/sitemaps/families/locales.xml""]",True,33,KEEP
/id/powerpoint-to-pdf,G. Thin or duplicate locale page,id,/powerpoint-to-pdf,200,"[""https://pdfpilot.net/id/powerpoint-to-pdf""]","[""/sitemap.xml""]",True,True,,1970-01-01,26,G. Thin or incomplete locale page,200,"noindex, follow","[""https://pdfpilot.net/id/powerpoint-to-pdf""]",[],False,31,NOINDEX
/id/rearrange-pages,E. Non-public / hidden tool,id,/rearrange-pages,404,[],[],True,True,,1970-01-01,0,E. Non-public / hidden tool,404,"noindex, nofollow",[],[],False,0,EXISTING_404
/id/repair-pdf,G. Thin or duplicate locale page,id,/repair-pdf,200,"[""https://pdfpilot.net/id/repair-pdf""]","[""/sitemap.xml""]",True,True,,1970-01-01,2,G. Thin or incomplete locale page,200,"noindex, follow","[""https://pdfpilot.net/id/repair-pdf""]",[],False,2,NOINDEX
/id/resize-image,E. Non-public / hidden tool,id,/resize-image,404,[],[],True,True,,1970-01-01,0,E. Non-public / hidden tool,404,"noindex, nofollow",[],[],False,0,EXISTING_404
/id/rotate-image,E. Non-public / hidden tool,id,/rotate-image,404,[],[],True,True,,1970-01-01,0,E. Non-public / hidden tool,404,"noindex, nofollow",[],[],False,0,EXISTING_404
/id/rotate-pdf,G. Thin or duplicate locale page,id,/rotate-pdf,200,"[""https://pdfpilot.net/id/rotate-pdf""]","[""/sitemap.xml""]",True,True,,1970-01-01,2,G. Thin or incomplete locale page,200,"noindex, follow","[""https://pdfpilot.net/id/rotate-pdf""]",[],False,2,NOINDEX
/id/sql-to-json,E. Non-public / hidden tool,id,/sql-to-json,404,[],[],True,True,,1970-01-01,0,E. Non-public / hidden tool,404,"noindex, nofollow",[],[],False,0,EXISTING_404
/id/summary-generator,E. Non-public / hidden tool,id,/summary-generator,404,[],[],True,True,,1970-01-01,0,E. Non-public / hidden tool,404,"noindex, nofollow",[],[],False,0,EXISTING_404
/id/svg-to-pdf,E. Non-public / hidden tool,id,/svg-to-pdf,404,[],[],True,True,,1970-01-01,0,E. Non-public / hidden tool,404,"noindex, nofollow",[],[],False,0,EXISTING_404
/id/text-to-html,E. Non-public / hidden tool,id,/text-to-html,404,[],[],True,True,,1970-01-01,0,E. Non-public / hidden tool,404,"noindex, nofollow",[],[],False,0,EXISTING_404
/id/tsv-to-csv,E. Non-public / hidden tool,id,/tsv-to-csv,404,[],[],True,True,,1970-01-01,0,E. Non-public / hidden tool,404,"noindex, nofollow",[],[],False,0,EXISTING_404
/id/tsv-to-excel,E. Non-public / hidden tool,id,/tsv-to-excel,404,[],[],True,True,,1970-01-01,0,E. Non-public / hidden tool,404,"noindex, nofollow",[],[],False,0,EXISTING_404
/id/txt-to-pdf,E. Non-public / hidden tool,id,/txt-to-pdf,404,[],[],True,True,,1970-01-01,0,E. Non-public / hidden tool,404,"noindex, nofollow",[],[],False,0,EXISTING_404
/id/unlock-pdf,E. Non-public / hidden tool,id,/unlock-pdf,404,[],[],True,True,,1970-01-01,0,E. Non-public / hidden tool,404,"noindex, nofollow",[],[],False,0,EXISTING_404
/id/url-decode,E. Non-public / hidden tool,id,/url-decode,404,[],[],True,True,,1970-01-01,0,E. Non-public / hidden tool,404,"noindex, nofollow",[],[],False,0,EXISTING_404
/id/url-encode,E. Non-public / hidden tool,id,/url-encode,404,[],[],True,True,,1970-01-01,0,E. Non-public / hidden tool,404,"noindex, nofollow",[],[],False,0,EXISTING_404
/id/watermark-pdf,G. Thin or duplicate locale page,id,/watermark-pdf,200,"[""https://pdfpilot.net/id/watermark-pdf""]","[""/sitemap.xml""]",True,True,,1970-01-01,2,G. Thin or incomplete locale page,200,"noindex, follow","[""https://pdfpilot.net/id/watermark-pdf""]",[],False,2,NOINDEX
/id/word-to-pdf,G. Thin or duplicate locale page,id,/word-to-pdf,200,"[""https://pdfpilot.net/id/word-to-pdf""]","[""/sitemap.xml""]",True,True,,1970-01-01,26,G. Thin or incomplete locale page,200,"noindex, follow","[""https://pdfpilot.net/id/word-to-pdf""]",[],False,31,NOINDEX
/id/xml-formatter,E. Non-public / hidden tool,id,/xml-formatter,404,[],[],True,True,,1970-01-01,0,E. Non-public / hidden tool,404,"noindex, nofollow",[],[],False,0,EXISTING_404
/id/xml-to-csv,E. Non-public / hidden tool,id,/xml-to-csv,404,[],[],True,True,,1970-01-01,0,E. Non-public / hidden tool,404,"noindex, nofollow",[],[],False,0,EXISTING_404
/id/xml-to-excel,E. Non-public / hidden tool,id,/xml-to-excel,404,[],[],True,True,,1970-01-01,0,E. Non-public / hidden tool,404,"noindex, nofollow",[],[],False,0,EXISTING_404
/id/xml-validator,E. Non-public / hidden tool,id,/xml-validator,404,[],[],True,True,,1970-01-01,0,E. Non-public / hidden tool,404,"noindex, nofollow",[],[],False,0,EXISTING_404
/id/yaml-to-json,E. Non-public / hidden tool,id,/yaml-to-json,404,[],[],True,True,,1970-01-01,0,E. Non-public / hidden tool,404,"noindex, nofollow",[],[],False,0,EXISTING_404
/id/yaml-to-xml,E. Non-public / hidden tool,id,/yaml-to-xml,404,[],[],True,True,,1970-01-01,0,E. Non-public / hidden tool,404,"noindex, nofollow",[],[],False,0,EXISTING_404
/image-watermark,E. Non-public / hidden tool,en,/image-watermark,404,[],[],True,False,,1970-01-01,0,E. Non-public / hidden tool,404,"noindex, nofollow",[],[],False,0,EXISTING_404
/industries/accounting-finance,C. Valid resource/content page,en,,200,"[""https://pdfpilot.net/industries/accounting-finance""]","[""/sitemap.xml""]",True,False,,1970-01-01,1,C. Resource/content page requiring review,200,"index, follow (default)","[""https://pdfpilot.net/industries/accounting-finance""]","[""/sitemaps/families/resources.xml""]",True,1,KEEP
/industries/education,C. Valid resource/content page,en,,200,"[""https://pdfpilot.net/industries/education""]","[""/sitemap.xml""]",True,False,,1970-01-01,1,C. Resource/content page requiring review,200,"index, follow (default)","[""https://pdfpilot.net/industries/education""]","[""/sitemaps/families/resources.xml""]",True,1,KEEP
/industries/hr,C. Valid resource/content page,en,,200,"[""https://pdfpilot.net/industries/hr""]","[""/sitemap.xml""]",True,False,,1970-01-01,1,C. Resource/content page requiring review,200,"index, follow (default)","[""https://pdfpilot.net/industries/hr""]","[""/sitemaps/families/resources.xml""]",True,1,KEEP
/industries/legal,C. Valid resource/content page,en,,200,"[""https://pdfpilot.net/industries/legal""]","[""/sitemap.xml""]",True,False,,1970-01-01,1,C. Resource/content page requiring review,200,"index, follow (default)","[""https://pdfpilot.net/industries/legal""]","[""/sitemaps/families/resources.xml""]",True,1,KEEP
/industries/real-estate,C. Valid resource/content page,en,,200,"[""https://pdfpilot.net/industries/real-estate""]","[""/sitemap.xml""]",True,False,,1970-01-01,1,C. Resource/content page requiring review,200,"index, follow (default)","[""https://pdfpilot.net/industries/real-estate""]","[""/sitemaps/families/resources.xml""]",True,1,KEEP
/insert-pages,E. Non-public / hidden tool,en,/insert-pages,404,[],[],True,False,,1970-01-01,0,E. Non-public / hidden tool,404,"noindex, nofollow",[],[],False,0,EXISTING_404
/ja,D. Valid localized page,ja,,200,"[""https://pdfpilot.net/ja""]","[""/sitemap.xml""]",True,False,,1970-01-01,28,G. Thin or incomplete locale page,200,"index, follow (default)","[""https://pdfpilot.net/ja""]","[""/sitemaps/families/locales.xml""]",True,33,KEEP
/ja/add-page-numbers,G. Thin or duplicate locale page,ja,/add-page-numbers,200,"[""https://pdfpilot.net/ja/add-page-numbers""]","[""/sitemap.xml""]",True,True,,1970-01-01,2,G. Thin or incomplete locale page,200,"noindex, follow","[""https://pdfpilot.net/ja/add-page-numbers""]",[],False,2,NOINDEX
/ja/base64-decode,E. Non-public / hidden tool,ja,/base64-decode,404,[],[],True,True,,1970-01-01,0,E. Non-public / hidden tool,404,"noindex, nofollow",[],[],False,0,EXISTING_404
/ja/base64-encode,E. Non-public / hidden tool,ja,/base64-encode,404,[],[],True,True,,1970-01-01,0,E. Non-public / hidden tool,404,"noindex, nofollow",[],[],False,0,EXISTING_404
/ja/column-extractor,E. Non-public / hidden tool,ja,/column-extractor,404,[],[],True,True,,1970-01-01,0,E. Non-public / hidden tool,404,"noindex, nofollow",[],[],False,0,EXISTING_404
/ja/compare-pdf,E. Non-public / hidden tool,ja,/compare-pdf,404,[],[],True,True,,1970-01-01,0,E. Non-public / hidden tool,404,"noindex, nofollow",[],[],False,0,EXISTING_404
/ja/compress-image,E. Non-public / hidden tool,ja,/compress-image,404,[],[],True,True,,1970-01-01,0,E. Non-public / hidden tool,404,"noindex, nofollow",[],[],False,0,EXISTING_404
/ja/convert-image,E. Non-public / hidden tool,ja,/convert-image,404,[],[],True,True,,1970-01-01,0,E. Non-public / hidden tool,404,"noindex, nofollow",[],[],False,0,EXISTING_404
/ja/crop-image,E. Non-public / hidden tool,ja,/crop-image,404,[],[],True,True,,1970-01-01,0,E. Non-public / hidden tool,404,"noindex, nofollow",[],[],False,0,EXISTING_404
/ja/crop-pdf,G. Thin or duplicate locale page,ja,/crop-pdf,200,"[""https://pdfpilot.net/ja/crop-pdf""]","[""/sitemap.xml""]",True,True,,1970-01-01,2,G. Thin or incomplete locale page,200,"noindex, follow","[""https://pdfpilot.net/ja/crop-pdf""]",[],False,2,NOINDEX
/ja/csv-cleaner,E. Non-public / hidden tool,ja,/csv-cleaner,404,[],[],True,True,,1970-01-01,0,E. Non-public / hidden tool,404,"noindex, nofollow",[],[],False,0,EXISTING_404
/ja/csv-formatter,E. Non-public / hidden tool,ja,/csv-formatter,404,[],[],True,True,,1970-01-01,0,E. Non-public / hidden tool,404,"noindex, nofollow",[],[],False,0,EXISTING_404
/ja/csv-splitter,E. Non-public / hidden tool,ja,/csv-splitter,404,[],[],True,True,,1970-01-01,0,E. Non-public / hidden tool,404,"noindex, nofollow",[],[],False,0,EXISTING_404
/ja/csv-to-excel,E. Non-public / hidden tool,ja,/csv-to-excel,404,[],[],True,True,,1970-01-01,0,E. Non-public / hidden tool,404,"noindex, nofollow",[],[],False,0,EXISTING_404
/ja/csv-to-json,E. Non-public / hidden tool,ja,/csv-to-json,404,[],[],True,True,,1970-01-01,0,E. Non-public / hidden tool,404,"noindex, nofollow",[],[],False,0,EXISTING_404
/ja/csv-to-markdown-table,E. Non-public / hidden tool,ja,/csv-to-markdown-table,404,[],[],True,True,,1970-01-01,0,E. Non-public / hidden tool,404,"noindex, nofollow",[],[],False,0,EXISTING_404
/ja/csv-to-tsv,E. Non-public / hidden tool,ja,/csv-to-tsv,404,[],[],True,True,,1970-01-01,0,E. Non-public / hidden tool,404,"noindex, nofollow",[],[],False,0,EXISTING_404
/ja/csv-to-xml,E. Non-public / hidden tool,ja,/csv-to-xml,404,[],[],True,True,,1970-01-01,0,E. Non-public / hidden tool,404,"noindex, nofollow",[],[],False,0,EXISTING_404
/ja/delete-pages,G. Thin or duplicate locale page,ja,/delete-pages,200,"[""https://pdfpilot.net/ja/delete-pages""]","[""/sitemap.xml""]",True,True,,1970-01-01,2,G. Thin or incomplete locale page,200,"noindex, follow","[""https://pdfpilot.net/ja/delete-pages""]",[],False,2,NOINDEX
/ja/docx-merge,E. Non-public / hidden tool,ja,/docx-merge,404,[],[],True,True,,1970-01-01,0,E. Non-public / hidden tool,404,"noindex, nofollow",[],[],False,0,EXISTING_404
/ja/duplicate-pages,E. Non-public / hidden tool,ja,/duplicate-pages,404,[],[],True,True,,1970-01-01,0,E. Non-public / hidden tool,404,"noindex, nofollow",[],[],False,0,EXISTING_404
/ja/duplicate-row-remover,E. Non-public / hidden tool,ja,/duplicate-row-remover,404,[],[],True,True,,1970-01-01,0,E. Non-public / hidden tool,404,"noindex, nofollow",[],[],False,0,EXISTING_404
/ja/edit-pdf,G. Thin or duplicate locale page,ja,/edit-pdf,200,"[""https://pdfpilot.net/ja/edit-pdf""]","[""/sitemap.xml""]",True,True,,1970-01-01,2,G. Thin or incomplete locale page,200,"noindex, follow","[""https://pdfpilot.net/ja/edit-pdf""]",[],False,2,NOINDEX
/ja/excel-sheet-extractor,E. Non-public / hidden tool,ja,/excel-sheet-extractor,404,[],[],True,True,,1970-01-01,0,E. Non-public / hidden tool,404,"noindex, nofollow",[],[],False,0,EXISTING_404
/ja/excel-to-csv,E. Non-public / hidden tool,ja,/excel-to-csv,404,[],[],True,True,,1970-01-01,0,E. Non-public / hidden tool,404,"noindex, nofollow",[],[],False,0,EXISTING_404
/ja/excel-to-json,E. Non-public / hidden tool,ja,/excel-to-json,404,[],[],True,True,,1970-01-01,0,E. Non-public / hidden tool,404,"noindex, nofollow",[],[],False,0,EXISTING_404
/ja/excel-to-tsv,E. Non-public / hidden tool,ja,/excel-to-tsv,404,[],[],True,True,,1970-01-01,0,E. Non-public / hidden tool,404,"noindex, nofollow",[],[],False,0,EXISTING_404
/ja/excel-to-xml,G. Thin or duplicate locale page,ja,/excel-to-xml,200,"[""https://pdfpilot.net/ja/excel-to-xml""]","[""/sitemap.xml""]",True,True,,1970-01-01,2,G. Thin or incomplete locale page,200,"noindex, follow","[""https://pdfpilot.net/ja/excel-to-xml""]",[],False,2,NOINDEX
/ja/extract-pages,G. Thin or duplicate locale page,ja,/extract-pages,200,"[""https://pdfpilot.net/ja/extract-pages""]","[""/sitemap.xml""]",True,True,,1970-01-01,2,G. Thin or incomplete locale page,200,"noindex, follow","[""https://pdfpilot.net/ja/extract-pages""]",[],False,2,NOINDEX
/ja/fill-pdf,G. Thin or duplicate locale page,ja,/fill-pdf,200,"[""https://pdfpilot.net/ja/fill-pdf""]","[""/sitemap.xml""]",True,True,,1970-01-01,2,G. Thin or incomplete locale page,200,"noindex, follow","[""https://pdfpilot.net/ja/fill-pdf""]",[],False,2,NOINDEX
/ja/flatten-pdf,E. Non-public / hidden tool,ja,/flatten-pdf,404,[],[],True,True,,1970-01-01,0,E. Non-public / hidden tool,404,"noindex, nofollow",[],[],False,0,EXISTING_404
/ja/heic-to-jpg,E. Non-public / hidden tool,ja,/heic-to-jpg,404,[],[],True,True,,1970-01-01,0,E. Non-public / hidden tool,404,"noindex, nofollow",[],[],False,0,EXISTING_404
/ja/heic-to-png,E. Non-public / hidden tool,ja,/heic-to-png,404,[],[],True,True,,1970-01-01,0,E. Non-public / hidden tool,404,"noindex, nofollow",[],[],False,0,EXISTING_404
/ja/html-to-markdown,E. Non-public / hidden tool,ja,/html-to-markdown,404,[],[],True,True,,1970-01-01,0,E. Non-public / hidden tool,404,"noindex, nofollow",[],[],False,0,EXISTING_404
/ja/html-to-pdf,G. Thin or duplicate locale page,ja,/html-to-pdf,200,"[""https://pdfpilot.net/ja/html-to-pdf""]","[""/sitemap.xml""]",True,True,,1970-01-01,2,G. Thin or incomplete locale page,200,"noindex, follow","[""https://pdfpilot.net/ja/html-to-pdf""]",[],False,2,NOINDEX
/ja/image-metadata,E. Non-public / hidden tool,ja,/image-metadata,404,[],[],True,True,,1970-01-01,0,E. Non-public / hidden tool,404,"noindex, nofollow",[],[],False,0,EXISTING_404
/ja/image-watermark,E. Non-public / hidden tool,ja,/image-watermark,404,[],[],True,True,,1970-01-01,0,E. Non-public / hidden tool,404,"noindex, nofollow",[],[],False,0,EXISTING_404
/ja/insert-pages,E. Non-public / hidden tool,ja,/insert-pages,404,[],[],True,True,,1970-01-01,0,E. Non-public / hidden tool,404,"noindex, nofollow",[],[],False,0,EXISTING_404
/ja/json-diff,E. Non-public / hidden tool,ja,/json-diff,404,[],[],True,True,,1970-01-01,0,E. Non-public / hidden tool,404,"noindex, nofollow",[],[],False,0,EXISTING_404
/ja/json-formatter,E. Non-public / hidden tool,ja,/json-formatter,404,[],[],True,True,,1970-01-01,0,E. Non-public / hidden tool,404,"noindex, nofollow",[],[],False,0,EXISTING_404
/ja/json-minifier,E. Non-public / hidden tool,ja,/json-minifier,404,[],[],True,True,,1970-01-01,0,E. Non-public / hidden tool,404,"noindex, nofollow",[],[],False,0,EXISTING_404
/ja/json-to-csv,E. Non-public / hidden tool,ja,/json-to-csv,404,[],[],True,True,,1970-01-01,0,E. Non-public / hidden tool,404,"noindex, nofollow",[],[],False,0,EXISTING_404
/ja/json-to-excel,E. Non-public / hidden tool,ja,/json-to-excel,404,[],[],True,True,,1970-01-01,0,E. Non-public / hidden tool,404,"noindex, nofollow",[],[],False,0,EXISTING_404
/ja/json-to-sql,E. Non-public / hidden tool,ja,/json-to-sql,404,[],[],True,True,,1970-01-01,0,E. Non-public / hidden tool,404,"noindex, nofollow",[],[],False,0,EXISTING_404
/ja/json-to-yaml,E. Non-public / hidden tool,ja,/json-to-yaml,404,[],[],True,True,,1970-01-01,0,E. Non-public / hidden tool,404,"noindex, nofollow",[],[],False,0,EXISTING_404
/ja/json-validator,E. Non-public / hidden tool,ja,/json-validator,404,[],[],True,True,,1970-01-01,0,E. Non-public / hidden tool,404,"noindex, nofollow",[],[],False,0,EXISTING_404
/ja/lock-pdf,E. Non-public / hidden tool,ja,/lock-pdf,404,[],[],True,True,,1970-01-01,0,E. Non-public / hidden tool,404,"noindex, nofollow",[],[],False,0,EXISTING_404
/ja/markdown-table-to-csv,E. Non-public / hidden tool,ja,/markdown-table-to-csv,404,[],[],True,True,,1970-01-01,0,E. Non-public / hidden tool,404,"noindex, nofollow",[],[],False,0,EXISTING_404
/ja/markdown-to-html,E. Non-public / hidden tool,ja,/markdown-to-html,404,[],[],True,True,,1970-01-01,0,E. Non-public / hidden tool,404,"noindex, nofollow",[],[],False,0,EXISTING_404
/ja/markdown-to-pdf,E. Non-public / hidden tool,ja,/markdown-to-pdf,404,[],[],True,True,,1970-01-01,0,E. Non-public / hidden tool,404,"noindex, nofollow",[],[],False,0,EXISTING_404
/ja/ocr-image,E. Non-public / hidden tool,ja,/ocr-image,404,[],[],True,True,,1970-01-01,0,E. Non-public / hidden tool,404,"noindex, nofollow",[],[],False,0,EXISTING_404
/ja/ocr-pdf,G. Thin or duplicate locale page,ja,/ocr-pdf,200,"[""https://pdfpilot.net/ja/ocr-pdf""]","[""/sitemap.xml""]",True,True,,1970-01-01,2,G. Thin or incomplete locale page,200,"noindex, follow","[""https://pdfpilot.net/ja/ocr-pdf""]",[],False,2,NOINDEX
/ja/organize-pdf,G. Thin or duplicate locale page,ja,/organize-pdf,200,"[""https://pdfpilot.net/ja/organize-pdf""]","[""/sitemap.xml""]",True,True,,1970-01-01,2,G. Thin or incomplete locale page,200,"noindex, follow","[""https://pdfpilot.net/ja/organize-pdf""]",[],False,2,NOINDEX
/ja/pdf-bunkatsu,D. Valid localized page,ja,/split-pdf,200,"[""https://pdfpilot.net/ja/pdf-bunkatsu""]","[""/sitemap.xml""]",True,False,,1970-01-01,28,G. Thin or incomplete locale page,200,"index, follow (default)","[""https://pdfpilot.net/ja/pdf-bunkatsu""]","[""/sitemaps/families/locales.xml""]",True,33,KEEP
/ja/pdf-jpg-henkan,D. Valid localized page,ja,/pdf-to-jpg,200,"[""https://pdfpilot.net/ja/pdf-jpg-henkan""]","[""/sitemap.xml""]",True,False,,1970-01-01,26,G. Thin or incomplete locale page,200,"index, follow (default)","[""https://pdfpilot.net/ja/pdf-jpg-henkan""]","[""/sitemaps/families/locales.xml""]",True,31,KEEP
/ja/pdf-ketsugo,D. Valid localized page,ja,/merge-pdf,200,"[""https://pdfpilot.net/ja/pdf-ketsugo""]","[""/sitemap.xml""]",True,False,,1970-01-01,28,G. Thin or incomplete locale page,200,"index, follow (default)","[""https://pdfpilot.net/ja/pdf-ketsugo""]","[""/sitemaps/families/locales.xml""]",True,33,KEEP
/ja/pdf-metadata-editor,E. Non-public / hidden tool,ja,/pdf-metadata-editor,404,[],[],True,True,,1970-01-01,0,E. Non-public / hidden tool,404,"noindex, nofollow",[],[],False,0,EXISTING_404
/ja/pdf-to-excel,G. Thin or duplicate locale page,ja,/pdf-to-excel,200,"[""https://pdfpilot.net/ja/pdf-to-excel""]","[""/sitemap.xml""]",True,True,,1970-01-01,2,G. Thin or incomplete locale page,200,"noindex, follow","[""https://pdfpilot.net/ja/pdf-to-excel""]",[],False,2,NOINDEX
/ja/pdf-to-pdfa,G. Thin or duplicate locale page,ja,/pdf-to-pdfa,200,"[""https://pdfpilot.net/ja/pdf-to-pdfa""]","[""/sitemap.xml""]",True,True,,1970-01-01,2,G. Thin or incomplete locale page,200,"noindex, follow","[""https://pdfpilot.net/ja/pdf-to-pdfa""]",[],False,2,NOINDEX
/ja/pdf-to-powerpoint,G. Thin or duplicate locale page,ja,/pdf-to-powerpoint,200,"[""https://pdfpilot.net/ja/pdf-to-powerpoint""]","[""/sitemap.xml""]",True,True,,1970-01-01,2,G. Thin or incomplete locale page,200,"noindex, follow","[""https://pdfpilot.net/ja/pdf-to-powerpoint""]",[],False,2,NOINDEX
/ja/powerpoint-to-pdf,G. Thin or duplicate locale page,ja,/powerpoint-to-pdf,200,"[""https://pdfpilot.net/ja/powerpoint-to-pdf""]","[""/sitemap.xml""]",True,True,,1970-01-01,26,G. Thin or incomplete locale page,200,"noindex, follow","[""https://pdfpilot.net/ja/powerpoint-to-pdf""]",[],False,31,NOINDEX
/ja/repair-pdf,G. Thin or duplicate locale page,ja,/repair-pdf,200,"[""https://pdfpilot.net/ja/repair-pdf""]","[""/sitemap.xml""]",True,True,,1970-01-01,2,G. Thin or incomplete locale page,200,"noindex, follow","[""https://pdfpilot.net/ja/repair-pdf""]",[],False,2,NOINDEX
/ja/resize-image,E. Non-public / hidden tool,ja,/resize-image,404,[],[],True,True,,1970-01-01,0,E. Non-public / hidden tool,404,"noindex, nofollow",[],[],False,0,EXISTING_404
/ja/rotate-image,E. Non-public / hidden tool,ja,/rotate-image,404,[],[],True,True,,1970-01-01,0,E. Non-public / hidden tool,404,"noindex, nofollow",[],[],False,0,EXISTING_404
/ja/rotate-pdf,G. Thin or duplicate locale page,ja,/rotate-pdf,200,"[""https://pdfpilot.net/ja/rotate-pdf""]","[""/sitemap.xml""]",True,True,,1970-01-01,2,G. Thin or incomplete locale page,200,"noindex, follow","[""https://pdfpilot.net/ja/rotate-pdf""]",[],False,2,NOINDEX
/ja/scan-pdf,G. Thin or duplicate locale page,ja,/scan-pdf,200,"[""https://pdfpilot.net/ja/scan-pdf""]","[""/sitemap.xml""]",True,True,,1970-01-01,2,G. Thin or incomplete locale page,200,"noindex, follow","[""https://pdfpilot.net/ja/scan-pdf""]",[],False,2,NOINDEX
/ja/sql-to-csv,E. Non-public / hidden tool,ja,/sql-to-csv,404,[],[],True,True,,1970-01-01,0,E. Non-public / hidden tool,404,"noindex, nofollow",[],[],False,0,EXISTING_404
/ja/summary-generator,E. Non-public / hidden tool,ja,/summary-generator,404,[],[],True,True,,1970-01-01,0,E. Non-public / hidden tool,404,"noindex, nofollow",[],[],False,0,EXISTING_404
/ja/svg-to-pdf,E. Non-public / hidden tool,ja,/svg-to-pdf,404,[],[],True,True,,1970-01-01,0,E. Non-public / hidden tool,404,"noindex, nofollow",[],[],False,0,EXISTING_404
/ja/text-to-html,E. Non-public / hidden tool,ja,/text-to-html,404,[],[],True,True,,1970-01-01,0,E. Non-public / hidden tool,404,"noindex, nofollow",[],[],False,0,EXISTING_404
/ja/tsv-to-excel,E. Non-public / hidden tool,ja,/tsv-to-excel,404,[],[],True,True,,1970-01-01,0,E. Non-public / hidden tool,404,"noindex, nofollow",[],[],False,0,EXISTING_404
/ja/txt-to-pdf,E. Non-public / hidden tool,ja,/txt-to-pdf,404,[],[],True,True,,1970-01-01,0,E. Non-public / hidden tool,404,"noindex, nofollow",[],[],False,0,EXISTING_404
/ja/url-decode,E. Non-public / hidden tool,ja,/url-decode,404,[],[],True,True,,1970-01-01,0,E. Non-public / hidden tool,404,"noindex, nofollow",[],[],False,0,EXISTING_404
/ja/url-encode,E. Non-public / hidden tool,ja,/url-encode,404,[],[],True,True,,1970-01-01,0,E. Non-public / hidden tool,404,"noindex, nofollow",[],[],False,0,EXISTING_404
/ja/watermark-pdf,G. Thin or duplicate locale page,ja,/watermark-pdf,200,"[""https://pdfpilot.net/ja/watermark-pdf""]","[""/sitemap.xml""]",True,True,,1970-01-01,2,G. Thin or incomplete locale page,200,"noindex, follow","[""https://pdfpilot.net/ja/watermark-pdf""]",[],False,2,NOINDEX
/ja/word-to-pdf,G. Thin or duplicate locale page,ja,/word-to-pdf,200,"[""https://pdfpilot.net/ja/word-to-pdf""]","[""/sitemap.xml""]",True,True,,1970-01-01,26,G. Thin or incomplete locale page,200,"noindex, follow","[""https://pdfpilot.net/ja/word-to-pdf""]",[],False,31,NOINDEX
/ja/xml-formatter,E. Non-public / hidden tool,ja,/xml-formatter,404,[],[],True,True,,1970-01-01,0,E. Non-public / hidden tool,404,"noindex, nofollow",[],[],False,0,EXISTING_404
/ja/xml-to-csv,E. Non-public / hidden tool,ja,/xml-to-csv,404,[],[],True,True,,1970-01-01,0,E. Non-public / hidden tool,404,"noindex, nofollow",[],[],False,0,EXISTING_404
/ja/xml-to-excel,E. Non-public / hidden tool,ja,/xml-to-excel,404,[],[],True,True,,1970-01-01,0,E. Non-public / hidden tool,404,"noindex, nofollow",[],[],False,0,EXISTING_404
/ja/xml-to-yaml,E. Non-public / hidden tool,ja,/xml-to-yaml,404,[],[],True,True,,1970-01-01,0,E. Non-public / hidden tool,404,"noindex, nofollow",[],[],False,0,EXISTING_404
/ja/xml-validator,E. Non-public / hidden tool,ja,/xml-validator,404,[],[],True,True,,1970-01-01,0,E. Non-public / hidden tool,404,"noindex, nofollow",[],[],False,0,EXISTING_404
/ja/yaml-to-json,E. Non-public / hidden tool,ja,/yaml-to-json,404,[],[],True,True,,1970-01-01,0,E. Non-public / hidden tool,404,"noindex, nofollow",[],[],False,0,EXISTING_404
/ja/yaml-to-xml,E. Non-public / hidden tool,ja,/yaml-to-xml,404,[],[],True,True,,1970-01-01,0,E. Non-public / hidden tool,404,"noindex, nofollow",[],[],False,0,EXISTING_404
/json-diff,E. Non-public / hidden tool,en,/json-diff,404,[],[],True,False,,1970-01-01,0,E. Non-public / hidden tool,404,"noindex, nofollow",[],[],False,0,EXISTING_404
/json-formatter,E. Non-public / hidden tool,en,/json-formatter,404,[],[],True,False,,1970-01-01,0,E. Non-public / hidden tool,404,"noindex, nofollow",[],[],False,0,EXISTING_404
/json-minifier,E. Non-public / hidden tool,en,/json-minifier,404,[],[],True,False,,1970-01-01,0,E. Non-public / hidden tool,404,"noindex, nofollow",[],[],False,0,EXISTING_404
/json-to-excel,E. Non-public / hidden tool,en,/json-to-excel,404,[],[],True,False,,1970-01-01,0,E. Non-public / hidden tool,404,"noindex, nofollow",[],[],False,0,EXISTING_404
/json-to-xml,E. Non-public / hidden tool,en,/json-to-xml,404,[],[],True,False,,1970-01-01,0,E. Non-public / hidden tool,404,"noindex, nofollow",[],[],False,0,EXISTING_404
/jwt-decode,E. Non-public / hidden tool,en,/jwt-decode,404,[],[],True,False,,1970-01-01,0,E. Non-public / hidden tool,404,"noindex, nofollow",[],[],False,0,EXISTING_404
/ko,D. Valid localized page,ko,,200,"[""https://pdfpilot.net/ko""]","[""/sitemap.xml""]",True,False,,1970-01-01,28,G. Thin or incomplete locale page,200,"index, follow (default)","[""https://pdfpilot.net/ko""]","[""/sitemaps/families/locales.xml""]",True,33,KEEP
/ko/add-page-numbers,G. Thin or duplicate locale page,ko,/add-page-numbers,200,"[""https://pdfpilot.net/ko/add-page-numbers""]","[""/sitemap.xml""]",True,True,,1970-01-01,2,G. Thin or incomplete locale page,200,"noindex, follow","[""https://pdfpilot.net/ko/add-page-numbers""]",[],False,2,NOINDEX
/ko/base64-decode,E. Non-public / hidden tool,ko,/base64-decode,404,[],[],True,True,,1970-01-01,0,E. Non-public / hidden tool,404,"noindex, nofollow",[],[],False,0,EXISTING_404
/ko/base64-encode,E. Non-public / hidden tool,ko,/base64-encode,404,[],[],True,True,,1970-01-01,0,E. Non-public / hidden tool,404,"noindex, nofollow",[],[],False,0,EXISTING_404
/ko/column-extractor,E. Non-public / hidden tool,ko,/column-extractor,404,[],[],True,True,,1970-01-01,0,E. Non-public / hidden tool,404,"noindex, nofollow",[],[],False,0,EXISTING_404
/ko/compare-pdf,E. Non-public / hidden tool,ko,/compare-pdf,404,[],[],True,True,,1970-01-01,0,E. Non-public / hidden tool,404,"noindex, nofollow",[],[],False,0,EXISTING_404
/ko/convert-image,E. Non-public / hidden tool,ko,/convert-image,404,[],[],True,True,,1970-01-01,0,E. Non-public / hidden tool,404,"noindex, nofollow",[],[],False,0,EXISTING_404
/ko/crop-image,E. Non-public / hidden tool,ko,/crop-image,404,[],[],True,True,,1970-01-01,0,E. Non-public / hidden tool,404,"noindex, nofollow",[],[],False,0,EXISTING_404
/ko/csv-formatter,E. Non-public / hidden tool,ko,/csv-formatter,404,[],[],True,True,,1970-01-01,0,E. Non-public / hidden tool,404,"noindex, nofollow",[],[],False,0,EXISTING_404
/ko/csv-merger,E. Non-public / hidden tool,ko,/csv-merger,404,[],[],True,True,,1970-01-01,0,E. Non-public / hidden tool,404,"noindex, nofollow",[],[],False,0,EXISTING_404
/ko/csv-splitter,E. Non-public / hidden tool,ko,/csv-splitter,404,[],[],True,True,,1970-01-01,0,E. Non-public / hidden tool,404,"noindex, nofollow",[],[],False,0,EXISTING_404
/ko/csv-to-excel,E. Non-public / hidden tool,ko,/csv-to-excel,404,[],[],True,True,,1970-01-01,0,E. Non-public / hidden tool,404,"noindex, nofollow",[],[],False,0,EXISTING_404
/ko/csv-to-json,E. Non-public / hidden tool,ko,/csv-to-json,404,[],[],True,True,,1970-01-01,0,E. Non-public / hidden tool,404,"noindex, nofollow",[],[],False,0,EXISTING_404
/ko/csv-to-markdown-table,E. Non-public / hidden tool,ko,/csv-to-markdown-table,404,[],[],True,True,,1970-01-01,0,E. Non-public / hidden tool,404,"noindex, nofollow",[],[],False,0,EXISTING_404
/ko/csv-to-pdf,E. Non-public / hidden tool,ko,/csv-to-pdf,404,[],[],True,True,,1970-01-01,0,E. Non-public / hidden tool,404,"noindex, nofollow",[],[],False,0,EXISTING_404
/ko/csv-to-sql,E. Non-public / hidden tool,ko,/csv-to-sql,404,[],[],True,True,,1970-01-01,0,E. Non-public / hidden tool,404,"noindex, nofollow",[],[],False,0,EXISTING_404
/ko/csv-to-tsv,E. Non-public / hidden tool,ko,/csv-to-tsv,404,[],[],True,True,,1970-01-01,0,E. Non-public / hidden tool,404,"noindex, nofollow",[],[],False,0,EXISTING_404
/ko/csv-to-xml,E. Non-public / hidden tool,ko,/csv-to-xml,404,[],[],True,True,,1970-01-01,0,E. Non-public / hidden tool,404,"noindex, nofollow",[],[],False,0,EXISTING_404
/ko/duplicate-pages,E. Non-public / hidden tool,ko,/duplicate-pages,404,[],[],True,True,,1970-01-01,0,E. Non-public / hidden tool,404,"noindex, nofollow",[],[],False,0,EXISTING_404
/ko/duplicate-row-remover,E. Non-public / hidden tool,ko,/duplicate-row-remover,404,[],[],True,True,,1970-01-01,0,E. Non-public / hidden tool,404,"noindex, nofollow",[],[],False,0,EXISTING_404
/ko/edit-pdf,G. Thin or duplicate locale page,ko,/edit-pdf,200,"[""https://pdfpilot.net/ko/edit-pdf""]","[""/sitemap.xml""]",True,True,,1970-01-01,2,G. Thin or incomplete locale page,200,"noindex, follow","[""https://pdfpilot.net/ko/edit-pdf""]",[],False,2,NOINDEX
/ko/excel-sheet-extractor,E. Non-public / hidden tool,ko,/excel-sheet-extractor,404,[],[],True,True,,1970-01-01,0,E. Non-public / hidden tool,404,"noindex, nofollow",[],[],False,0,EXISTING_404
/ko/excel-sheet-merger,E. Non-public / hidden tool,ko,/excel-sheet-merger,404,[],[],True,True,,1970-01-01,0,E. Non-public / hidden tool,404,"noindex, nofollow",[],[],False,0,EXISTING_404
/ko/excel-to-csv,E. Non-public / hidden tool,ko,/excel-to-csv,404,[],[],True,True,,1970-01-01,0,E. Non-public / hidden tool,404,"noindex, nofollow",[],[],False,0,EXISTING_404
/ko/excel-to-pdf,G. Thin or duplicate locale page,ko,/excel-to-pdf,200,"[""https://pdfpilot.net/ko/excel-to-pdf""]","[""/sitemap.xml""]",True,True,,1970-01-01,26,G. Thin or incomplete locale page,200,"noindex, follow","[""https://pdfpilot.net/ko/excel-to-pdf""]",[],False,31,NOINDEX
/ko/excel-to-tsv,E. Non-public / hidden tool,ko,/excel-to-tsv,404,[],[],True,True,,1970-01-01,0,E. Non-public / hidden tool,404,"noindex, nofollow",[],[],False,0,EXISTING_404
/ko/excel-to-xml,G. Thin or duplicate locale page,ko,/excel-to-xml,200,"[""https://pdfpilot.net/ko/excel-to-xml""]","[""/sitemap.xml""]",True,True,,1970-01-01,2,G. Thin or incomplete locale page,200,"noindex, follow","[""https://pdfpilot.net/ko/excel-to-xml""]",[],False,2,NOINDEX
/ko/extract-pages,G. Thin or duplicate locale page,ko,/extract-pages,200,"[""https://pdfpilot.net/ko/extract-pages""]","[""/sitemap.xml""]",True,True,,1970-01-01,2,G. Thin or incomplete locale page,200,"noindex, follow","[""https://pdfpilot.net/ko/extract-pages""]",[],False,2,NOINDEX
/ko/fill-pdf,G. Thin or duplicate locale page,ko,/fill-pdf,200,"[""https://pdfpilot.net/ko/fill-pdf""]","[""/sitemap.xml""]",True,True,,1970-01-01,2,G. Thin or incomplete locale page,200,"noindex, follow","[""https://pdfpilot.net/ko/fill-pdf""]",[],False,2,NOINDEX
/ko/heic-to-jpg,E. Non-public / hidden tool,ko,/heic-to-jpg,404,[],[],True,True,,1970-01-01,0,E. Non-public / hidden tool,404,"noindex, nofollow",[],[],False,0,EXISTING_404
/ko/heic-to-png,E. Non-public / hidden tool,ko,/heic-to-png,404,[],[],True,True,,1970-01-01,0,E. Non-public / hidden tool,404,"noindex, nofollow",[],[],False,0,EXISTING_404
/ko/html-to-markdown,E. Non-public / hidden tool,ko,/html-to-markdown,404,[],[],True,True,,1970-01-01,0,E. Non-public / hidden tool,404,"noindex, nofollow",[],[],False,0,EXISTING_404
/ko/html-to-pdf,G. Thin or duplicate locale page,ko,/html-to-pdf,200,"[""https://pdfpilot.net/ko/html-to-pdf""]","[""/sitemap.xml""]",True,True,,1970-01-01,2,G. Thin or incomplete locale page,200,"noindex, follow","[""https://pdfpilot.net/ko/html-to-pdf""]",[],False,2,NOINDEX
/ko/html-to-text,E. Non-public / hidden tool,ko,/html-to-text,404,[],[],True,True,,1970-01-01,0,E. Non-public / hidden tool,404,"noindex, nofollow",[],[],False,0,EXISTING_404
/ko/image-metadata,E. Non-public / hidden tool,ko,/image-metadata,404,[],[],True,True,,1970-01-01,0,E. Non-public / hidden tool,404,"noindex, nofollow",[],[],False,0,EXISTING_404
/ko/image-watermark,E. Non-public / hidden tool,ko,/image-watermark,404,[],[],True,True,,1970-01-01,0,E. Non-public / hidden tool,404,"noindex, nofollow",[],[],False,0,EXISTING_404
/ko/insert-pages,E. Non-public / hidden tool,ko,/insert-pages,404,[],[],True,True,,1970-01-01,0,E. Non-public / hidden tool,404,"noindex, nofollow",[],[],False,0,EXISTING_404
/ko/jpg-pdf-byeonhwan,D. Valid localized page,ko,/jpg-to-pdf,200,"[""https://pdfpilot.net/ko/jpg-pdf-byeonhwan""]","[""/sitemap.xml""]",True,False,,1970-01-01,26,G. Thin or incomplete locale page,200,"index, follow (default)","[""https://pdfpilot.net/ko/jpg-pdf-byeonhwan""]","[""/sitemaps/families/locales.xml""]",True,31,KEEP
/ko/json-diff,E. Non-public / hidden tool,ko,/json-diff,404,[],[],True,True,,1970-01-01,0,E. Non-public / hidden tool,404,"noindex, nofollow",[],[],False,0,EXISTING_404
/ko/json-formatter,E. Non-public / hidden tool,ko,/json-formatter,404,[],[],True,True,,1970-01-01,0,E. Non-public / hidden tool,404,"noindex, nofollow",[],[],False,0,EXISTING_404
/ko/json-to-csv,E. Non-public / hidden tool,ko,/json-to-csv,404,[],[],True,True,,1970-01-01,0,E. Non-public / hidden tool,404,"noindex, nofollow",[],[],False,0,EXISTING_404
/ko/json-to-excel,E. Non-public / hidden tool,ko,/json-to-excel,404,[],[],True,True,,1970-01-01,0,E. Non-public / hidden tool,404,"noindex, nofollow",[],[],False,0,EXISTING_404
/ko/json-to-sql,E. Non-public / hidden tool,ko,/json-to-sql,404,[],[],True,True,,1970-01-01,0,E. Non-public / hidden tool,404,"noindex, nofollow",[],[],False,0,EXISTING_404
/ko/json-to-xml,E. Non-public / hidden tool,ko,/json-to-xml,404,[],[],True,True,,1970-01-01,0,E. Non-public / hidden tool,404,"noindex, nofollow",[],[],False,0,EXISTING_404
/ko/json-to-yaml,E. Non-public / hidden tool,ko,/json-to-yaml,404,[],[],True,True,,1970-01-01,0,E. Non-public / hidden tool,404,"noindex, nofollow",[],[],False,0,EXISTING_404
/ko/json-validator,E. Non-public / hidden tool,ko,/json-validator,404,[],[],True,True,,1970-01-01,0,E. Non-public / hidden tool,404,"noindex, nofollow",[],[],False,0,EXISTING_404
/ko/lock-pdf,E. Non-public / hidden tool,ko,/lock-pdf,404,[],[],True,True,,1970-01-01,0,E. Non-public / hidden tool,404,"noindex, nofollow",[],[],False,0,EXISTING_404
/ko/markdown-to-html,E. Non-public / hidden tool,ko,/markdown-to-html,404,[],[],True,True,,1970-01-01,0,E. Non-public / hidden tool,404,"noindex, nofollow",[],[],False,0,EXISTING_404
/ko/markdown-to-pdf,E. Non-public / hidden tool,ko,/markdown-to-pdf,404,[],[],True,True,,1970-01-01,0,E. Non-public / hidden tool,404,"noindex, nofollow",[],[],False,0,EXISTING_404
/ko/ocr-image,E. Non-public / hidden tool,ko,/ocr-image,404,[],[],True,True,,1970-01-01,0,E. Non-public / hidden tool,404,"noindex, nofollow",[],[],False,0,EXISTING_404
/ko/ocr-pdf,G. Thin or duplicate locale page,ko,/ocr-pdf,200,"[""https://pdfpilot.net/ko/ocr-pdf""]","[""/sitemap.xml""]",True,True,,1970-01-01,2,G. Thin or incomplete locale page,200,"noindex, follow","[""https://pdfpilot.net/ko/ocr-pdf""]",[],False,2,NOINDEX
/ko/organize-pdf,G. Thin or duplicate locale page,ko,/organize-pdf,200,"[""https://pdfpilot.net/ko/organize-pdf""]","[""/sitemap.xml""]",True,True,,1970-01-01,2,G. Thin or incomplete locale page,200,"noindex, follow","[""https://pdfpilot.net/ko/organize-pdf""]",[],False,2,NOINDEX
/ko/pdf-apchuk,D. Valid localized page,ko,/compress-pdf,200,"[""https://pdfpilot.net/ko/pdf-apchuk""]","[""/sitemap.xml""]",True,False,,1970-01-01,28,G. Thin or incomplete locale page,200,"index, follow (default)","[""https://pdfpilot.net/ko/pdf-apchuk""]","[""/sitemaps/families/locales.xml""]",True,33,KEEP
/ko/pdf-bunhal,D. Valid localized page,ko,/split-pdf,200,"[""https://pdfpilot.net/ko/pdf-bunhal""]","[""/sitemap.xml""]",True,False,,1970-01-01,28,G. Thin or incomplete locale page,200,"index, follow (default)","[""https://pdfpilot.net/ko/pdf-bunhal""]","[""/sitemaps/families/locales.xml""]",True,33,KEEP
/ko/pdf-habchigi,D. Valid localized page,ko,/merge-pdf,200,"[""https://pdfpilot.net/ko/pdf-habchigi""]","[""/sitemap.xml""]",True,False,,1970-01-01,28,G. Thin or incomplete locale page,200,"index, follow (default)","[""https://pdfpilot.net/ko/pdf-habchigi""]","[""/sitemaps/families/locales.xml""]",True,33,KEEP
/ko/pdf-jpg-byeonhwan,D. Valid localized page,ko,/pdf-to-jpg,200,"[""https://pdfpilot.net/ko/pdf-jpg-byeonhwan""]","[""/sitemap.xml""]",True,False,,1970-01-01,26,G. Thin or incomplete locale page,200,"index, follow (default)","[""https://pdfpilot.net/ko/pdf-jpg-byeonhwan""]","[""/sitemaps/families/locales.xml""]",True,31,KEEP
/ko/pdf-metadata-editor,E. Non-public / hidden tool,ko,/pdf-metadata-editor,404,[],[],True,True,,1970-01-01,0,E. Non-public / hidden tool,404,"noindex, nofollow",[],[],False,0,EXISTING_404
/ko/pdf-to-powerpoint,G. Thin or duplicate locale page,ko,/pdf-to-powerpoint,200,"[""https://pdfpilot.net/ko/pdf-to-powerpoint""]","[""/sitemap.xml""]",True,True,,1970-01-01,2,G. Thin or incomplete locale page,200,"noindex, follow","[""https://pdfpilot.net/ko/pdf-to-powerpoint""]",[],False,2,NOINDEX
/ko/pdf-to-word,G. Thin or duplicate locale page,ko,/pdf-to-word,200,"[""https://pdfpilot.net/ko/pdf-to-word""]","[""/sitemap.xml""]",True,True,,1970-01-01,2,G. Thin or incomplete locale page,200,"noindex, follow","[""https://pdfpilot.net/ko/pdf-to-word""]",[],False,2,NOINDEX
/ko/powerpoint-to-pdf,G. Thin or duplicate locale page,ko,/powerpoint-to-pdf,200,"[""https://pdfpilot.net/ko/powerpoint-to-pdf""]","[""/sitemap.xml""]",True,True,,1970-01-01,26,G. Thin or incomplete locale page,200,"noindex, follow","[""https://pdfpilot.net/ko/powerpoint-to-pdf""]",[],False,31,NOINDEX
/ko/repair-pdf,G. Thin or duplicate locale page,ko,/repair-pdf,200,"[""https://pdfpilot.net/ko/repair-pdf""]","[""/sitemap.xml""]",True,True,,1970-01-01,2,G. Thin or incomplete locale page,200,"noindex, follow","[""https://pdfpilot.net/ko/repair-pdf""]",[],False,2,NOINDEX
/ko/resize-image,E. Non-public / hidden tool,ko,/resize-image,404,[],[],True,True,,1970-01-01,0,E. Non-public / hidden tool,404,"noindex, nofollow",[],[],False,0,EXISTING_404
/ko/rotate-image,E. Non-public / hidden tool,ko,/rotate-image,404,[],[],True,True,,1970-01-01,0,E. Non-public / hidden tool,404,"noindex, nofollow",[],[],False,0,EXISTING_404
/ko/rotate-pdf,G. Thin or duplicate locale page,ko,/rotate-pdf,200,"[""https://pdfpilot.net/ko/rotate-pdf""]","[""/sitemap.xml""]",True,True,,1970-01-01,2,G. Thin or incomplete locale page,200,"noindex, follow","[""https://pdfpilot.net/ko/rotate-pdf""]",[],False,2,NOINDEX
/ko/scan-pdf,G. Thin or duplicate locale page,ko,/scan-pdf,200,"[""https://pdfpilot.net/ko/scan-pdf""]","[""/sitemap.xml""]",True,True,,1970-01-01,2,G. Thin or incomplete locale page,200,"noindex, follow","[""https://pdfpilot.net/ko/scan-pdf""]",[],False,2,NOINDEX
/ko/sql-to-csv,E. Non-public / hidden tool,ko,/sql-to-csv,404,[],[],True,True,,1970-01-01,0,E. Non-public / hidden tool,404,"noindex, nofollow",[],[],False,0,EXISTING_404
/ko/sql-to-json,E. Non-public / hidden tool,ko,/sql-to-json,404,[],[],True,True,,1970-01-01,0,E. Non-public / hidden tool,404,"noindex, nofollow",[],[],False,0,EXISTING_404
/ko/summary-generator,E. Non-public / hidden tool,ko,/summary-generator,404,[],[],True,True,,1970-01-01,0,E. Non-public / hidden tool,404,"noindex, nofollow",[],[],False,0,EXISTING_404
/ko/text-to-html,E. Non-public / hidden tool,ko,/text-to-html,404,[],[],True,True,,1970-01-01,0,E. Non-public / hidden tool,404,"noindex, nofollow",[],[],False,0,EXISTING_404
/ko/tsv-to-csv,E. Non-public / hidden tool,ko,/tsv-to-csv,404,[],[],True,True,,1970-01-01,0,E. Non-public / hidden tool,404,"noindex, nofollow",[],[],False,0,EXISTING_404
/ko/tsv-to-excel,E. Non-public / hidden tool,ko,/tsv-to-excel,404,[],[],True,True,,1970-01-01,0,E. Non-public / hidden tool,404,"noindex, nofollow",[],[],False,0,EXISTING_404
/ko/txt-to-pdf,E. Non-public / hidden tool,ko,/txt-to-pdf,404,[],[],True,True,,1970-01-01,0,E. Non-public / hidden tool,404,"noindex, nofollow",[],[],False,0,EXISTING_404
/ko/unlock-pdf,E. Non-public / hidden tool,ko,/unlock-pdf,404,[],[],True,True,,1970-01-01,0,E. Non-public / hidden tool,404,"noindex, nofollow",[],[],False,0,EXISTING_404
/ko/url-decode,E. Non-public / hidden tool,ko,/url-decode,404,[],[],True,True,,1970-01-01,0,E. Non-public / hidden tool,404,"noindex, nofollow",[],[],False,0,EXISTING_404
/ko/url-encode,E. Non-public / hidden tool,ko,/url-encode,404,[],[],True,True,,1970-01-01,0,E. Non-public / hidden tool,404,"noindex, nofollow",[],[],False,0,EXISTING_404
/ko/watermark-pdf,G. Thin or duplicate locale page,ko,/watermark-pdf,200,"[""https://pdfpilot.net/ko/watermark-pdf""]","[""/sitemap.xml""]",True,True,,1970-01-01,2,G. Thin or incomplete locale page,200,"noindex, follow","[""https://pdfpilot.net/ko/watermark-pdf""]",[],False,2,NOINDEX
/ko/xml-to-csv,E. Non-public / hidden tool,ko,/xml-to-csv,404,[],[],True,True,,1970-01-01,0,E. Non-public / hidden tool,404,"noindex, nofollow",[],[],False,0,EXISTING_404
/ko/xml-to-excel,E. Non-public / hidden tool,ko,/xml-to-excel,404,[],[],True,True,,1970-01-01,0,E. Non-public / hidden tool,404,"noindex, nofollow",[],[],False,0,EXISTING_404
/ko/xml-to-json,E. Non-public / hidden tool,ko,/xml-to-json,404,[],[],True,True,,1970-01-01,0,E. Non-public / hidden tool,404,"noindex, nofollow",[],[],False,0,EXISTING_404
/ko/xml-to-yaml,E. Non-public / hidden tool,ko,/xml-to-yaml,404,[],[],True,True,,1970-01-01,0,E. Non-public / hidden tool,404,"noindex, nofollow",[],[],False,0,EXISTING_404
/ko/xml-validator,E. Non-public / hidden tool,ko,/xml-validator,404,[],[],True,True,,1970-01-01,0,E. Non-public / hidden tool,404,"noindex, nofollow",[],[],False,0,EXISTING_404
/ko/yaml-to-json,E. Non-public / hidden tool,ko,/yaml-to-json,404,[],[],True,True,,1970-01-01,0,E. Non-public / hidden tool,404,"noindex, nofollow",[],[],False,0,EXISTING_404
/ko/yaml-to-xml,E. Non-public / hidden tool,ko,/yaml-to-xml,404,[],[],True,True,,1970-01-01,0,E. Non-public / hidden tool,404,"noindex, nofollow",[],[],False,0,EXISTING_404
/lock-pdf,E. Non-public / hidden tool,en,/lock-pdf,404,[],[],True,False,,1970-01-01,0,E. Non-public / hidden tool,404,"noindex, nofollow",[],[],False,0,EXISTING_404
/markdown-table-to-csv,E. Non-public / hidden tool,en,/markdown-table-to-csv,404,[],[],True,False,,1970-01-01,0,E. Non-public / hidden tool,404,"noindex, nofollow",[],[],False,0,EXISTING_404
/markdown-to-html,E. Non-public / hidden tool,en,/markdown-to-html,404,[],[],True,False,,1970-01-01,0,E. Non-public / hidden tool,404,"noindex, nofollow",[],[],False,0,EXISTING_404
/markdown-to-pdf,E. Non-public / hidden tool,en,/markdown-to-pdf,404,[],[],True,False,,1970-01-01,0,E. Non-public / hidden tool,404,"noindex, nofollow",[],[],False,0,EXISTING_404
/ocr-image,E. Non-public / hidden tool,en,/ocr-image,404,[],[],True,False,,1970-01-01,0,E. Non-public / hidden tool,404,"noindex, nofollow",[],[],False,0,EXISTING_404
/organize-pdf,A. Current approved core tool,en,/organize-pdf,200,"[""https://pdfpilot.net/organize-pdf""]","[""/sitemap.xml""]",True,False,,1970-01-01,2,A. Current approved core tool,200,"index, follow (default)","[""https://pdfpilot.net/organize-pdf""]","[""/sitemaps/families/core.xml""]",True,3,KEEP
/pdf-to-excel,A. Current approved core tool,en,/pdf-to-excel,200,"[""https://pdfpilot.net/pdf-to-excel""]","[""/sitemap.xml""]",True,False,,1970-01-01,4,A. Current approved core tool,200,"index, follow (default)","[""https://pdfpilot.net/pdf-to-excel""]","[""/sitemaps/families/core.xml""]",True,5,KEEP
/pdf-to-pdfa,A. Current approved core tool,en,/pdf-to-pdfa,200,"[""https://pdfpilot.net/pdf-to-pdfa""]","[""/sitemap.xml""]",True,False,,1970-01-01,3,A. Current approved core tool,200,"index, follow (default)","[""https://pdfpilot.net/pdf-to-pdfa""]","[""/sitemaps/families/core.xml""]",True,4,KEEP
/powerpoint-to-pdf,A. Current approved core tool,en,/powerpoint-to-pdf,200,"[""https://pdfpilot.net/powerpoint-to-pdf""]","[""/sitemap.xml""]",True,False,,1970-01-01,176,A. Current approved core tool,200,"index, follow (default)","[""https://pdfpilot.net/powerpoint-to-pdf""]","[""/sitemaps/families/core.xml""]",True,177,KEEP
/pt-br/add-page-numbers,G. Thin or duplicate locale page,pt-BR,/add-page-numbers,200,"[""https://pdfpilot.net/pt-br/add-page-numbers""]","[""/sitemap.xml""]",True,True,,1970-01-01,2,G. Thin or incomplete locale page,200,"noindex, follow","[""https://pdfpilot.net/pt-br/add-page-numbers""]",[],False,2,NOINDEX
/pt-br/base64-decode,E. Non-public / hidden tool,pt-BR,/base64-decode,404,[],[],True,True,,1970-01-01,0,E. Non-public / hidden tool,404,"noindex, nofollow",[],[],False,0,EXISTING_404
/pt-br/base64-encode,E. Non-public / hidden tool,pt-BR,/base64-encode,404,[],[],True,True,,1970-01-01,0,E. Non-public / hidden tool,404,"noindex, nofollow",[],[],False,0,EXISTING_404
/pt-br/column-extractor,E. Non-public / hidden tool,pt-BR,/column-extractor,404,[],[],True,True,,1970-01-01,0,E. Non-public / hidden tool,404,"noindex, nofollow",[],[],False,0,EXISTING_404
/pt-br/compare-pdf,E. Non-public / hidden tool,pt-BR,/compare-pdf,404,[],[],True,True,,1970-01-01,0,E. Non-public / hidden tool,404,"noindex, nofollow",[],[],False,0,EXISTING_404
/pt-br/comprimir-pdf,D. Valid localized page,pt-BR,/compress-pdf,200,"[""https://pdfpilot.net/pt-br/comprimir-pdf""]","[""/sitemap.xml""]",True,False,,1970-01-01,28,G. Thin or incomplete locale page,200,"index, follow (default)","[""https://pdfpilot.net/pt-br/comprimir-pdf""]","[""/sitemaps/families/pt-br.xml""]",True,35,KEEP
/pt-br/convert-image,E. Non-public / hidden tool,pt-BR,/convert-image,404,[],[],True,True,,1970-01-01,0,E. Non-public / hidden tool,404,"noindex, nofollow",[],[],False,0,EXISTING_404
/pt-br/crop-image,E. Non-public / hidden tool,pt-BR,/crop-image,404,[],[],True,True,,1970-01-01,0,E. Non-public / hidden tool,404,"noindex, nofollow",[],[],False,0,EXISTING_404
/pt-br/crop-pdf,D. Valid localized page,pt-BR,/crop-pdf,200,"[""https://pdfpilot.net/pt-br/crop-pdf""]","[""/sitemap.xml""]",True,True,,1970-01-01,2,G. Thin or incomplete locale page,200,"index, follow","[""https://pdfpilot.net/pt-br/crop-pdf""]","[""/sitemaps/families/pt-br.xml""]",True,2,KEEP
/pt-br/csv-cleaner,E. Non-public / hidden tool,pt-BR,/csv-cleaner,404,[],[],True,True,,1970-01-01,0,E. Non-public / hidden tool,404,"noindex, nofollow",[],[],False,0,EXISTING_404
/pt-br/csv-formatter,E. Non-public / hidden tool,pt-BR,/csv-formatter,404,[],[],True,True,,1970-01-01,0,E. Non-public / hidden tool,404,"noindex, nofollow",[],[],False,0,EXISTING_404
/pt-br/csv-merger,E. Non-public / hidden tool,pt-BR,/csv-merger,404,[],[],True,True,,1970-01-01,0,E. Non-public / hidden tool,404,"noindex, nofollow",[],[],False,0,EXISTING_404
/pt-br/csv-splitter,E. Non-public / hidden tool,pt-BR,/csv-splitter,404,[],[],True,True,,1970-01-01,0,E. Non-public / hidden tool,404,"noindex, nofollow",[],[],False,0,EXISTING_404
/pt-br/csv-to-excel,E. Non-public / hidden tool,pt-BR,/csv-to-excel,404,[],[],True,True,,1970-01-01,0,E. Non-public / hidden tool,404,"noindex, nofollow",[],[],False,0,EXISTING_404
/pt-br/csv-to-markdown-table,E. Non-public / hidden tool,pt-BR,/csv-to-markdown-table,404,[],[],True,True,,1970-01-01,0,E. Non-public / hidden tool,404,"noindex, nofollow",[],[],False,0,EXISTING_404
/pt-br/csv-to-pdf,E. Non-public / hidden tool,pt-BR,/csv-to-pdf,404,[],[],True,True,,1970-01-01,0,E. Non-public / hidden tool,404,"noindex, nofollow",[],[],False,0,EXISTING_404
/pt-br/csv-to-sql,E. Non-public / hidden tool,pt-BR,/csv-to-sql,404,[],[],True,True,,1970-01-01,0,E. Non-public / hidden tool,404,"noindex, nofollow",[],[],False,0,EXISTING_404
/pt-br/csv-to-tsv,E. Non-public / hidden tool,pt-BR,/csv-to-tsv,404,[],[],True,True,,1970-01-01,0,E. Non-public / hidden tool,404,"noindex, nofollow",[],[],False,0,EXISTING_404
/pt-br/csv-to-xml,E. Non-public / hidden tool,pt-BR,/csv-to-xml,404,[],[],True,True,,1970-01-01,0,E. Non-public / hidden tool,404,"noindex, nofollow",[],[],False,0,EXISTING_404
/pt-br/dividir-pdf,D. Valid localized page,pt-BR,/split-pdf,200,"[""https://pdfpilot.net/pt-br/dividir-pdf""]","[""/sitemap.xml""]",True,False,,1970-01-01,28,G. Thin or incomplete locale page,200,"index, follow (default)","[""https://pdfpilot.net/pt-br/dividir-pdf""]","[""/sitemaps/families/pt-br.xml""]",True,35,KEEP
/pt-br/docx-merge,E. Non-public / hidden tool,pt-BR,/docx-merge,404,[],[],True,True,,1970-01-01,0,E. Non-public / hidden tool,404,"noindex, nofollow",[],[],False,0,EXISTING_404
/pt-br/duplicate-pages,E. Non-public / hidden tool,pt-BR,/duplicate-pages,404,[],[],True,True,,1970-01-01,0,E. Non-public / hidden tool,404,"noindex, nofollow",[],[],False,0,EXISTING_404
/pt-br/duplicate-row-remover,E. Non-public / hidden tool,pt-BR,/duplicate-row-remover,404,[],[],True,True,,1970-01-01,0,E. Non-public / hidden tool,404,"noindex, nofollow",[],[],False,0,EXISTING_404
/pt-br/edit-pdf,D. Valid localized page,pt-BR,/edit-pdf,200,"[""https://pdfpilot.net/pt-br/edit-pdf""]","[""/sitemap.xml""]",True,True,,1970-01-01,2,G. Thin or incomplete locale page,200,"index, follow","[""https://pdfpilot.net/pt-br/edit-pdf""]","[""/sitemaps/families/pt-br.xml""]",True,3,KEEP
/pt-br/excel-sheet-extractor,E. Non-public / hidden tool,pt-BR,/excel-sheet-extractor,404,[],[],True,True,,1970-01-01,0,E. Non-public / hidden tool,404,"noindex, nofollow",[],[],False,0,EXISTING_404
/pt-br/excel-sheet-merger,E. Non-public / hidden tool,pt-BR,/excel-sheet-merger,404,[],[],True,True,,1970-01-01,0,E. Non-public / hidden tool,404,"noindex, nofollow",[],[],False,0,EXISTING_404
/pt-br/excel-to-csv,E. Non-public / hidden tool,pt-BR,/excel-to-csv,404,[],[],True,True,,1970-01-01,0,E. Non-public / hidden tool,404,"noindex, nofollow",[],[],False,0,EXISTING_404
/pt-br/excel-to-json,E. Non-public / hidden tool,pt-BR,/excel-to-json,404,[],[],True,True,,1970-01-01,0,E. Non-public / hidden tool,404,"noindex, nofollow",[],[],False,0,EXISTING_404
/pt-br/excel-to-pdf,D. Valid localized page,pt-BR,/excel-to-pdf,200,"[""https://pdfpilot.net/pt-br/excel-to-pdf""]","[""/sitemap.xml""]",True,True,,1970-01-01,26,G. Thin or incomplete locale page,200,"index, follow","[""https://pdfpilot.net/pt-br/excel-to-pdf""]","[""/sitemaps/families/pt-br.xml""]",True,33,KEEP
/pt-br/excel-to-tsv,E. Non-public / hidden tool,pt-BR,/excel-to-tsv,404,[],[],True,True,,1970-01-01,0,E. Non-public / hidden tool,404,"noindex, nofollow",[],[],False,0,EXISTING_404
/pt-br/excel-to-xml,G. Thin or duplicate locale page,pt-BR,/excel-to-xml,200,"[""https://pdfpilot.net/pt-br/excel-to-xml""]","[""/sitemap.xml""]",True,True,,1970-01-01,2,G. Thin or incomplete locale page,200,"noindex, follow","[""https://pdfpilot.net/pt-br/excel-to-xml""]",[],False,2,NOINDEX
/pt-br/extract-pages,G. Thin or duplicate locale page,pt-BR,/extract-pages,200,"[""https://pdfpilot.net/pt-br/extract-pages""]","[""/sitemap.xml""]",True,True,,1970-01-01,2,G. Thin or incomplete locale page,200,"noindex, follow","[""https://pdfpilot.net/pt-br/extract-pages""]",[],False,2,NOINDEX
/pt-br/flatten-pdf,E. Non-public / hidden tool,pt-BR,/flatten-pdf,404,[],[],True,True,,1970-01-01,0,E. Non-public / hidden tool,404,"noindex, nofollow",[],[],False,0,EXISTING_404
/pt-br/heic-to-png,E. Non-public / hidden tool,pt-BR,/heic-to-png,404,[],[],True,True,,1970-01-01,0,E. Non-public / hidden tool,404,"noindex, nofollow",[],[],False,0,EXISTING_404
/pt-br/html-to-markdown,E. Non-public / hidden tool,pt-BR,/html-to-markdown,404,[],[],True,True,,1970-01-01,0,E. Non-public / hidden tool,404,"noindex, nofollow",[],[],False,0,EXISTING_404
/pt-br/html-to-pdf,D. Valid localized page,pt-BR,/html-to-pdf,200,"[""https://pdfpilot.net/pt-br/html-to-pdf""]","[""/sitemap.xml""]",True,True,,1970-01-01,2,G. Thin or incomplete locale page,200,"index, follow","[""https://pdfpilot.net/pt-br/html-to-pdf""]","[""/sitemaps/families/pt-br.xml""]",True,2,KEEP
/pt-br/html-to-text,E. Non-public / hidden tool,pt-BR,/html-to-text,404,[],[],True,True,,1970-01-01,0,E. Non-public / hidden tool,404,"noindex, nofollow",[],[],False,0,EXISTING_404
/pt-br/image-metadata,E. Non-public / hidden tool,pt-BR,/image-metadata,404,[],[],True,True,,1970-01-01,0,E. Non-public / hidden tool,404,"noindex, nofollow",[],[],False,0,EXISTING_404
/pt-br/image-watermark,E. Non-public / hidden tool,pt-BR,/image-watermark,404,[],[],True,True,,1970-01-01,0,E. Non-public / hidden tool,404,"noindex, nofollow",[],[],False,0,EXISTING_404
/pt-br/insert-pages,E. Non-public / hidden tool,pt-BR,/insert-pages,404,[],[],True,True,,1970-01-01,0,E. Non-public / hidden tool,404,"noindex, nofollow",[],[],False,0,EXISTING_404
/pt-br/jpg-para-pdf,D. Valid localized page,pt-BR,/jpg-to-pdf,200,"[""https://pdfpilot.net/pt-br/jpg-para-pdf""]","[""/sitemap.xml""]",True,False,,1970-01-01,26,G. Thin or incomplete locale page,200,"index, follow (default)","[""https://pdfpilot.net/pt-br/jpg-para-pdf""]","[""/sitemaps/families/pt-br.xml""]",True,33,KEEP
/pt-br/json-diff,E. Non-public / hidden tool,pt-BR,/json-diff,404,[],[],True,True,,1970-01-01,0,E. Non-public / hidden tool,404,"noindex, nofollow",[],[],False,0,EXISTING_404
/pt-br/json-minifier,E. Non-public / hidden tool,pt-BR,/json-minifier,404,[],[],True,True,,1970-01-01,0,E. Non-public / hidden tool,404,"noindex, nofollow",[],[],False,0,EXISTING_404
/pt-br/json-to-excel,E. Non-public / hidden tool,pt-BR,/json-to-excel,404,[],[],True,True,,1970-01-01,0,E. Non-public / hidden tool,404,"noindex, nofollow",[],[],False,0,EXISTING_404
/pt-br/json-to-sql,E. Non-public / hidden tool,pt-BR,/json-to-sql,404,[],[],True,True,,1970-01-01,0,E. Non-public / hidden tool,404,"noindex, nofollow",[],[],False,0,EXISTING_404
/pt-br/json-to-yaml,E. Non-public / hidden tool,pt-BR,/json-to-yaml,404,[],[],True,True,,1970-01-01,0,E. Non-public / hidden tool,404,"noindex, nofollow",[],[],False,0,EXISTING_404
/pt-br/json-validator,E. Non-public / hidden tool,pt-BR,/json-validator,404,[],[],True,True,,1970-01-01,0,E. Non-public / hidden tool,404,"noindex, nofollow",[],[],False,0,EXISTING_404
/pt-br/juntar-pdf,D. Valid localized page,pt-BR,/merge-pdf,200,"[""https://pdfpilot.net/pt-br/juntar-pdf""]","[""/sitemap.xml""]",True,False,,1970-01-01,28,G. Thin or incomplete locale page,200,"index, follow (default)","[""https://pdfpilot.net/pt-br/juntar-pdf""]","[""/sitemaps/families/pt-br.xml""]",True,35,KEEP
/pt-br/jwt-decode,E. Non-public / hidden tool,pt-BR,/jwt-decode,404,[],[],True,True,,1970-01-01,0,E. Non-public / hidden tool,404,"noindex, nofollow",[],[],False,0,EXISTING_404
/pt-br/lock-pdf,E. Non-public / hidden tool,pt-BR,/lock-pdf,404,[],[],True,True,,1970-01-01,0,E. Non-public / hidden tool,404,"noindex, nofollow",[],[],False,0,EXISTING_404
/pt-br/markdown-table-to-csv,E. Non-public / hidden tool,pt-BR,/markdown-table-to-csv,404,[],[],True,True,,1970-01-01,0,E. Non-public / hidden tool,404,"noindex, nofollow",[],[],False,0,EXISTING_404
/pt-br/markdown-to-html,E. Non-public / hidden tool,pt-BR,/markdown-to-html,404,[],[],True,True,,1970-01-01,0,E. Non-public / hidden tool,404,"noindex, nofollow",[],[],False,0,EXISTING_404
/pt-br/markdown-to-pdf,E. Non-public / hidden tool,pt-BR,/markdown-to-pdf,404,[],[],True,True,,1970-01-01,0,E. Non-public / hidden tool,404,"noindex, nofollow",[],[],False,0,EXISTING_404
/pt-br/ocr-image,E. Non-public / hidden tool,pt-BR,/ocr-image,404,[],[],True,True,,1970-01-01,0,E. Non-public / hidden tool,404,"noindex, nofollow",[],[],False,0,EXISTING_404
/pt-br/pdf-metadata-editor,E. Non-public / hidden tool,pt-BR,/pdf-metadata-editor,404,[],[],True,True,,1970-01-01,0,E. Non-public / hidden tool,404,"noindex, nofollow",[],[],False,0,EXISTING_404
/pt-br/pdf-para-jpg,D. Valid localized page,pt-BR,/pdf-to-jpg,200,"[""https://pdfpilot.net/pt-br/pdf-para-jpg""]","[""/sitemap.xml""]",True,False,,1970-01-01,26,G. Thin or incomplete locale page,200,"index, follow (default)","[""https://pdfpilot.net/pt-br/pdf-para-jpg""]","[""/sitemaps/families/pt-br.xml""]",True,33,KEEP
/pt-br/pdf-to-pdfa,D. Valid localized page,pt-BR,/pdf-to-pdfa,200,"[""https://pdfpilot.net/pt-br/pdf-to-pdfa""]","[""/sitemap.xml""]",True,True,,1970-01-01,2,G. Thin or incomplete locale page,200,"index, follow","[""https://pdfpilot.net/pt-br/pdf-to-pdfa""]","[""/sitemaps/families/pt-br.xml""]",True,2,KEEP
/pt-br/pdf-to-powerpoint,D. Valid localized page,pt-BR,/pdf-to-powerpoint,200,"[""https://pdfpilot.net/pt-br/pdf-to-powerpoint""]","[""/sitemap.xml""]",True,True,,1970-01-01,2,G. Thin or incomplete locale page,200,"index, follow","[""https://pdfpilot.net/pt-br/pdf-to-powerpoint""]","[""/sitemaps/families/pt-br.xml""]",True,2,KEEP
/pt-br/pdf-to-word,D. Valid localized page,pt-BR,/pdf-to-word,200,"[""https://pdfpilot.net/pt-br/pdf-to-word""]","[""/sitemap.xml""]",True,True,,1970-01-01,2,G. Thin or incomplete locale page,200,"index, follow","[""https://pdfpilot.net/pt-br/pdf-to-word""]","[""/sitemaps/families/pt-br.xml""]",True,2,KEEP
/pt-br/powerpoint-to-pdf,D. Valid localized page,pt-BR,/powerpoint-to-pdf,200,"[""https://pdfpilot.net/pt-br/powerpoint-to-pdf""]","[""/sitemap.xml""]",True,True,,1970-01-01,26,G. Thin or incomplete locale page,200,"index, follow","[""https://pdfpilot.net/pt-br/powerpoint-to-pdf""]","[""/sitemaps/families/pt-br.xml""]",True,33,KEEP
/pt-br/rotate-image,E. Non-public / hidden tool,pt-BR,/rotate-image,404,[],[],True,True,,1970-01-01,0,E. Non-public / hidden tool,404,"noindex, nofollow",[],[],False,0,EXISTING_404
/pt-br/rotate-pdf,D. Valid localized page,pt-BR,/rotate-pdf,200,"[""https://pdfpilot.net/pt-br/rotate-pdf""]","[""/sitemap.xml""]",True,True,,1970-01-01,2,G. Thin or incomplete locale page,200,"index, follow","[""https://pdfpilot.net/pt-br/rotate-pdf""]","[""/sitemaps/families/pt-br.xml""]",True,2,KEEP
/pt-br/scan-pdf,D. Valid localized page,pt-BR,/scan-pdf,200,"[""https://pdfpilot.net/pt-br/scan-pdf""]","[""/sitemap.xml""]",True,True,,1970-01-01,2,G. Thin or incomplete locale page,200,"index, follow","[""https://pdfpilot.net/pt-br/scan-pdf""]","[""/sitemaps/families/pt-br.xml""]",True,2,KEEP
/pt-br/sql-to-csv,E. Non-public / hidden tool,pt-BR,/sql-to-csv,404,[],[],True,True,,1970-01-01,0,E. Non-public / hidden tool,404,"noindex, nofollow",[],[],False,0,EXISTING_404
/pt-br/sql-to-json,E. Non-public / hidden tool,pt-BR,/sql-to-json,404,[],[],True,True,,1970-01-01,0,E. Non-public / hidden tool,404,"noindex, nofollow",[],[],False,0,EXISTING_404
/pt-br/summary-generator,E. Non-public / hidden tool,pt-BR,/summary-generator,404,[],[],True,True,,1970-01-01,0,E. Non-public / hidden tool,404,"noindex, nofollow",[],[],False,0,EXISTING_404
/pt-br/svg-to-pdf,E. Non-public / hidden tool,pt-BR,/svg-to-pdf,404,[],[],True,True,,1970-01-01,0,E. Non-public / hidden tool,404,"noindex, nofollow",[],[],False,0,EXISTING_404
/pt-br/text-to-html,E. Non-public / hidden tool,pt-BR,/text-to-html,404,[],[],True,True,,1970-01-01,0,E. Non-public / hidden tool,404,"noindex, nofollow",[],[],False,0,EXISTING_404
/pt-br/tsv-to-excel,E. Non-public / hidden tool,pt-BR,/tsv-to-excel,404,[],[],True,True,,1970-01-01,0,E. Non-public / hidden tool,404,"noindex, nofollow",[],[],False,0,EXISTING_404
/pt-br/txt-to-pdf,E. Non-public / hidden tool,pt-BR,/txt-to-pdf,404,[],[],True,True,,1970-01-01,0,E. Non-public / hidden tool,404,"noindex, nofollow",[],[],False,0,EXISTING_404
/pt-br/unlock-pdf,E. Non-public / hidden tool,pt-BR,/unlock-pdf,404,[],[],True,True,,1970-01-01,0,E. Non-public / hidden tool,404,"noindex, nofollow",[],[],False,0,EXISTING_404
/pt-br/url-decode,E. Non-public / hidden tool,pt-BR,/url-decode,404,[],[],True,True,,1970-01-01,0,E. Non-public / hidden tool,404,"noindex, nofollow",[],[],False,0,EXISTING_404
/pt-br/url-encode,E. Non-public / hidden tool,pt-BR,/url-encode,404,[],[],True,True,,1970-01-01,0,E. Non-public / hidden tool,404,"noindex, nofollow",[],[],False,0,EXISTING_404
/pt-br/watermark-pdf,G. Thin or duplicate locale page,pt-BR,/watermark-pdf,200,"[""https://pdfpilot.net/pt-br/watermark-pdf""]","[""/sitemap.xml""]",True,True,,1970-01-01,2,G. Thin or incomplete locale page,200,"noindex, follow","[""https://pdfpilot.net/pt-br/watermark-pdf""]",[],False,2,NOINDEX
/pt-br/word-to-pdf,D. Valid localized page,pt-BR,/word-to-pdf,200,"[""https://pdfpilot.net/pt-br/word-to-pdf""]","[""/sitemap.xml""]",True,True,,1970-01-01,26,G. Thin or incomplete locale page,200,"index, follow","[""https://pdfpilot.net/pt-br/word-to-pdf""]","[""/sitemaps/families/pt-br.xml""]",True,33,KEEP
/pt-br/xml-formatter,E. Non-public / hidden tool,pt-BR,/xml-formatter,404,[],[],True,True,,1970-01-01,0,E. Non-public / hidden tool,404,"noindex, nofollow",[],[],False,0,EXISTING_404
/pt-br/xml-to-csv,E. Non-public / hidden tool,pt-BR,/xml-to-csv,404,[],[],True,True,,1970-01-01,0,E. Non-public / hidden tool,404,"noindex, nofollow",[],[],False,0,EXISTING_404
/pt-br/xml-to-json,E. Non-public / hidden tool,pt-BR,/xml-to-json,404,[],[],True,True,,1970-01-01,0,E. Non-public / hidden tool,404,"noindex, nofollow",[],[],False,0,EXISTING_404
/pt-br/xml-to-yaml,E. Non-public / hidden tool,pt-BR,/xml-to-yaml,404,[],[],True,True,,1970-01-01,0,E. Non-public / hidden tool,404,"noindex, nofollow",[],[],False,0,EXISTING_404
/pt-br/xml-validator,E. Non-public / hidden tool,pt-BR,/xml-validator,404,[],[],True,True,,1970-01-01,0,E. Non-public / hidden tool,404,"noindex, nofollow",[],[],False,0,EXISTING_404
/pt-br/yaml-to-json,E. Non-public / hidden tool,pt-BR,/yaml-to-json,404,[],[],True,True,,1970-01-01,0,E. Non-public / hidden tool,404,"noindex, nofollow",[],[],False,0,EXISTING_404
/pt-br/yaml-to-xml,E. Non-public / hidden tool,pt-BR,/yaml-to-xml,404,[],[],True,True,,1970-01-01,0,E. Non-public / hidden tool,404,"noindex, nofollow",[],[],False,0,EXISTING_404
/repair-pdf,A. Current approved core tool,en,/repair-pdf,200,"[""https://pdfpilot.net/repair-pdf""]","[""/sitemap.xml""]",True,False,,1970-01-01,2,A. Current approved core tool,200,"index, follow (default)","[""https://pdfpilot.net/repair-pdf""]","[""/sitemaps/families/core.xml""]",True,2,KEEP
/ru/add-page-numbers,G. Thin or duplicate locale page,ru,/add-page-numbers,200,"[""https://pdfpilot.net/ru/add-page-numbers""]","[""/sitemap.xml""]",True,True,,1970-01-01,2,G. Thin or incomplete locale page,200,"noindex, follow","[""https://pdfpilot.net/ru/add-page-numbers""]",[],False,2,NOINDEX
/ru/base64-decode,E. Non-public / hidden tool,ru,/base64-decode,404,[],[],True,True,,1970-01-01,0,E. Non-public / hidden tool,404,"noindex, nofollow",[],[],False,0,EXISTING_404
/ru/base64-encode,E. Non-public / hidden tool,ru,/base64-encode,404,[],[],True,True,,1970-01-01,0,E. Non-public / hidden tool,404,"noindex, nofollow",[],[],False,0,EXISTING_404
/ru/column-extractor,E. Non-public / hidden tool,ru,/column-extractor,404,[],[],True,True,,1970-01-01,0,E. Non-public / hidden tool,404,"noindex, nofollow",[],[],False,0,EXISTING_404
/ru/compare-pdf,E. Non-public / hidden tool,ru,/compare-pdf,404,[],[],True,True,,1970-01-01,0,E. Non-public / hidden tool,404,"noindex, nofollow",[],[],False,0,EXISTING_404
/ru/compress-image,E. Non-public / hidden tool,ru,/compress-image,404,[],[],True,True,,1970-01-01,0,E. Non-public / hidden tool,404,"noindex, nofollow",[],[],False,0,EXISTING_404
/ru/convert-image,E. Non-public / hidden tool,ru,/convert-image,404,[],[],True,True,,1970-01-01,0,E. Non-public / hidden tool,404,"noindex, nofollow",[],[],False,0,EXISTING_404
/ru/csv-cleaner,E. Non-public / hidden tool,ru,/csv-cleaner,404,[],[],True,True,,1970-01-01,0,E. Non-public / hidden tool,404,"noindex, nofollow",[],[],False,0,EXISTING_404
/ru/csv-formatter,E. Non-public / hidden tool,ru,/csv-formatter,404,[],[],True,True,,1970-01-01,0,E. Non-public / hidden tool,404,"noindex, nofollow",[],[],False,0,EXISTING_404
/ru/csv-merger,E. Non-public / hidden tool,ru,/csv-merger,404,[],[],True,True,,1970-01-01,0,E. Non-public / hidden tool,404,"noindex, nofollow",[],[],False,0,EXISTING_404
/ru/csv-splitter,E. Non-public / hidden tool,ru,/csv-splitter,404,[],[],True,True,,1970-01-01,0,E. Non-public / hidden tool,404,"noindex, nofollow",[],[],False,0,EXISTING_404
/ru/csv-to-json,E. Non-public / hidden tool,ru,/csv-to-json,404,[],[],True,True,,1970-01-01,0,E. Non-public / hidden tool,404,"noindex, nofollow",[],[],False,0,EXISTING_404
/ru/csv-to-markdown-table,E. Non-public / hidden tool,ru,/csv-to-markdown-table,404,[],[],True,True,,1970-01-01,0,E. Non-public / hidden tool,404,"noindex, nofollow",[],[],False,0,EXISTING_404
/ru/csv-to-pdf,E. Non-public / hidden tool,ru,/csv-to-pdf,404,[],[],True,True,,1970-01-01,0,E. Non-public / hidden tool,404,"noindex, nofollow",[],[],False,0,EXISTING_404
/ru/csv-to-sql,E. Non-public / hidden tool,ru,/csv-to-sql,404,[],[],True,True,,1970-01-01,0,E. Non-public / hidden tool,404,"noindex, nofollow",[],[],False,0,EXISTING_404
/ru/csv-to-tsv,E. Non-public / hidden tool,ru,/csv-to-tsv,404,[],[],True,True,,1970-01-01,0,E. Non-public / hidden tool,404,"noindex, nofollow",[],[],False,0,EXISTING_404
/ru/csv-to-xml,E. Non-public / hidden tool,ru,/csv-to-xml,404,[],[],True,True,,1970-01-01,0,E. Non-public / hidden tool,404,"noindex, nofollow",[],[],False,0,EXISTING_404
/ru/delete-pages,G. Thin or duplicate locale page,ru,/delete-pages,200,"[""https://pdfpilot.net/ru/delete-pages""]","[""/sitemap.xml""]",True,True,,1970-01-01,2,G. Thin or incomplete locale page,200,"noindex, follow","[""https://pdfpilot.net/ru/delete-pages""]",[],False,2,NOINDEX
/ru/docx-merge,E. Non-public / hidden tool,ru,/docx-merge,404,[],[],True,True,,1970-01-01,0,E. Non-public / hidden tool,404,"noindex, nofollow",[],[],False,0,EXISTING_404
/ru/duplicate-pages,E. Non-public / hidden tool,ru,/duplicate-pages,404,[],[],True,True,,1970-01-01,0,E. Non-public / hidden tool,404,"noindex, nofollow",[],[],False,0,EXISTING_404
/ru/duplicate-row-remover,E. Non-public / hidden tool,ru,/duplicate-row-remover,404,[],[],True,True,,1970-01-01,0,E. Non-public / hidden tool,404,"noindex, nofollow",[],[],False,0,EXISTING_404
/ru/excel-sheet-extractor,E. Non-public / hidden tool,ru,/excel-sheet-extractor,404,[],[],True,True,,1970-01-01,0,E. Non-public / hidden tool,404,"noindex, nofollow",[],[],False,0,EXISTING_404
/ru/excel-sheet-merger,E. Non-public / hidden tool,ru,/excel-sheet-merger,404,[],[],True,True,,1970-01-01,0,E. Non-public / hidden tool,404,"noindex, nofollow",[],[],False,0,EXISTING_404
/ru/excel-to-csv,E. Non-public / hidden tool,ru,/excel-to-csv,404,[],[],True,True,,1970-01-01,0,E. Non-public / hidden tool,404,"noindex, nofollow",[],[],False,0,EXISTING_404
/ru/excel-to-json,E. Non-public / hidden tool,ru,/excel-to-json,404,[],[],True,True,,1970-01-01,0,E. Non-public / hidden tool,404,"noindex, nofollow",[],[],False,0,EXISTING_404
/ru/excel-to-pdf,G. Thin or duplicate locale page,ru,/excel-to-pdf,200,"[""https://pdfpilot.net/ru/excel-to-pdf""]","[""/sitemap.xml""]",True,True,,1970-01-01,26,G. Thin or incomplete locale page,200,"noindex, follow","[""https://pdfpilot.net/ru/excel-to-pdf""]",[],False,31,NOINDEX
/ru/excel-to-xml,G. Thin or duplicate locale page,ru,/excel-to-xml,200,"[""https://pdfpilot.net/ru/excel-to-xml""]","[""/sitemap.xml""]",True,True,,1970-01-01,2,G. Thin or incomplete locale page,200,"noindex, follow","[""https://pdfpilot.net/ru/excel-to-xml""]",[],False,2,NOINDEX
/ru/extract-pages,G. Thin or duplicate locale page,ru,/extract-pages,200,"[""https://pdfpilot.net/ru/extract-pages""]","[""/sitemap.xml""]",True,True,,1970-01-01,2,G. Thin or incomplete locale page,200,"noindex, follow","[""https://pdfpilot.net/ru/extract-pages""]",[],False,2,NOINDEX
/ru/fill-pdf,G. Thin or duplicate locale page,ru,/fill-pdf,200,"[""https://pdfpilot.net/ru/fill-pdf""]","[""/sitemap.xml""]",True,True,,1970-01-01,2,G. Thin or incomplete locale page,200,"noindex, follow","[""https://pdfpilot.net/ru/fill-pdf""]",[],False,2,NOINDEX
/ru/flatten-pdf,E. Non-public / hidden tool,ru,/flatten-pdf,404,[],[],True,True,,1970-01-01,0,E. Non-public / hidden tool,404,"noindex, nofollow",[],[],False,0,EXISTING_404
/ru/heic-to-jpg,E. Non-public / hidden tool,ru,/heic-to-jpg,404,[],[],True,True,,1970-01-01,0,E. Non-public / hidden tool,404,"noindex, nofollow",[],[],False,0,EXISTING_404
/ru/heic-to-png,E. Non-public / hidden tool,ru,/heic-to-png,404,[],[],True,True,,1970-01-01,0,E. Non-public / hidden tool,404,"noindex, nofollow",[],[],False,0,EXISTING_404
/ru/html-to-markdown,E. Non-public / hidden tool,ru,/html-to-markdown,404,[],[],True,True,,1970-01-01,0,E. Non-public / hidden tool,404,"noindex, nofollow",[],[],False,0,EXISTING_404
/ru/html-to-pdf,G. Thin or duplicate locale page,ru,/html-to-pdf,200,"[""https://pdfpilot.net/ru/html-to-pdf""]","[""/sitemap.xml""]",True,True,,1970-01-01,2,G. Thin or incomplete locale page,200,"noindex, follow","[""https://pdfpilot.net/ru/html-to-pdf""]",[],False,2,NOINDEX
/ru/html-to-text,E. Non-public / hidden tool,ru,/html-to-text,404,[],[],True,True,,1970-01-01,0,E. Non-public / hidden tool,404,"noindex, nofollow",[],[],False,0,EXISTING_404
/ru/image-watermark,E. Non-public / hidden tool,ru,/image-watermark,404,[],[],True,True,,1970-01-01,0,E. Non-public / hidden tool,404,"noindex, nofollow",[],[],False,0,EXISTING_404
/ru/insert-pages,E. Non-public / hidden tool,ru,/insert-pages,404,[],[],True,True,,1970-01-01,0,E. Non-public / hidden tool,404,"noindex, nofollow",[],[],False,0,EXISTING_404
/ru/jpg-v-pdf,D. Valid localized page,ru,/jpg-to-pdf,200,"[""https://pdfpilot.net/ru/jpg-v-pdf""]","[""/sitemap.xml""]",True,False,,1970-01-01,26,G. Thin or incomplete locale page,200,"index, follow (default)","[""https://pdfpilot.net/ru/jpg-v-pdf""]","[""/sitemaps/families/locales.xml""]",True,31,KEEP
/ru/json-diff,E. Non-public / hidden tool,ru,/json-diff,404,[],[],True,True,,1970-01-01,0,E. Non-public / hidden tool,404,"noindex, nofollow",[],[],False,0,EXISTING_404
/ru/json-to-csv,E. Non-public / hidden tool,ru,/json-to-csv,404,[],[],True,True,,1970-01-01,0,E. Non-public / hidden tool,404,"noindex, nofollow",[],[],False,0,EXISTING_404
/ru/json-to-sql,E. Non-public / hidden tool,ru,/json-to-sql,404,[],[],True,True,,1970-01-01,0,E. Non-public / hidden tool,404,"noindex, nofollow",[],[],False,0,EXISTING_404
/ru/json-to-xml,E. Non-public / hidden tool,ru,/json-to-xml,404,[],[],True,True,,1970-01-01,0,E. Non-public / hidden tool,404,"noindex, nofollow",[],[],False,0,EXISTING_404
/ru/jwt-decode,E. Non-public / hidden tool,ru,/jwt-decode,404,[],[],True,True,,1970-01-01,0,E. Non-public / hidden tool,404,"noindex, nofollow",[],[],False,0,EXISTING_404
/ru/lock-pdf,E. Non-public / hidden tool,ru,/lock-pdf,404,[],[],True,True,,1970-01-01,0,E. Non-public / hidden tool,404,"noindex, nofollow",[],[],False,0,EXISTING_404
/ru/markdown-table-to-csv,E. Non-public / hidden tool,ru,/markdown-table-to-csv,404,[],[],True,True,,1970-01-01,0,E. Non-public / hidden tool,404,"noindex, nofollow",[],[],False,0,EXISTING_404
/ru/markdown-to-html,E. Non-public / hidden tool,ru,/markdown-to-html,404,[],[],True,True,,1970-01-01,0,E. Non-public / hidden tool,404,"noindex, nofollow",[],[],False,0,EXISTING_404
/ru/markdown-to-pdf,E. Non-public / hidden tool,ru,/markdown-to-pdf,404,[],[],True,True,,1970-01-01,0,E. Non-public / hidden tool,404,"noindex, nofollow",[],[],False,0,EXISTING_404
/ru/obedinit-pdf,D. Valid localized page,ru,/merge-pdf,200,"[""https://pdfpilot.net/ru/obedinit-pdf""]","[""/sitemap.xml""]",True,False,,1970-01-01,28,G. Thin or incomplete locale page,200,"index, follow (default)","[""https://pdfpilot.net/ru/obedinit-pdf""]","[""/sitemaps/families/locales.xml""]",True,33,KEEP
/ru/ocr-image,E. Non-public / hidden tool,ru,/ocr-image,404,[],[],True,True,,1970-01-01,0,E. Non-public / hidden tool,404,"noindex, nofollow",[],[],False,0,EXISTING_404
/ru/ocr-pdf,G. Thin or duplicate locale page,ru,/ocr-pdf,200,"[""https://pdfpilot.net/ru/ocr-pdf""]","[""/sitemap.xml""]",True,True,,1970-01-01,2,G. Thin or incomplete locale page,200,"noindex, follow","[""https://pdfpilot.net/ru/ocr-pdf""]",[],False,2,NOINDEX
/ru/organize-pdf,G. Thin or duplicate locale page,ru,/organize-pdf,200,"[""https://pdfpilot.net/ru/organize-pdf""]","[""/sitemap.xml""]",True,True,,1970-01-01,2,G. Thin or incomplete locale page,200,"noindex, follow","[""https://pdfpilot.net/ru/organize-pdf""]",[],False,2,NOINDEX
/ru/pdf-metadata-editor,E. Non-public / hidden tool,ru,/pdf-metadata-editor,404,[],[],True,True,,1970-01-01,0,E. Non-public / hidden tool,404,"noindex, nofollow",[],[],False,0,EXISTING_404
/ru/pdf-to-pdfa,G. Thin or duplicate locale page,ru,/pdf-to-pdfa,200,"[""https://pdfpilot.net/ru/pdf-to-pdfa""]","[""/sitemap.xml""]",True,True,,1970-01-01,2,G. Thin or incomplete locale page,200,"noindex, follow","[""https://pdfpilot.net/ru/pdf-to-pdfa""]",[],False,2,NOINDEX
/ru/pdf-to-powerpoint,G. Thin or duplicate locale page,ru,/pdf-to-powerpoint,200,"[""https://pdfpilot.net/ru/pdf-to-powerpoint""]","[""/sitemap.xml""]",True,True,,1970-01-01,2,G. Thin or incomplete locale page,200,"noindex, follow","[""https://pdfpilot.net/ru/pdf-to-powerpoint""]",[],False,2,NOINDEX
/ru/pdf-to-word,G. Thin or duplicate locale page,ru,/pdf-to-word,200,"[""https://pdfpilot.net/ru/pdf-to-word""]","[""/sitemap.xml""]",True,True,,1970-01-01,2,G. Thin or incomplete locale page,200,"noindex, follow","[""https://pdfpilot.net/ru/pdf-to-word""]",[],False,2,NOINDEX
/ru/pdf-v-jpg,D. Valid localized page,ru,/pdf-to-jpg,200,"[""https://pdfpilot.net/ru/pdf-v-jpg""]","[""/sitemap.xml""]",True,False,,1970-01-01,26,G. Thin or incomplete locale page,200,"index, follow (default)","[""https://pdfpilot.net/ru/pdf-v-jpg""]","[""/sitemaps/families/locales.xml""]",True,31,KEEP
/ru/razdelit-pdf,D. Valid localized page,ru,/split-pdf,200,"[""https://pdfpilot.net/ru/razdelit-pdf""]","[""/sitemap.xml""]",True,False,,1970-01-01,28,G. Thin or incomplete locale page,200,"index, follow (default)","[""https://pdfpilot.net/ru/razdelit-pdf""]","[""/sitemaps/families/locales.xml""]",True,33,KEEP
/ru/rearrange-pages,E. Non-public / hidden tool,ru,/rearrange-pages,404,[],[],True,True,,1970-01-01,0,E. Non-public / hidden tool,404,"noindex, nofollow",[],[],False,0,EXISTING_404
/ru/repair-pdf,G. Thin or duplicate locale page,ru,/repair-pdf,200,"[""https://pdfpilot.net/ru/repair-pdf""]","[""/sitemap.xml""]",True,True,,1970-01-01,2,G. Thin or incomplete locale page,200,"noindex, follow","[""https://pdfpilot.net/ru/repair-pdf""]",[],False,2,NOINDEX
/ru/resize-image,E. Non-public / hidden tool,ru,/resize-image,404,[],[],True,True,,1970-01-01,0,E. Non-public / hidden tool,404,"noindex, nofollow",[],[],False,0,EXISTING_404
/ru/rotate-image,E. Non-public / hidden tool,ru,/rotate-image,404,[],[],True,True,,1970-01-01,0,E. Non-public / hidden tool,404,"noindex, nofollow",[],[],False,0,EXISTING_404
/ru/rotate-pdf,G. Thin or duplicate locale page,ru,/rotate-pdf,200,"[""https://pdfpilot.net/ru/rotate-pdf""]","[""/sitemap.xml""]",True,True,,1970-01-01,2,G. Thin or incomplete locale page,200,"noindex, follow","[""https://pdfpilot.net/ru/rotate-pdf""]",[],False,2,NOINDEX
/ru/scan-pdf,G. Thin or duplicate locale page,ru,/scan-pdf,200,"[""https://pdfpilot.net/ru/scan-pdf""]","[""/sitemap.xml""]",True,True,,1970-01-01,2,G. Thin or incomplete locale page,200,"noindex, follow","[""https://pdfpilot.net/ru/scan-pdf""]",[],False,2,NOINDEX
/ru/sql-to-csv,E. Non-public / hidden tool,ru,/sql-to-csv,404,[],[],True,True,,1970-01-01,0,E. Non-public / hidden tool,404,"noindex, nofollow",[],[],False,0,EXISTING_404
/ru/sql-to-json,E. Non-public / hidden tool,ru,/sql-to-json,404,[],[],True,True,,1970-01-01,0,E. Non-public / hidden tool,404,"noindex, nofollow",[],[],False,0,EXISTING_404
/ru/summary-generator,E. Non-public / hidden tool,ru,/summary-generator,404,[],[],True,True,,1970-01-01,0,E. Non-public / hidden tool,404,"noindex, nofollow",[],[],False,0,EXISTING_404
/ru/svg-to-pdf,E. Non-public / hidden tool,ru,/svg-to-pdf,404,[],[],True,True,,1970-01-01,0,E. Non-public / hidden tool,404,"noindex, nofollow",[],[],False,0,EXISTING_404
/ru/text-to-html,E. Non-public / hidden tool,ru,/text-to-html,404,[],[],True,True,,1970-01-01,0,E. Non-public / hidden tool,404,"noindex, nofollow",[],[],False,0,EXISTING_404
/ru/txt-to-pdf,E. Non-public / hidden tool,ru,/txt-to-pdf,404,[],[],True,True,,1970-01-01,0,E. Non-public / hidden tool,404,"noindex, nofollow",[],[],False,0,EXISTING_404
/ru/unlock-pdf,E. Non-public / hidden tool,ru,/unlock-pdf,404,[],[],True,True,,1970-01-01,0,E. Non-public / hidden tool,404,"noindex, nofollow",[],[],False,0,EXISTING_404
/ru/url-decode,E. Non-public / hidden tool,ru,/url-decode,404,[],[],True,True,,1970-01-01,0,E. Non-public / hidden tool,404,"noindex, nofollow",[],[],False,0,EXISTING_404
/ru/watermark-pdf,G. Thin or duplicate locale page,ru,/watermark-pdf,200,"[""https://pdfpilot.net/ru/watermark-pdf""]","[""/sitemap.xml""]",True,True,,1970-01-01,2,G. Thin or incomplete locale page,200,"noindex, follow","[""https://pdfpilot.net/ru/watermark-pdf""]",[],False,2,NOINDEX
/ru/word-to-pdf,G. Thin or duplicate locale page,ru,/word-to-pdf,200,"[""https://pdfpilot.net/ru/word-to-pdf""]","[""/sitemap.xml""]",True,True,,1970-01-01,26,G. Thin or incomplete locale page,200,"noindex, follow","[""https://pdfpilot.net/ru/word-to-pdf""]",[],False,31,NOINDEX
/ru/xml-formatter,E. Non-public / hidden tool,ru,/xml-formatter,404,[],[],True,True,,1970-01-01,0,E. Non-public / hidden tool,404,"noindex, nofollow",[],[],False,0,EXISTING_404
/ru/xml-minifier,E. Non-public / hidden tool,ru,/xml-minifier,404,[],[],True,True,,1970-01-01,0,E. Non-public / hidden tool,404,"noindex, nofollow",[],[],False,0,EXISTING_404
/ru/xml-to-excel,E. Non-public / hidden tool,ru,/xml-to-excel,404,[],[],True,True,,1970-01-01,0,E. Non-public / hidden tool,404,"noindex, nofollow",[],[],False,0,EXISTING_404
/ru/xml-to-json,E. Non-public / hidden tool,ru,/xml-to-json,404,[],[],True,True,,1970-01-01,0,E. Non-public / hidden tool,404,"noindex, nofollow",[],[],False,0,EXISTING_404
/ru/xml-to-yaml,E. Non-public / hidden tool,ru,/xml-to-yaml,404,[],[],True,True,,1970-01-01,0,E. Non-public / hidden tool,404,"noindex, nofollow",[],[],False,0,EXISTING_404
/ru/yaml-to-json,E. Non-public / hidden tool,ru,/yaml-to-json,404,[],[],True,True,,1970-01-01,0,E. Non-public / hidden tool,404,"noindex, nofollow",[],[],False,0,EXISTING_404
/ru/yaml-to-xml,E. Non-public / hidden tool,ru,/yaml-to-xml,404,[],[],True,True,,1970-01-01,0,E. Non-public / hidden tool,404,"noindex, nofollow",[],[],False,0,EXISTING_404
/scan-pdf,A. Current approved core tool,en,/scan-pdf,200,"[""https://pdfpilot.net/scan-pdf""]","[""/sitemap.xml""]",True,False,,1970-01-01,2,A. Current approved core tool,200,"index, follow (default)","[""https://pdfpilot.net/scan-pdf""]","[""/sitemaps/families/core.xml""]",True,3,KEEP
/sql-to-json,E. Non-public / hidden tool,en,/sql-to-json,404,[],[],True,False,,1970-01-01,0,E. Non-public / hidden tool,404,"noindex, nofollow",[],[],False,0,EXISTING_404
/summary-generator,E. Non-public / hidden tool,en,/summary-generator,404,[],[],True,False,,1970-01-01,0,E. Non-public / hidden tool,404,"noindex, nofollow",[],[],False,0,EXISTING_404
/svg-to-pdf,E. Non-public / hidden tool,en,/svg-to-pdf,404,[],[],True,False,,1970-01-01,0,E. Non-public / hidden tool,404,"noindex, nofollow",[],[],False,0,EXISTING_404
/tsv-to-csv,E. Non-public / hidden tool,en,/tsv-to-csv,404,[],[],True,False,,1970-01-01,0,E. Non-public / hidden tool,404,"noindex, nofollow",[],[],False,0,EXISTING_404
/tsv-to-excel,E. Non-public / hidden tool,en,/tsv-to-excel,404,[],[],True,False,,1970-01-01,0,E. Non-public / hidden tool,404,"noindex, nofollow",[],[],False,0,EXISTING_404
/txt-to-pdf,E. Non-public / hidden tool,en,/txt-to-pdf,404,[],[],True,False,,1970-01-01,0,E. Non-public / hidden tool,404,"noindex, nofollow",[],[],False,0,EXISTING_404
/url-decode,E. Non-public / hidden tool,en,/url-decode,404,[],[],True,False,,1970-01-01,0,E. Non-public / hidden tool,404,"noindex, nofollow",[],[],False,0,EXISTING_404
/url-encode,E. Non-public / hidden tool,en,/url-encode,404,[],[],True,False,,1970-01-01,0,E. Non-public / hidden tool,404,"noindex, nofollow",[],[],False,0,EXISTING_404
/use-cases/combine-bank-statements-into-one-pdf,C. Valid resource/content page,en,,200,"[""https://pdfpilot.net/use-cases/combine-bank-statements-into-one-pdf""]","[""/sitemap.xml""]",True,False,,1970-01-01,1,C. Resource/content page requiring review,200,"index, follow (default)","[""https://pdfpilot.net/use-cases/combine-bank-statements-into-one-pdf""]","[""/sitemaps/families/resources.xml""]",True,1,KEEP
/use-cases/compress-a-resume-for-email,C. Valid resource/content page,en,,200,"[""https://pdfpilot.net/use-cases/compress-a-resume-for-email""]","[""/sitemap.xml""]",True,False,,1970-01-01,1,C. Resource/content page requiring review,200,"index, follow (default)","[""https://pdfpilot.net/use-cases/compress-a-resume-for-email""]","[""/sitemaps/families/resources.xml""]",True,1,KEEP
/use-cases/merge-invoices-into-one-pdf,C. Valid resource/content page,en,,200,"[""https://pdfpilot.net/use-cases/merge-invoices-into-one-pdf""]","[""/sitemap.xml""]",True,False,,1970-01-01,1,C. Resource/content page requiring review,200,"index, follow (default)","[""https://pdfpilot.net/use-cases/merge-invoices-into-one-pdf""]","[""/sitemaps/families/resources.xml""]",True,1,KEEP
/use-cases/prepare-a-spreadsheet-export-for-a-data-import,C. Valid resource/content page,en,,200,"[""https://pdfpilot.net/use-cases/prepare-a-spreadsheet-export-for-a-data-import""]","[""/sitemap.xml""]",True,False,,1970-01-01,1,C. Resource/content page requiring review,200,"index, follow (default)","[""https://pdfpilot.net/use-cases/prepare-a-spreadsheet-export-for-a-data-import""]","[""/sitemaps/families/resources.xml""]",True,1,KEEP
/use-cases/prepare-api-json-data-for-a-non-technical-teammate,I. Comparison/resource page,en,,200,"[""https://pdfpilot.net/use-cases/prepare-api-json-data-for-a-non-technical-teammate""]","[""/sitemap.xml""]",True,False,,1970-01-01,1,C. Resource/content page requiring review,200,"noindex, follow","[""https://pdfpilot.net/use-cases/prepare-api-json-data-for-a-non-technical-teammate""]",[],False,1,NOINDEX
/use-cases/prepare-documents-for-printing,C. Valid resource/content page,en,,200,"[""https://pdfpilot.net/use-cases/prepare-documents-for-printing""]","[""/sitemap.xml""]",True,False,,1970-01-01,1,C. Resource/content page requiring review,200,"index, follow (default)","[""https://pdfpilot.net/use-cases/prepare-documents-for-printing""]","[""/sitemaps/families/resources.xml""]",True,1,KEEP
/use-cases/prepare-iphone-photos-for-a-website,I. Comparison/resource page,en,,200,"[""https://pdfpilot.net/use-cases/prepare-iphone-photos-for-a-website""]","[""/sitemap.xml""]",True,False,,1970-01-01,1,C. Resource/content page requiring review,200,"noindex, follow","[""https://pdfpilot.net/use-cases/prepare-iphone-photos-for-a-website""]",[],False,1,NOINDEX
/use-cases/turn-handwritten-notes-into-searchable-text,I. Comparison/resource page,en,,200,"[""https://pdfpilot.net/use-cases/turn-handwritten-notes-into-searchable-text""]","[""/sitemap.xml""]",True,False,,1970-01-01,1,C. Resource/content page requiring review,200,"noindex, follow","[""https://pdfpilot.net/use-cases/turn-handwritten-notes-into-searchable-text""]",[],False,1,NOINDEX
/use-cases/watermark-photos-before-sharing-proofs,I. Comparison/resource page,en,,200,"[""https://pdfpilot.net/use-cases/watermark-photos-before-sharing-proofs""]","[""/sitemap.xml""]",True,False,,1970-01-01,1,C. Resource/content page requiring review,200,"noindex, follow","[""https://pdfpilot.net/use-cases/watermark-photos-before-sharing-proofs""]",[],False,1,NOINDEX
/watermark-pdf,A. Current approved core tool,en,/watermark-pdf,200,"[""https://pdfpilot.net/watermark-pdf""]","[""/sitemap.xml""]",True,False,,1970-01-01,5,A. Current approved core tool,200,"index, follow (default)","[""https://pdfpilot.net/watermark-pdf""]","[""/sitemaps/families/core.xml""]",True,5,KEEP
/xml-to-csv,E. Non-public / hidden tool,en,/xml-to-csv,404,[],[],True,False,,1970-01-01,0,E. Non-public / hidden tool,404,"noindex, nofollow",[],[],False,0,EXISTING_404
/xml-to-json,E. Non-public / hidden tool,en,/xml-to-json,404,[],[],True,False,,1970-01-01,0,E. Non-public / hidden tool,404,"noindex, nofollow",[],[],False,0,EXISTING_404
/xml-validator,E. Non-public / hidden tool,en,/xml-validator,404,[],[],True,False,,1970-01-01,0,E. Non-public / hidden tool,404,"noindex, nofollow",[],[],False,0,EXISTING_404
/yaml-to-json,E. Non-public / hidden tool,en,/yaml-to-json,404,[],[],True,False,,1970-01-01,0,E. Non-public / hidden tool,404,"noindex, nofollow",[],[],False,0,EXISTING_404
/zh-cn,D. Valid localized page,zh-CN,,200,"[""https://pdfpilot.net/zh-cn""]","[""/sitemap.xml""]",True,False,,1970-01-01,28,G. Thin or incomplete locale page,200,"index, follow (default)","[""https://pdfpilot.net/zh-cn""]","[""/sitemaps/families/locales.xml""]",True,33,KEEP
/zh-cn/base64-decode,E. Non-public / hidden tool,zh-CN,/base64-decode,404,[],[],True,True,,1970-01-01,0,E. Non-public / hidden tool,404,"noindex, nofollow",[],[],False,0,EXISTING_404
/zh-cn/base64-encode,E. Non-public / hidden tool,zh-CN,/base64-encode,404,[],[],True,True,,1970-01-01,0,E. Non-public / hidden tool,404,"noindex, nofollow",[],[],False,0,EXISTING_404
/zh-cn/chaifen-pdf,D. Valid localized page,zh-CN,/split-pdf,200,"[""https://pdfpilot.net/zh-cn/chaifen-pdf""]","[""/sitemap.xml""]",True,False,,1970-01-01,28,G. Thin or incomplete locale page,200,"index, follow (default)","[""https://pdfpilot.net/zh-cn/chaifen-pdf""]","[""/sitemaps/families/locales.xml""]",True,33,KEEP
/zh-cn/column-extractor,E. Non-public / hidden tool,zh-CN,/column-extractor,404,[],[],True,True,,1970-01-01,0,E. Non-public / hidden tool,404,"noindex, nofollow",[],[],False,0,EXISTING_404
/zh-cn/compress-image,E. Non-public / hidden tool,zh-CN,/compress-image,404,[],[],True,True,,1970-01-01,0,E. Non-public / hidden tool,404,"noindex, nofollow",[],[],False,0,EXISTING_404
/zh-cn/convert-image,E. Non-public / hidden tool,zh-CN,/convert-image,404,[],[],True,True,,1970-01-01,0,E. Non-public / hidden tool,404,"noindex, nofollow",[],[],False,0,EXISTING_404
/zh-cn/crop-pdf,G. Thin or duplicate locale page,zh-CN,/crop-pdf,200,"[""https://pdfpilot.net/zh-cn/crop-pdf""]","[""/sitemap.xml""]",True,True,,1970-01-01,2,G. Thin or incomplete locale page,200,"noindex, follow","[""https://pdfpilot.net/zh-cn/crop-pdf""]",[],False,2,NOINDEX
/zh-cn/csv-cleaner,E. Non-public / hidden tool,zh-CN,/csv-cleaner,404,[],[],True,True,,1970-01-01,0,E. Non-public / hidden tool,404,"noindex, nofollow",[],[],False,0,EXISTING_404
/zh-cn/csv-formatter,E. Non-public / hidden tool,zh-CN,/csv-formatter,404,[],[],True,True,,1970-01-01,0,E. Non-public / hidden tool,404,"noindex, nofollow",[],[],False,0,EXISTING_404
/zh-cn/csv-merger,E. Non-public / hidden tool,zh-CN,/csv-merger,404,[],[],True,True,,1970-01-01,0,E. Non-public / hidden tool,404,"noindex, nofollow",[],[],False,0,EXISTING_404
/zh-cn/csv-splitter,E. Non-public / hidden tool,zh-CN,/csv-splitter,404,[],[],True,True,,1970-01-01,0,E. Non-public / hidden tool,404,"noindex, nofollow",[],[],False,0,EXISTING_404
/zh-cn/csv-to-excel,E. Non-public / hidden tool,zh-CN,/csv-to-excel,404,[],[],True,True,,1970-01-01,0,E. Non-public / hidden tool,404,"noindex, nofollow",[],[],False,0,EXISTING_404
/zh-cn/csv-to-json,E. Non-public / hidden tool,zh-CN,/csv-to-json,404,[],[],True,True,,1970-01-01,0,E. Non-public / hidden tool,404,"noindex, nofollow",[],[],False,0,EXISTING_404
/zh-cn/csv-to-markdown-table,E. Non-public / hidden tool,zh-CN,/csv-to-markdown-table,404,[],[],True,True,,1970-01-01,0,E. Non-public / hidden tool,404,"noindex, nofollow",[],[],False,0,EXISTING_404
/zh-cn/csv-to-pdf,E. Non-public / hidden tool,zh-CN,/csv-to-pdf,404,[],[],True,True,,1970-01-01,0,E. Non-public / hidden tool,404,"noindex, nofollow",[],[],False,0,EXISTING_404
/zh-cn/csv-to-sql,E. Non-public / hidden tool,zh-CN,/csv-to-sql,404,[],[],True,True,,1970-01-01,0,E. Non-public / hidden tool,404,"noindex, nofollow",[],[],False,0,EXISTING_404
/zh-cn/csv-to-tsv,E. Non-public / hidden tool,zh-CN,/csv-to-tsv,404,[],[],True,True,,1970-01-01,0,E. Non-public / hidden tool,404,"noindex, nofollow",[],[],False,0,EXISTING_404
/zh-cn/csv-to-xml,E. Non-public / hidden tool,zh-CN,/csv-to-xml,404,[],[],True,True,,1970-01-01,0,E. Non-public / hidden tool,404,"noindex, nofollow",[],[],False,0,EXISTING_404
/zh-cn/delete-pages,G. Thin or duplicate locale page,zh-CN,/delete-pages,200,"[""https://pdfpilot.net/zh-cn/delete-pages""]","[""/sitemap.xml""]",True,True,,1970-01-01,2,G. Thin or incomplete locale page,200,"noindex, follow","[""https://pdfpilot.net/zh-cn/delete-pages""]",[],False,2,NOINDEX
/zh-cn/duplicate-pages,E. Non-public / hidden tool,zh-CN,/duplicate-pages,404,[],[],True,True,,1970-01-01,0,E. Non-public / hidden tool,404,"noindex, nofollow",[],[],False,0,EXISTING_404
/zh-cn/duplicate-row-remover,E. Non-public / hidden tool,zh-CN,/duplicate-row-remover,404,[],[],True,True,,1970-01-01,0,E. Non-public / hidden tool,404,"noindex, nofollow",[],[],False,0,EXISTING_404
/zh-cn/edit-pdf,G. Thin or duplicate locale page,zh-CN,/edit-pdf,200,"[""https://pdfpilot.net/zh-cn/edit-pdf""]","[""/sitemap.xml""]",True,True,,1970-01-01,2,G. Thin or incomplete locale page,200,"noindex, follow","[""https://pdfpilot.net/zh-cn/edit-pdf""]",[],False,2,NOINDEX
/zh-cn/excel-sheet-extractor,E. Non-public / hidden tool,zh-CN,/excel-sheet-extractor,404,[],[],True,True,,1970-01-01,0,E. Non-public / hidden tool,404,"noindex, nofollow",[],[],False,0,EXISTING_404
/zh-cn/excel-sheet-merger,E. Non-public / hidden tool,zh-CN,/excel-sheet-merger,404,[],[],True,True,,1970-01-01,0,E. Non-public / hidden tool,404,"noindex, nofollow",[],[],False,0,EXISTING_404
/zh-cn/excel-to-csv,E. Non-public / hidden tool,zh-CN,/excel-to-csv,404,[],[],True,True,,1970-01-01,0,E. Non-public / hidden tool,404,"noindex, nofollow",[],[],False,0,EXISTING_404
/zh-cn/excel-to-json,E. Non-public / hidden tool,zh-CN,/excel-to-json,404,[],[],True,True,,1970-01-01,0,E. Non-public / hidden tool,404,"noindex, nofollow",[],[],False,0,EXISTING_404
/zh-cn/excel-to-tsv,E. Non-public / hidden tool,zh-CN,/excel-to-tsv,404,[],[],True,True,,1970-01-01,0,E. Non-public / hidden tool,404,"noindex, nofollow",[],[],False,0,EXISTING_404
/zh-cn/excel-to-xml,G. Thin or duplicate locale page,zh-CN,/excel-to-xml,200,"[""https://pdfpilot.net/zh-cn/excel-to-xml""]","[""/sitemap.xml""]",True,True,,1970-01-01,2,G. Thin or incomplete locale page,200,"noindex, follow","[""https://pdfpilot.net/zh-cn/excel-to-xml""]",[],False,2,NOINDEX
/zh-cn/extract-pages,G. Thin or duplicate locale page,zh-CN,/extract-pages,200,"[""https://pdfpilot.net/zh-cn/extract-pages""]","[""/sitemap.xml""]",True,True,,1970-01-01,2,G. Thin or incomplete locale page,200,"noindex, follow","[""https://pdfpilot.net/zh-cn/extract-pages""]",[],False,2,NOINDEX
/zh-cn/fill-pdf,G. Thin or duplicate locale page,zh-CN,/fill-pdf,200,"[""https://pdfpilot.net/zh-cn/fill-pdf""]","[""/sitemap.xml""]",True,True,,1970-01-01,2,G. Thin or incomplete locale page,200,"noindex, follow","[""https://pdfpilot.net/zh-cn/fill-pdf""]",[],False,2,NOINDEX
/zh-cn/flatten-pdf,E. Non-public / hidden tool,zh-CN,/flatten-pdf,404,[],[],True,True,,1970-01-01,0,E. Non-public / hidden tool,404,"noindex, nofollow",[],[],False,0,EXISTING_404
/zh-cn/heic-to-jpg,E. Non-public / hidden tool,zh-CN,/heic-to-jpg,404,[],[],True,True,,1970-01-01,0,E. Non-public / hidden tool,404,"noindex, nofollow",[],[],False,0,EXISTING_404
/zh-cn/html-to-markdown,E. Non-public / hidden tool,zh-CN,/html-to-markdown,404,[],[],True,True,,1970-01-01,0,E. Non-public / hidden tool,404,"noindex, nofollow",[],[],False,0,EXISTING_404
/zh-cn/html-to-pdf,G. Thin or duplicate locale page,zh-CN,/html-to-pdf,200,"[""https://pdfpilot.net/zh-cn/html-to-pdf""]","[""/sitemap.xml""]",True,True,,1970-01-01,2,G. Thin or incomplete locale page,200,"noindex, follow","[""https://pdfpilot.net/zh-cn/html-to-pdf""]",[],False,2,NOINDEX
/zh-cn/html-to-text,E. Non-public / hidden tool,zh-CN,/html-to-text,404,[],[],True,True,,1970-01-01,0,E. Non-public / hidden tool,404,"noindex, nofollow",[],[],False,0,EXISTING_404
/zh-cn/image-metadata,E. Non-public / hidden tool,zh-CN,/image-metadata,404,[],[],True,True,,1970-01-01,0,E. Non-public / hidden tool,404,"noindex, nofollow",[],[],False,0,EXISTING_404
/zh-cn/image-watermark,E. Non-public / hidden tool,zh-CN,/image-watermark,404,[],[],True,True,,1970-01-01,0,E. Non-public / hidden tool,404,"noindex, nofollow",[],[],False,0,EXISTING_404
/zh-cn/insert-pages,E. Non-public / hidden tool,zh-CN,/insert-pages,404,[],[],True,True,,1970-01-01,0,E. Non-public / hidden tool,404,"noindex, nofollow",[],[],False,0,EXISTING_404
/zh-cn/jpg-zhuan-pdf,D. Valid localized page,zh-CN,/jpg-to-pdf,200,"[""https://pdfpilot.net/zh-cn/jpg-zhuan-pdf""]","[""/sitemap.xml""]",True,False,,1970-01-01,26,G. Thin or incomplete locale page,200,"index, follow (default)","[""https://pdfpilot.net/zh-cn/jpg-zhuan-pdf""]","[""/sitemaps/families/locales.xml""]",True,31,KEEP
/zh-cn/json-diff,E. Non-public / hidden tool,zh-CN,/json-diff,404,[],[],True,True,,1970-01-01,0,E. Non-public / hidden tool,404,"noindex, nofollow",[],[],False,0,EXISTING_404
/zh-cn/json-formatter,E. Non-public / hidden tool,zh-CN,/json-formatter,404,[],[],True,True,,1970-01-01,0,E. Non-public / hidden tool,404,"noindex, nofollow",[],[],False,0,EXISTING_404
/zh-cn/json-minifier,E. Non-public / hidden tool,zh-CN,/json-minifier,404,[],[],True,True,,1970-01-01,0,E. Non-public / hidden tool,404,"noindex, nofollow",[],[],False,0,EXISTING_404
/zh-cn/json-to-sql,E. Non-public / hidden tool,zh-CN,/json-to-sql,404,[],[],True,True,,1970-01-01,0,E. Non-public / hidden tool,404,"noindex, nofollow",[],[],False,0,EXISTING_404
/zh-cn/json-to-xml,E. Non-public / hidden tool,zh-CN,/json-to-xml,404,[],[],True,True,,1970-01-01,0,E. Non-public / hidden tool,404,"noindex, nofollow",[],[],False,0,EXISTING_404
/zh-cn/json-to-yaml,E. Non-public / hidden tool,zh-CN,/json-to-yaml,404,[],[],True,True,,1970-01-01,0,E. Non-public / hidden tool,404,"noindex, nofollow",[],[],False,0,EXISTING_404
/zh-cn/json-validator,E. Non-public / hidden tool,zh-CN,/json-validator,404,[],[],True,True,,1970-01-01,0,E. Non-public / hidden tool,404,"noindex, nofollow",[],[],False,0,EXISTING_404
/zh-cn/lock-pdf,E. Non-public / hidden tool,zh-CN,/lock-pdf,404,[],[],True,True,,1970-01-01,0,E. Non-public / hidden tool,404,"noindex, nofollow",[],[],False,0,EXISTING_404
/zh-cn/markdown-to-html,E. Non-public / hidden tool,zh-CN,/markdown-to-html,404,[],[],True,True,,1970-01-01,0,E. Non-public / hidden tool,404,"noindex, nofollow",[],[],False,0,EXISTING_404
/zh-cn/ocr-image,E. Non-public / hidden tool,zh-CN,/ocr-image,404,[],[],True,True,,1970-01-01,0,E. Non-public / hidden tool,404,"noindex, nofollow",[],[],False,0,EXISTING_404
/zh-cn/ocr-pdf,G. Thin or duplicate locale page,zh-CN,/ocr-pdf,200,"[""https://pdfpilot.net/zh-cn/ocr-pdf""]","[""/sitemap.xml""]",True,True,,1970-01-01,2,G. Thin or incomplete locale page,200,"noindex, follow","[""https://pdfpilot.net/zh-cn/ocr-pdf""]",[],False,2,NOINDEX
/zh-cn/pdf-to-pdfa,G. Thin or duplicate locale page,zh-CN,/pdf-to-pdfa,200,"[""https://pdfpilot.net/zh-cn/pdf-to-pdfa""]","[""/sitemap.xml""]",True,True,,1970-01-01,2,G. Thin or incomplete locale page,200,"noindex, follow","[""https://pdfpilot.net/zh-cn/pdf-to-pdfa""]",[],False,2,NOINDEX
/zh-cn/pdf-to-powerpoint,G. Thin or duplicate locale page,zh-CN,/pdf-to-powerpoint,200,"[""https://pdfpilot.net/zh-cn/pdf-to-powerpoint""]","[""/sitemap.xml""]",True,True,,1970-01-01,2,G. Thin or incomplete locale page,200,"noindex, follow","[""https://pdfpilot.net/zh-cn/pdf-to-powerpoint""]",[],False,2,NOINDEX
/zh-cn/pdf-to-word,G. Thin or duplicate locale page,zh-CN,/pdf-to-word,200,"[""https://pdfpilot.net/zh-cn/pdf-to-word""]","[""/sitemap.xml""]",True,True,,1970-01-01,2,G. Thin or incomplete locale page,200,"noindex, follow","[""https://pdfpilot.net/zh-cn/pdf-to-word""]",[],False,2,NOINDEX
/zh-cn/pdf-zhuan-jpg,D. Valid localized page,zh-CN,/pdf-to-jpg,200,"[""https://pdfpilot.net/zh-cn/pdf-zhuan-jpg""]","[""/sitemap.xml""]",True,False,,1970-01-01,26,G. Thin or incomplete locale page,200,"index, follow (default)","[""https://pdfpilot.net/zh-cn/pdf-zhuan-jpg""]","[""/sitemaps/families/locales.xml""]",True,31,KEEP
/zh-cn/powerpoint-to-pdf,G. Thin or duplicate locale page,zh-CN,/powerpoint-to-pdf,200,"[""https://pdfpilot.net/zh-cn/powerpoint-to-pdf""]","[""/sitemap.xml""]",True,True,,1970-01-01,26,G. Thin or incomplete locale page,200,"noindex, follow","[""https://pdfpilot.net/zh-cn/powerpoint-to-pdf""]",[],False,31,NOINDEX
/zh-cn/rearrange-pages,E. Non-public / hidden tool,zh-CN,/rearrange-pages,404,[],[],True,True,,1970-01-01,0,E. Non-public / hidden tool,404,"noindex, nofollow",[],[],False,0,EXISTING_404
/zh-cn/repair-pdf,G. Thin or duplicate locale page,zh-CN,/repair-pdf,200,"[""https://pdfpilot.net/zh-cn/repair-pdf""]","[""/sitemap.xml""]",True,True,,1970-01-01,2,G. Thin or incomplete locale page,200,"noindex, follow","[""https://pdfpilot.net/zh-cn/repair-pdf""]",[],False,2,NOINDEX
/zh-cn/resize-image,E. Non-public / hidden tool,zh-CN,/resize-image,404,[],[],True,True,,1970-01-01,0,E. Non-public / hidden tool,404,"noindex, nofollow",[],[],False,0,EXISTING_404
/zh-cn/rotate-image,E. Non-public / hidden tool,zh-CN,/rotate-image,404,[],[],True,True,,1970-01-01,0,E. Non-public / hidden tool,404,"noindex, nofollow",[],[],False,0,EXISTING_404
/zh-cn/rotate-pdf,G. Thin or duplicate locale page,zh-CN,/rotate-pdf,200,"[""https://pdfpilot.net/zh-cn/rotate-pdf""]","[""/sitemap.xml""]",True,True,,1970-01-01,2,G. Thin or incomplete locale page,200,"noindex, follow","[""https://pdfpilot.net/zh-cn/rotate-pdf""]",[],False,2,NOINDEX
/zh-cn/sql-to-csv,E. Non-public / hidden tool,zh-CN,/sql-to-csv,404,[],[],True,True,,1970-01-01,0,E. Non-public / hidden tool,404,"noindex, nofollow",[],[],False,0,EXISTING_404
/zh-cn/sql-to-json,E. Non-public / hidden tool,zh-CN,/sql-to-json,404,[],[],True,True,,1970-01-01,0,E. Non-public / hidden tool,404,"noindex, nofollow",[],[],False,0,EXISTING_404
/zh-cn/summary-generator,E. Non-public / hidden tool,zh-CN,/summary-generator,404,[],[],True,True,,1970-01-01,0,E. Non-public / hidden tool,404,"noindex, nofollow",[],[],False,0,EXISTING_404
/zh-cn/svg-to-pdf,E. Non-public / hidden tool,zh-CN,/svg-to-pdf,404,[],[],True,True,,1970-01-01,0,E. Non-public / hidden tool,404,"noindex, nofollow",[],[],False,0,EXISTING_404
/zh-cn/text-to-html,E. Non-public / hidden tool,zh-CN,/text-to-html,404,[],[],True,True,,1970-01-01,0,E. Non-public / hidden tool,404,"noindex, nofollow",[],[],False,0,EXISTING_404
/zh-cn/tsv-to-excel,E. Non-public / hidden tool,zh-CN,/tsv-to-excel,404,[],[],True,True,,1970-01-01,0,E. Non-public / hidden tool,404,"noindex, nofollow",[],[],False,0,EXISTING_404
/zh-cn/unlock-pdf,E. Non-public / hidden tool,zh-CN,/unlock-pdf,404,[],[],True,True,,1970-01-01,0,E. Non-public / hidden tool,404,"noindex, nofollow",[],[],False,0,EXISTING_404
/zh-cn/url-decode,E. Non-public / hidden tool,zh-CN,/url-decode,404,[],[],True,True,,1970-01-01,0,E. Non-public / hidden tool,404,"noindex, nofollow",[],[],False,0,EXISTING_404
/zh-cn/url-encode,E. Non-public / hidden tool,zh-CN,/url-encode,404,[],[],True,True,,1970-01-01,0,E. Non-public / hidden tool,404,"noindex, nofollow",[],[],False,0,EXISTING_404
/zh-cn/watermark-pdf,G. Thin or duplicate locale page,zh-CN,/watermark-pdf,200,"[""https://pdfpilot.net/zh-cn/watermark-pdf""]","[""/sitemap.xml""]",True,True,,1970-01-01,2,G. Thin or incomplete locale page,200,"noindex, follow","[""https://pdfpilot.net/zh-cn/watermark-pdf""]",[],False,2,NOINDEX
/zh-cn/word-to-pdf,G. Thin or duplicate locale page,zh-CN,/word-to-pdf,200,"[""https://pdfpilot.net/zh-cn/word-to-pdf""]","[""/sitemap.xml""]",True,True,,1970-01-01,26,G. Thin or incomplete locale page,200,"noindex, follow","[""https://pdfpilot.net/zh-cn/word-to-pdf""]",[],False,31,NOINDEX
/zh-cn/xml-minifier,E. Non-public / hidden tool,zh-CN,/xml-minifier,404,[],[],True,True,,1970-01-01,0,E. Non-public / hidden tool,404,"noindex, nofollow",[],[],False,0,EXISTING_404
/zh-cn/xml-to-excel,E. Non-public / hidden tool,zh-CN,/xml-to-excel,404,[],[],True,True,,1970-01-01,0,E. Non-public / hidden tool,404,"noindex, nofollow",[],[],False,0,EXISTING_404
/zh-cn/xml-to-json,E. Non-public / hidden tool,zh-CN,/xml-to-json,404,[],[],True,True,,1970-01-01,0,E. Non-public / hidden tool,404,"noindex, nofollow",[],[],False,0,EXISTING_404
/zh-cn/xml-to-yaml,E. Non-public / hidden tool,zh-CN,/xml-to-yaml,404,[],[],True,True,,1970-01-01,0,E. Non-public / hidden tool,404,"noindex, nofollow",[],[],False,0,EXISTING_404
/zh-cn/yaml-to-json,E. Non-public / hidden tool,zh-CN,/yaml-to-json,404,[],[],True,True,,1970-01-01,0,E. Non-public / hidden tool,404,"noindex, nofollow",[],[],False,0,EXISTING_404
/zh-cn/yaml-to-xml,E. Non-public / hidden tool,zh-CN,/yaml-to-xml,404,[],[],True,True,,1970-01-01,0,E. Non-public / hidden tool,404,"noindex, nofollow",[],[],False,0,EXISTING_404
/zh-cn/yasuo-pdf,D. Valid localized page,zh-CN,/compress-pdf,200,"[""https://pdfpilot.net/zh-cn/yasuo-pdf""]","[""/sitemap.xml""]",True,False,,1970-01-01,28,G. Thin or incomplete locale page,200,"index, follow (default)","[""https://pdfpilot.net/zh-cn/yasuo-pdf""]","[""/sitemaps/families/locales.xml""]",True,33,KEEP
