route,status,contentType,redirectChain,publicPurpose,canonical,robots,xRobotsTag,sitemapMembership,locale,baseTool,internalLinkSourceCount,pseoOwner,resourceOwner,functionalityEvidence,contentAssessment,indexWanted,action,family
/,200,text/html; charset=utf-8,[],"Public hub, resource or utility","[""https://pdfpilot.net""]","index, follow (default)",,"[""/sitemaps/families/core.xml""]",en,,178,,,HTTP and link checks; not every instructional claim or template manually executed,Keep subject to per-route content review; no ranking guarantee,True,KEEP,core
/about,200,text/html; charset=utf-8,[],"Public hub, resource or utility","[""https://pdfpilot.net/about""]","index, follow (default)",,"[""/sitemaps/families/core.xml""]",en,,527,,,HTTP and link checks; not every instructional claim or template manually executed,Keep subject to per-route content review; no ranking guarantee,True,KEEP,core
/add-page-numbers,200,text/html; charset=utf-8,[],Public PDF tool,"[""https://pdfpilot.net/add-page-numbers""]","index, follow (default)",,"[""/sitemaps/families/core.xml""]",en,/add-page-numbers,4,,,26 English upload checks; representative parsed conversions; Portuguese upload checks where approved,Reviewed SSR help and accurate capability limits,True,KEEP,core
/ar,200,text/html; charset=utf-8,[],"Public hub, resource or utility","[""https://pdfpilot.net/ar""]","index, follow (default)",,"[""/sitemaps/families/locales.xml""]",ar,,33,,,HTTP and link checks; not every instructional claim or template manually executed,Keep subject to per-route content review; no ranking guarantee,True,KEEP,other-locales
/ar/add-page-numbers,200,text/html; charset=utf-8,[],Public PDF tool,"[""https://pdfpilot.net/ar/add-page-numbers""]","noindex, follow",,[],ar,/add-page-numbers,2,,,26 English upload checks; representative parsed conversions; Portuguese upload checks where approved,Incomplete language coverage or Portuguese demand/capability not validated,False,NOINDEX,other-locales
/ar/base64-encode,404,text/html; charset=utf-8,[],Hidden registry tool; existing launch policy returns 404,[],"noindex, nofollow",,[],ar,/base64-encode,0,,,Not public; not asserted working,"Review capability, impressions and backlinks before any future removal",False,EXISTING_404,other-locales
/ar/compare-pdf,404,text/html; charset=utf-8,[],Hidden registry tool; existing launch policy returns 404,[],"noindex, nofollow",,[],ar,/compare-pdf,0,,,Not public; not asserted working,"Review capability, impressions and backlinks before any future removal",False,EXISTING_404,other-locales
/ar/compress-image,404,text/html; charset=utf-8,[],Hidden registry tool; existing launch policy returns 404,[],"noindex, nofollow",,[],ar,/compress-image,0,,,Not public; not asserted working,"Review capability, impressions and backlinks before any future removal",False,EXISTING_404,other-locales
/ar/compress-pdf,308,text/html; charset=utf-8,"[{""from"": ""http://127.0.0.1:4368/ar/compress-pdf"", ""status"": 308, ""to"": ""http://127.0.0.1:4368/ar/daght-pdf""}]",Alias redirected to its existing equivalent,"[""https://pdfpilot.net/ar/daght-pdf""]","index, follow (default)",,[],ar,/compress-pdf,1,,,One-hop HTTP redirect,One canonical destination,False,REDIRECT,other-locales
/ar/convert-image,404,text/html; charset=utf-8,[],Hidden registry tool; existing launch policy returns 404,[],"noindex, nofollow",,[],ar,/convert-image,0,,,Not public; not asserted working,"Review capability, impressions and backlinks before any future removal",False,EXISTING_404,other-locales
/ar/crop-image,404,text/html; charset=utf-8,[],Hidden registry tool; existing launch policy returns 404,[],"noindex, nofollow",,[],ar,/crop-image,0,,,Not public; not asserted working,"Review capability, impressions and backlinks before any future removal",False,EXISTING_404,other-locales
/ar/crop-pdf,200,text/html; charset=utf-8,[],Public PDF tool,"[""https://pdfpilot.net/ar/crop-pdf""]","noindex, follow",,[],ar,/crop-pdf,2,,,26 English upload checks; representative parsed conversions; Portuguese upload checks where approved,Incomplete language coverage or Portuguese demand/capability not validated,False,NOINDEX,other-locales
/ar/csv-cleaner,404,text/html; charset=utf-8,[],Hidden registry tool; existing launch policy returns 404,[],"noindex, nofollow",,[],ar,/csv-cleaner,0,,,Not public; not asserted working,"Review capability, impressions and backlinks before any future removal",False,EXISTING_404,other-locales
/ar/csv-formatter,404,text/html; charset=utf-8,[],Hidden registry tool; existing launch policy returns 404,[],"noindex, nofollow",,[],ar,/csv-formatter,0,,,Not public; not asserted working,"Review capability, impressions and backlinks before any future removal",False,EXISTING_404,other-locales
/ar/csv-merger,404,text/html; charset=utf-8,[],Hidden registry tool; existing launch policy returns 404,[],"noindex, nofollow",,[],ar,/csv-merger,0,,,Not public; not asserted working,"Review capability, impressions and backlinks before any future removal",False,EXISTING_404,other-locales
/ar/csv-splitter,404,text/html; charset=utf-8,[],Hidden registry tool; existing launch policy returns 404,[],"noindex, nofollow",,[],ar,/csv-splitter,0,,,Not public; not asserted working,"Review capability, impressions and backlinks before any future removal",False,EXISTING_404,other-locales
/ar/csv-to-excel,404,text/html; charset=utf-8,[],Hidden registry tool; existing launch policy returns 404,[],"noindex, nofollow",,[],ar,/csv-to-excel,0,,,Not public; not asserted working,"Review capability, impressions and backlinks before any future removal",False,EXISTING_404,other-locales
/ar/csv-to-json,404,text/html; charset=utf-8,[],Hidden registry tool; existing launch policy returns 404,[],"noindex, nofollow",,[],ar,/csv-to-json,0,,,Not public; not asserted working,"Review capability, impressions and backlinks before any future removal",False,EXISTING_404,other-locales
/ar/csv-to-markdown-table,404,text/html; charset=utf-8,[],Hidden registry tool; existing launch policy returns 404,[],"noindex, nofollow",,[],ar,/csv-to-markdown-table,0,,,Not public; not asserted working,"Review capability, impressions and backlinks before any future removal",False,EXISTING_404,other-locales
/ar/csv-to-pdf,404,text/html; charset=utf-8,[],Hidden registry tool; existing launch policy returns 404,[],"noindex, nofollow",,[],ar,/csv-to-pdf,0,,,Not public; not asserted working,"Review capability, impressions and backlinks before any future removal",False,EXISTING_404,other-locales
/ar/csv-to-sql,404,text/html; charset=utf-8,[],Hidden registry tool; existing launch policy returns 404,[],"noindex, nofollow",,[],ar,/csv-to-sql,0,,,Not public; not asserted working,"Review capability, impressions and backlinks before any future removal",False,EXISTING_404,other-locales
/ar/csv-to-tsv,404,text/html; charset=utf-8,[],Hidden registry tool; existing launch policy returns 404,[],"noindex, nofollow",,[],ar,/csv-to-tsv,0,,,Not public; not asserted working,"Review capability, impressions and backlinks before any future removal",False,EXISTING_404,other-locales
/ar/daght-pdf,200,text/html; charset=utf-8,[],Public PDF tool,"[""https://pdfpilot.net/ar/daght-pdf""]","index, follow (default)",,"[""/sitemaps/families/locales.xml""]",ar,/compress-pdf,33,,,26 English upload checks; representative parsed conversions; Portuguese upload checks where approved,Reviewed SSR help and accurate capability limits,True,KEEP,other-locales
/ar/damj-pdf,200,text/html; charset=utf-8,[],Public PDF tool,"[""https://pdfpilot.net/ar/damj-pdf""]","index, follow (default)",,"[""/sitemaps/families/locales.xml""]",ar,/merge-pdf,33,,,26 English upload checks; representative parsed conversions; Portuguese upload checks where approved,Reviewed SSR help and accurate capability limits,True,KEEP,other-locales
/ar/delete-pages,200,text/html; charset=utf-8,[],Public PDF tool,"[""https://pdfpilot.net/ar/delete-pages""]","noindex, follow",,[],ar,/delete-pages,2,,,26 English upload checks; representative parsed conversions; Portuguese upload checks where approved,Incomplete language coverage or Portuguese demand/capability not validated,False,NOINDEX,other-locales
/ar/docx-merge,404,text/html; charset=utf-8,[],Hidden registry tool; existing launch policy returns 404,[],"noindex, nofollow",,[],ar,/docx-merge,0,,,Not public; not asserted working,"Review capability, impressions and backlinks before any future removal",False,EXISTING_404,other-locales
/ar/duplicate-pages,404,text/html; charset=utf-8,[],Hidden registry tool; existing launch policy returns 404,[],"noindex, nofollow",,[],ar,/duplicate-pages,0,,,Not public; not asserted working,"Review capability, impressions and backlinks before any future removal",False,EXISTING_404,other-locales
/ar/duplicate-row-remover,404,text/html; charset=utf-8,[],Hidden registry tool; existing launch policy returns 404,[],"noindex, nofollow",,[],ar,/duplicate-row-remover,0,,,Not public; not asserted working,"Review capability, impressions and backlinks before any future removal",False,EXISTING_404,other-locales
/ar/edit-pdf,200,text/html; charset=utf-8,[],Public PDF tool,"[""https://pdfpilot.net/ar/edit-pdf""]","noindex, follow",,[],ar,/edit-pdf,2,,,26 English upload checks; representative parsed conversions; Portuguese upload checks where approved,Incomplete language coverage or Portuguese demand/capability not validated,False,NOINDEX,other-locales
/ar/excel-sheet-extractor,404,text/html; charset=utf-8,[],Hidden registry tool; existing launch policy returns 404,[],"noindex, nofollow",,[],ar,/excel-sheet-extractor,0,,,Not public; not asserted working,"Review capability, impressions and backlinks before any future removal",False,EXISTING_404,other-locales
/ar/excel-sheet-merger,404,text/html; charset=utf-8,[],Hidden registry tool; existing launch policy returns 404,[],"noindex, nofollow",,[],ar,/excel-sheet-merger,0,,,Not public; not asserted working,"Review capability, impressions and backlinks before any future removal",False,EXISTING_404,other-locales
/ar/excel-to-csv,404,text/html; charset=utf-8,[],Hidden registry tool; existing launch policy returns 404,[],"noindex, nofollow",,[],ar,/excel-to-csv,0,,,Not public; not asserted working,"Review capability, impressions and backlinks before any future removal",False,EXISTING_404,other-locales
/ar/excel-to-json,404,text/html; charset=utf-8,[],Hidden registry tool; existing launch policy returns 404,[],"noindex, nofollow",,[],ar,/excel-to-json,0,,,Not public; not asserted working,"Review capability, impressions and backlinks before any future removal",False,EXISTING_404,other-locales
/ar/excel-to-pdf,200,text/html; charset=utf-8,[],Public PDF tool,"[""https://pdfpilot.net/ar/excel-to-pdf""]","noindex, follow",,[],ar,/excel-to-pdf,31,,,26 English upload checks; representative parsed conversions; Portuguese upload checks where approved,Incomplete language coverage or Portuguese demand/capability not validated,False,NOINDEX,other-locales
/ar/excel-to-tsv,404,text/html; charset=utf-8,[],Hidden registry tool; existing launch policy returns 404,[],"noindex, nofollow",,[],ar,/excel-to-tsv,0,,,Not public; not asserted working,"Review capability, impressions and backlinks before any future removal",False,EXISTING_404,other-locales
/ar/excel-to-xml,200,text/html; charset=utf-8,[],Public PDF tool,"[""https://pdfpilot.net/ar/excel-to-xml""]","noindex, follow",,[],ar,/excel-to-xml,2,,,26 English upload checks; representative parsed conversions; Portuguese upload checks where approved,Incomplete language coverage or Portuguese demand/capability not validated,False,NOINDEX,other-locales
/ar/extract-pages,200,text/html; charset=utf-8,[],Public PDF tool,"[""https://pdfpilot.net/ar/extract-pages""]","noindex, follow",,[],ar,/extract-pages,2,,,26 English upload checks; representative parsed conversions; Portuguese upload checks where approved,Incomplete language coverage or Portuguese demand/capability not validated,False,NOINDEX,other-locales
/ar/fill-pdf,200,text/html; charset=utf-8,[],Public PDF tool,"[""https://pdfpilot.net/ar/fill-pdf""]","noindex, follow",,[],ar,/fill-pdf,2,,,26 English upload checks; representative parsed conversions; Portuguese upload checks where approved,Incomplete language coverage or Portuguese demand/capability not validated,False,NOINDEX,other-locales
/ar/flatten-pdf,404,text/html; charset=utf-8,[],Hidden registry tool; existing launch policy returns 404,[],"noindex, nofollow",,[],ar,/flatten-pdf,0,,,Not public; not asserted working,"Review capability, impressions and backlinks before any future removal",False,EXISTING_404,other-locales
/ar/heic-to-png,404,text/html; charset=utf-8,[],Hidden registry tool; existing launch policy returns 404,[],"noindex, nofollow",,[],ar,/heic-to-png,0,,,Not public; not asserted working,"Review capability, impressions and backlinks before any future removal",False,EXISTING_404,other-locales
/ar/html-to-markdown,404,text/html; charset=utf-8,[],Hidden registry tool; existing launch policy returns 404,[],"noindex, nofollow",,[],ar,/html-to-markdown,0,,,Not public; not asserted working,"Review capability, impressions and backlinks before any future removal",False,EXISTING_404,other-locales
/ar/html-to-pdf,200,text/html; charset=utf-8,[],Public PDF tool,"[""https://pdfpilot.net/ar/html-to-pdf""]","noindex, follow",,[],ar,/html-to-pdf,2,,,26 English upload checks; representative parsed conversions; Portuguese upload checks where approved,Incomplete language coverage or Portuguese demand/capability not validated,False,NOINDEX,other-locales
/ar/image-metadata,404,text/html; charset=utf-8,[],Hidden registry tool; existing launch policy returns 404,[],"noindex, nofollow",,[],ar,/image-metadata,0,,,Not public; not asserted working,"Review capability, impressions and backlinks before any future removal",False,EXISTING_404,other-locales
/ar/image-watermark,404,text/html; charset=utf-8,[],Hidden registry tool; existing launch policy returns 404,[],"noindex, nofollow",,[],ar,/image-watermark,0,,,Not public; not asserted working,"Review capability, impressions and backlinks before any future removal",False,EXISTING_404,other-locales
/ar/insert-pages,404,text/html; charset=utf-8,[],Hidden registry tool; existing launch policy returns 404,[],"noindex, nofollow",,[],ar,/insert-pages,0,,,Not public; not asserted working,"Review capability, impressions and backlinks before any future removal",False,EXISTING_404,other-locales
/ar/jpg-ila-pdf,200,text/html; charset=utf-8,[],Public PDF tool,"[""https://pdfpilot.net/ar/jpg-ila-pdf""]","index, follow (default)",,"[""/sitemaps/families/locales.xml""]",ar,/jpg-to-pdf,31,,,26 English upload checks; representative parsed conversions; Portuguese upload checks where approved,Reviewed SSR help and accurate capability limits,True,KEEP,other-locales
/ar/jpg-to-pdf,308,text/html; charset=utf-8,"[{""from"": ""http://127.0.0.1:4368/ar/jpg-to-pdf"", ""status"": 308, ""to"": ""http://127.0.0.1:4368/ar/jpg-ila-pdf""}]",Alias redirected to its existing equivalent,"[""https://pdfpilot.net/ar/jpg-ila-pdf""]","index, follow (default)",,[],ar,/jpg-to-pdf,1,,,One-hop HTTP redirect,One canonical destination,False,REDIRECT,other-locales
/ar/json-diff,404,text/html; charset=utf-8,[],Hidden registry tool; existing launch policy returns 404,[],"noindex, nofollow",,[],ar,/json-diff,0,,,Not public; not asserted working,"Review capability, impressions and backlinks before any future removal",False,EXISTING_404,other-locales
/ar/json-formatter,404,text/html; charset=utf-8,[],Hidden registry tool; existing launch policy returns 404,[],"noindex, nofollow",,[],ar,/json-formatter,0,,,Not public; not asserted working,"Review capability, impressions and backlinks before any future removal",False,EXISTING_404,other-locales
/ar/json-minifier,404,text/html; charset=utf-8,[],Hidden registry tool; existing launch policy returns 404,[],"noindex, nofollow",,[],ar,/json-minifier,0,,,Not public; not asserted working,"Review capability, impressions and backlinks before any future removal",False,EXISTING_404,other-locales
/ar/json-to-csv,404,text/html; charset=utf-8,[],Hidden registry tool; existing launch policy returns 404,[],"noindex, nofollow",,[],ar,/json-to-csv,0,,,Not public; not asserted working,"Review capability, impressions and backlinks before any future removal",False,EXISTING_404,other-locales
/ar/json-to-excel,404,text/html; charset=utf-8,[],Hidden registry tool; existing launch policy returns 404,[],"noindex, nofollow",,[],ar,/json-to-excel,0,,,Not public; not asserted working,"Review capability, impressions and backlinks before any future removal",False,EXISTING_404,other-locales
/ar/json-to-sql,404,text/html; charset=utf-8,[],Hidden registry tool; existing launch policy returns 404,[],"noindex, nofollow",,[],ar,/json-to-sql,0,,,Not public; not asserted working,"Review capability, impressions and backlinks before any future removal",False,EXISTING_404,other-locales
/ar/json-to-xml,404,text/html; charset=utf-8,[],Hidden registry tool; existing launch policy returns 404,[],"noindex, nofollow",,[],ar,/json-to-xml,0,,,Not public; not asserted working,"Review capability, impressions and backlinks before any future removal",False,EXISTING_404,other-locales
/ar/json-to-yaml,404,text/html; charset=utf-8,[],Hidden registry tool; existing launch policy returns 404,[],"noindex, nofollow",,[],ar,/json-to-yaml,0,,,Not public; not asserted working,"Review capability, impressions and backlinks before any future removal",False,EXISTING_404,other-locales
/ar/json-validator,404,text/html; charset=utf-8,[],Hidden registry tool; existing launch policy returns 404,[],"noindex, nofollow",,[],ar,/json-validator,0,,,Not public; not asserted working,"Review capability, impressions and backlinks before any future removal",False,EXISTING_404,other-locales
/ar/jwt-decode,404,text/html; charset=utf-8,[],Hidden registry tool; existing launch policy returns 404,[],"noindex, nofollow",,[],ar,/jwt-decode,0,,,Not public; not asserted working,"Review capability, impressions and backlinks before any future removal",False,EXISTING_404,other-locales
/ar/lock-pdf,404,text/html; charset=utf-8,[],Hidden registry tool; existing launch policy returns 404,[],"noindex, nofollow",,[],ar,/lock-pdf,0,,,Not public; not asserted working,"Review capability, impressions and backlinks before any future removal",False,EXISTING_404,other-locales
/ar/markdown-table-to-csv,404,text/html; charset=utf-8,[],Hidden registry tool; existing launch policy returns 404,[],"noindex, nofollow",,[],ar,/markdown-table-to-csv,0,,,Not public; not asserted working,"Review capability, impressions and backlinks before any future removal",False,EXISTING_404,other-locales
/ar/markdown-to-html,404,text/html; charset=utf-8,[],Hidden registry tool; existing launch policy returns 404,[],"noindex, nofollow",,[],ar,/markdown-to-html,0,,,Not public; not asserted working,"Review capability, impressions and backlinks before any future removal",False,EXISTING_404,other-locales
/ar/markdown-to-pdf,404,text/html; charset=utf-8,[],Hidden registry tool; existing launch policy returns 404,[],"noindex, nofollow",,[],ar,/markdown-to-pdf,0,,,Not public; not asserted working,"Review capability, impressions and backlinks before any future removal",False,EXISTING_404,other-locales
/ar/merge-pdf,308,text/html; charset=utf-8,"[{""from"": ""http://127.0.0.1:4368/ar/merge-pdf"", ""status"": 308, ""to"": ""http://127.0.0.1:4368/ar/damj-pdf""}]",Alias redirected to its existing equivalent,"[""https://pdfpilot.net/ar/damj-pdf""]","index, follow (default)",,[],ar,/merge-pdf,1,,,One-hop HTTP redirect,One canonical destination,False,REDIRECT,other-locales
/ar/ocr-image,404,text/html; charset=utf-8,[],Hidden registry tool; existing launch policy returns 404,[],"noindex, nofollow",,[],ar,/ocr-image,0,,,Not public; not asserted working,"Review capability, impressions and backlinks before any future removal",False,EXISTING_404,other-locales
/ar/ocr-pdf,200,text/html; charset=utf-8,[],Public PDF tool,"[""https://pdfpilot.net/ar/ocr-pdf""]","noindex, follow",,[],ar,/ocr-pdf,2,,,26 English upload checks; representative parsed conversions; Portuguese upload checks where approved,Incomplete language coverage or Portuguese demand/capability not validated,False,NOINDEX,other-locales
/ar/organize-pdf,200,text/html; charset=utf-8,[],Public PDF tool,"[""https://pdfpilot.net/ar/organize-pdf""]","noindex, follow",,[],ar,/organize-pdf,2,,,26 English upload checks; representative parsed conversions; Portuguese upload checks where approved,Incomplete language coverage or Portuguese demand/capability not validated,False,NOINDEX,other-locales
/ar/pdf-ila-jpg,200,text/html; charset=utf-8,[],Public PDF tool,"[""https://pdfpilot.net/ar/pdf-ila-jpg""]","index, follow (default)",,"[""/sitemaps/families/locales.xml""]",ar,/pdf-to-jpg,31,,,26 English upload checks; representative parsed conversions; Portuguese upload checks where approved,Reviewed SSR help and accurate capability limits,True,KEEP,other-locales
/ar/pdf-metadata-editor,404,text/html; charset=utf-8,[],Hidden registry tool; existing launch policy returns 404,[],"noindex, nofollow",,[],ar,/pdf-metadata-editor,0,,,Not public; not asserted working,"Review capability, impressions and backlinks before any future removal",False,EXISTING_404,other-locales
/ar/pdf-to-excel,200,text/html; charset=utf-8,[],Public PDF tool,"[""https://pdfpilot.net/ar/pdf-to-excel""]","noindex, follow",,[],ar,/pdf-to-excel,2,,,26 English upload checks; representative parsed conversions; Portuguese upload checks where approved,Incomplete language coverage or Portuguese demand/capability not validated,False,NOINDEX,other-locales
/ar/pdf-to-jpg,308,text/html; charset=utf-8,"[{""from"": ""http://127.0.0.1:4368/ar/pdf-to-jpg"", ""status"": 308, ""to"": ""http://127.0.0.1:4368/ar/pdf-ila-jpg""}]",Alias redirected to its existing equivalent,"[""https://pdfpilot.net/ar/pdf-ila-jpg""]","index, follow (default)",,[],ar,/pdf-to-jpg,1,,,One-hop HTTP redirect,One canonical destination,False,REDIRECT,other-locales
/ar/pdf-to-pdfa,200,text/html; charset=utf-8,[],Public PDF tool,"[""https://pdfpilot.net/ar/pdf-to-pdfa""]","noindex, follow",,[],ar,/pdf-to-pdfa,2,,,26 English upload checks; representative parsed conversions; Portuguese upload checks where approved,Incomplete language coverage or Portuguese demand/capability not validated,False,NOINDEX,other-locales
/ar/pdf-to-powerpoint,200,text/html; charset=utf-8,[],Public PDF tool,"[""https://pdfpilot.net/ar/pdf-to-powerpoint""]","noindex, follow",,[],ar,/pdf-to-powerpoint,2,,,26 English upload checks; representative parsed conversions; Portuguese upload checks where approved,Incomplete language coverage or Portuguese demand/capability not validated,False,NOINDEX,other-locales
/ar/pdf-to-word,200,text/html; charset=utf-8,[],Public PDF tool,"[""https://pdfpilot.net/ar/pdf-to-word""]","noindex, follow",,[],ar,/pdf-to-word,2,,,26 English upload checks; representative parsed conversions; Portuguese upload checks where approved,Incomplete language coverage or Portuguese demand/capability not validated,False,NOINDEX,other-locales
/ar/powerpoint-to-pdf,200,text/html; charset=utf-8,[],Public PDF tool,"[""https://pdfpilot.net/ar/powerpoint-to-pdf""]","noindex, follow",,[],ar,/powerpoint-to-pdf,31,,,26 English upload checks; representative parsed conversions; Portuguese upload checks where approved,Incomplete language coverage or Portuguese demand/capability not validated,False,NOINDEX,other-locales
/ar/rearrange-pages,404,text/html; charset=utf-8,[],Hidden registry tool; existing launch policy returns 404,[],"noindex, nofollow",,[],ar,/rearrange-pages,0,,,Not public; not asserted working,"Review capability, impressions and backlinks before any future removal",False,EXISTING_404,other-locales
/ar/repair-pdf,200,text/html; charset=utf-8,[],Public PDF tool,"[""https://pdfpilot.net/ar/repair-pdf""]","noindex, follow",,[],ar,/repair-pdf,2,,,26 English upload checks; representative parsed conversions; Portuguese upload checks where approved,Incomplete language coverage or Portuguese demand/capability not validated,False,NOINDEX,other-locales
/ar/resize-image,404,text/html; charset=utf-8,[],Hidden registry tool; existing launch policy returns 404,[],"noindex, nofollow",,[],ar,/resize-image,0,,,Not public; not asserted working,"Review capability, impressions and backlinks before any future removal",False,EXISTING_404,other-locales
/ar/rotate-image,404,text/html; charset=utf-8,[],Hidden registry tool; existing launch policy returns 404,[],"noindex, nofollow",,[],ar,/rotate-image,0,,,Not public; not asserted working,"Review capability, impressions and backlinks before any future removal",False,EXISTING_404,other-locales
/ar/rotate-pdf,200,text/html; charset=utf-8,[],Public PDF tool,"[""https://pdfpilot.net/ar/rotate-pdf""]","noindex, follow",,[],ar,/rotate-pdf,2,,,26 English upload checks; representative parsed conversions; Portuguese upload checks where approved,Incomplete language coverage or Portuguese demand/capability not validated,False,NOINDEX,other-locales
/ar/scan-pdf,200,text/html; charset=utf-8,[],Public PDF tool,"[""https://pdfpilot.net/ar/scan-pdf""]","noindex, follow",,[],ar,/scan-pdf,2,,,26 English upload checks; representative parsed conversions; Portuguese upload checks where approved,Incomplete language coverage or Portuguese demand/capability not validated,False,NOINDEX,other-locales
/ar/split-pdf,308,text/html; charset=utf-8,"[{""from"": ""http://127.0.0.1:4368/ar/split-pdf"", ""status"": 308, ""to"": ""http://127.0.0.1:4368/ar/taqsim-pdf""}]",Alias redirected to its existing equivalent,"[""https://pdfpilot.net/ar/taqsim-pdf""]","index, follow (default)",,[],ar,/split-pdf,1,,,One-hop HTTP redirect,One canonical destination,False,REDIRECT,other-locales
/ar/sql-to-csv,404,text/html; charset=utf-8,[],Hidden registry tool; existing launch policy returns 404,[],"noindex, nofollow",,[],ar,/sql-to-csv,0,,,Not public; not asserted working,"Review capability, impressions and backlinks before any future removal",False,EXISTING_404,other-locales
/ar/sql-to-json,404,text/html; charset=utf-8,[],Hidden registry tool; existing launch policy returns 404,[],"noindex, nofollow",,[],ar,/sql-to-json,0,,,Not public; not asserted working,"Review capability, impressions and backlinks before any future removal",False,EXISTING_404,other-locales
/ar/summary-generator,404,text/html; charset=utf-8,[],Hidden registry tool; existing launch policy returns 404,[],"noindex, nofollow",,[],ar,/summary-generator,0,,,Not public; not asserted working,"Review capability, impressions and backlinks before any future removal",False,EXISTING_404,other-locales
/ar/svg-to-pdf,404,text/html; charset=utf-8,[],Hidden registry tool; existing launch policy returns 404,[],"noindex, nofollow",,[],ar,/svg-to-pdf,0,,,Not public; not asserted working,"Review capability, impressions and backlinks before any future removal",False,EXISTING_404,other-locales
/ar/taqsim-pdf,200,text/html; charset=utf-8,[],Public PDF tool,"[""https://pdfpilot.net/ar/taqsim-pdf""]","index, follow (default)",,"[""/sitemaps/families/locales.xml""]",ar,/split-pdf,33,,,26 English upload checks; representative parsed conversions; Portuguese upload checks where approved,Reviewed SSR help and accurate capability limits,True,KEEP,other-locales
/ar/tsv-to-csv,404,text/html; charset=utf-8,[],Hidden registry tool; existing launch policy returns 404,[],"noindex, nofollow",,[],ar,/tsv-to-csv,0,,,Not public; not asserted working,"Review capability, impressions and backlinks before any future removal",False,EXISTING_404,other-locales
/ar/tsv-to-excel,404,text/html; charset=utf-8,[],Hidden registry tool; existing launch policy returns 404,[],"noindex, nofollow",,[],ar,/tsv-to-excel,0,,,Not public; not asserted working,"Review capability, impressions and backlinks before any future removal",False,EXISTING_404,other-locales
/ar/txt-to-pdf,404,text/html; charset=utf-8,[],Hidden registry tool; existing launch policy returns 404,[],"noindex, nofollow",,[],ar,/txt-to-pdf,0,,,Not public; not asserted working,"Review capability, impressions and backlinks before any future removal",False,EXISTING_404,other-locales
/ar/unlock-pdf,404,text/html; charset=utf-8,[],Hidden registry tool; existing launch policy returns 404,[],"noindex, nofollow",,[],ar,/unlock-pdf,0,,,Not public; not asserted working,"Review capability, impressions and backlinks before any future removal",False,EXISTING_404,other-locales
/ar/url-decode,404,text/html; charset=utf-8,[],Hidden registry tool; existing launch policy returns 404,[],"noindex, nofollow",,[],ar,/url-decode,0,,,Not public; not asserted working,"Review capability, impressions and backlinks before any future removal",False,EXISTING_404,other-locales
/ar/url-encode,404,text/html; charset=utf-8,[],Hidden registry tool; existing launch policy returns 404,[],"noindex, nofollow",,[],ar,/url-encode,0,,,Not public; not asserted working,"Review capability, impressions and backlinks before any future removal",False,EXISTING_404,other-locales
/ar/watermark-pdf,200,text/html; charset=utf-8,[],Public PDF tool,"[""https://pdfpilot.net/ar/watermark-pdf""]","noindex, follow",,[],ar,/watermark-pdf,2,,,26 English upload checks; representative parsed conversions; Portuguese upload checks where approved,Incomplete language coverage or Portuguese demand/capability not validated,False,NOINDEX,other-locales
/ar/word-to-pdf,200,text/html; charset=utf-8,[],Public PDF tool,"[""https://pdfpilot.net/ar/word-to-pdf""]","noindex, follow",,[],ar,/word-to-pdf,31,,,26 English upload checks; representative parsed conversions; Portuguese upload checks where approved,Incomplete language coverage or Portuguese demand/capability not validated,False,NOINDEX,other-locales
/ar/xml-formatter,404,text/html; charset=utf-8,[],Hidden registry tool; existing launch policy returns 404,[],"noindex, nofollow",,[],ar,/xml-formatter,0,,,Not public; not asserted working,"Review capability, impressions and backlinks before any future removal",False,EXISTING_404,other-locales
/ar/xml-minifier,404,text/html; charset=utf-8,[],Hidden registry tool; existing launch policy returns 404,[],"noindex, nofollow",,[],ar,/xml-minifier,0,,,Not public; not asserted working,"Review capability, impressions and backlinks before any future removal",False,EXISTING_404,other-locales
/ar/xml-to-csv,404,text/html; charset=utf-8,[],Hidden registry tool; existing launch policy returns 404,[],"noindex, nofollow",,[],ar,/xml-to-csv,0,,,Not public; not asserted working,"Review capability, impressions and backlinks before any future removal",False,EXISTING_404,other-locales
/ar/xml-to-json,404,text/html; charset=utf-8,[],Hidden registry tool; existing launch policy returns 404,[],"noindex, nofollow",,[],ar,/xml-to-json,0,,,Not public; not asserted working,"Review capability, impressions and backlinks before any future removal",False,EXISTING_404,other-locales
/ar/xml-to-yaml,404,text/html; charset=utf-8,[],Hidden registry tool; existing launch policy returns 404,[],"noindex, nofollow",,[],ar,/xml-to-yaml,0,,,Not public; not asserted working,"Review capability, impressions and backlinks before any future removal",False,EXISTING_404,other-locales
/ar/xml-validator,404,text/html; charset=utf-8,[],Hidden registry tool; existing launch policy returns 404,[],"noindex, nofollow",,[],ar,/xml-validator,0,,,Not public; not asserted working,"Review capability, impressions and backlinks before any future removal",False,EXISTING_404,other-locales
/ar/yaml-to-json,404,text/html; charset=utf-8,[],Hidden registry tool; existing launch policy returns 404,[],"noindex, nofollow",,[],ar,/yaml-to-json,0,,,Not public; not asserted working,"Review capability, impressions and backlinks before any future removal",False,EXISTING_404,other-locales
/ar/yaml-to-xml,404,text/html; charset=utf-8,[],Hidden registry tool; existing launch policy returns 404,[],"noindex, nofollow",,[],ar,/yaml-to-xml,0,,,Not public; not asserted working,"Review capability, impressions and backlinks before any future removal",False,EXISTING_404,other-locales
/base64-decode,404,text/html; charset=utf-8,[],Hidden registry tool; existing launch policy returns 404,[],"noindex, nofollow",,[],en,/base64-decode,0,,,Not public; not asserted working,"Review capability, impressions and backlinks before any future removal",False,EXISTING_404,resources
/base64-encode,404,text/html; charset=utf-8,[],Hidden registry tool; existing launch policy returns 404,[],"noindex, nofollow",,[],en,/base64-encode,0,,,Not public; not asserted working,"Review capability, impressions and backlinks before any future removal",False,EXISTING_404,resources
/categories,200,text/html; charset=utf-8,[],"Public hub, resource or utility","[""https://pdfpilot.net/categories""]","index, follow (default)",,"[""/sitemaps/families/resources.xml""]",en,,503,,,HTTP and link checks; not every instructional claim or template manually executed,Keep subject to per-route content review; no ranking guarantee,True,KEEP,resources
/categories/data-conversion-tools,200,text/html; charset=utf-8,[],Data Conversion Tools,"[""https://pdfpilot.net/categories/data-conversion-tools""]","index, follow (default)",,"[""/sitemaps/families/resources.xml""]",en,,2,,/categories/data-conversion-tools,HTTP and link checks; not every instructional claim or template manually executed,Keep subject to per-route content review; no ranking guarantee,True,KEEP,resources
/categories/document-conversion-tools,200,text/html; charset=utf-8,[],Document Conversion Tools,"[""https://pdfpilot.net/categories/document-conversion-tools""]","index, follow (default)",,"[""/sitemaps/families/resources.xml""]",en,,2,,/categories/document-conversion-tools,HTTP and link checks; not every instructional claim or template manually executed,Keep subject to per-route content review; no ranking guarantee,True,KEEP,resources
/categories/jpg-to-pdf-tools,200,text/html; charset=utf-8,[],JPG to PDF Tools,"[""https://pdfpilot.net/categories/jpg-to-pdf-tools""]","index, follow (default)",,"[""/sitemaps/families/resources.xml""]",en,,503,,/categories/jpg-to-pdf-tools,HTTP and link checks; not every instructional claim or template manually executed,Keep subject to per-route content review; no ranking guarantee,True,KEEP,resources
/categories/merge-pdf-tools,200,text/html; charset=utf-8,[],Merge PDF Tools,"[""https://pdfpilot.net/categories/merge-pdf-tools""]","index, follow (default)",,"[""/sitemaps/families/resources.xml""]",en,,503,,/categories/merge-pdf-tools,HTTP and link checks; not every instructional claim or template manually executed,Keep subject to per-route content review; no ranking guarantee,True,KEEP,resources
/categories/optimize,200,text/html; charset=utf-8,[],Compress & Optimize PDFs,"[""https://pdfpilot.net/categories/optimize""]","index, follow (default)",,"[""/sitemaps/families/resources.xml""]",en,,503,,/categories/optimize,HTTP and link checks; not every instructional claim or template manually executed,Keep subject to per-route content review; no ranking guarantee,True,KEEP,resources
/categories/pdf-editing-tools,200,text/html; charset=utf-8,[],PDF Editing Tools,"[""https://pdfpilot.net/categories/pdf-editing-tools""]","index, follow (default)",,"[""/sitemaps/families/resources.xml""]",en,,2,,/categories/pdf-editing-tools,HTTP and link checks; not every instructional claim or template manually executed,Keep subject to per-route content review; no ranking guarantee,True,KEEP,resources
/categories/pdf-to-jpg-tools,200,text/html; charset=utf-8,[],PDF to JPG Tools,"[""https://pdfpilot.net/categories/pdf-to-jpg-tools""]","index, follow (default)",,"[""/sitemaps/families/resources.xml""]",en,,503,,/categories/pdf-to-jpg-tools,HTTP and link checks; not every instructional claim or template manually executed,Keep subject to per-route content review; no ranking guarantee,True,KEEP,resources
/categories/split-pdf-tools,200,text/html; charset=utf-8,[],Split PDF Tools,"[""https://pdfpilot.net/categories/split-pdf-tools""]","index, follow (default)",,"[""/sitemaps/families/resources.xml""]",en,,503,,/categories/split-pdf-tools,HTTP and link checks; not every instructional claim or template manually executed,Keep subject to per-route content review; no ranking guarantee,True,KEEP,resources
/checklists/heic-photo-conversion-checklist,200,text/html; charset=utf-8,[],HEIC Photo Conversion Checklist,"[""https://pdfpilot.net/checklists/heic-photo-conversion-checklist""]","noindex, follow",,[],en,,1,,/checklists/heic-photo-conversion-checklist,Main advertised task depends on hidden tools,Hold from search pending task restoration/review,False,NOINDEX,resources
/checklists/pdf-compression-checklist,200,text/html; charset=utf-8,[],PDF Compression Checklist,"[""https://pdfpilot.net/checklists/pdf-compression-checklist""]","index, follow (default)",,"[""/sitemaps/families/resources.xml""]",en,,1,,/checklists/pdf-compression-checklist,HTTP and link checks; not every instructional claim or template manually executed,Keep subject to per-route content review; no ranking guarantee,True,KEEP,resources
/column-extractor,404,text/html; charset=utf-8,[],Hidden registry tool; existing launch policy returns 404,[],"noindex, nofollow",,[],en,/column-extractor,0,,,Not public; not asserted working,"Review capability, impressions and backlinks before any future removal",False,EXISTING_404,resources
/compare-pdf,404,text/html; charset=utf-8,[],Hidden registry tool; existing launch policy returns 404,[],"noindex, nofollow",,[],en,/compare-pdf,0,,,Not public; not asserted working,"Review capability, impressions and backlinks before any future removal",False,EXISTING_404,resources
/compare/base64-encode-vs-base64-decode,200,text/html; charset=utf-8,[],Base64 Encode vs Decode: Key Difference,"[""https://pdfpilot.net/compare/base64-encode-vs-base64-decode""]","noindex, follow",,[],en,,1,,/compare/base64-encode-vs-base64-decode,Main advertised task depends on hidden tools,Hold from search pending task restoration/review,False,NOINDEX,resources
/compare/compress-pdf-vs-split-pdf,200,text/html; charset=utf-8,[],Compress vs Split PDF: Which Do You Need?,"[""https://pdfpilot.net/compare/compress-pdf-vs-split-pdf""]","index, follow (default)",,"[""/sitemaps/families/resources.xml""]",en,,2,,/compare/compress-pdf-vs-split-pdf,HTTP and link checks; not every instructional claim or template manually executed,Keep subject to per-route content review; no ranking guarantee,True,KEEP,resources
/compare/csv-cleaner-vs-duplicate-row-remover,200,text/html; charset=utf-8,[],CSV Cleaner vs Duplicate Row Remover,"[""https://pdfpilot.net/compare/csv-cleaner-vs-duplicate-row-remover""]","noindex, follow",,[],en,,1,,/compare/csv-cleaner-vs-duplicate-row-remover,Main advertised task depends on hidden tools,Hold from search pending task restoration/review,False,NOINDEX,resources
/compare/csv-to-xml-vs-excel-to-xml,200,text/html; charset=utf-8,[],CSV to XML vs Excel to XML: Which to Use?,"[""https://pdfpilot.net/compare/csv-to-xml-vs-excel-to-xml""]","index, follow (default)",,"[""/sitemaps/families/resources.xml""]",en,,2,,/compare/csv-to-xml-vs-excel-to-xml,HTTP and link checks; not every instructional claim or template manually executed,Keep subject to per-route content review; no ranking guarantee,True,KEEP,resources
/compare/heic-to-jpg-vs-heic-to-png,200,text/html; charset=utf-8,[],HEIC to JPG vs PNG: Which Should You Use?,"[""https://pdfpilot.net/compare/heic-to-jpg-vs-heic-to-png""]","noindex, follow",,[],en,,1,,/compare/heic-to-jpg-vs-heic-to-png,Main advertised task depends on hidden tools,Hold from search pending task restoration/review,False,NOINDEX,resources
/compare/jpg-to-pdf-vs-merge-pdf,200,text/html; charset=utf-8,[],JPG to PDF vs. Merge PDF: Which One Do You Need?,"[""https://pdfpilot.net/compare/jpg-to-pdf-vs-merge-pdf""]","index, follow (default)",,"[""/sitemaps/families/resources.xml""]",en,,2,,/compare/jpg-to-pdf-vs-merge-pdf,HTTP and link checks; not every instructional claim or template manually executed,Keep subject to per-route content review; no ranking guarantee,True,KEEP,resources
/compare/json-formatter-vs-json-minifier,200,text/html; charset=utf-8,[],JSON Formatter vs Minifier: Key Difference,"[""https://pdfpilot.net/compare/json-formatter-vs-json-minifier""]","noindex, follow",,[],en,,1,,/compare/json-formatter-vs-json-minifier,Main advertised task depends on hidden tools,Hold from search pending task restoration/review,False,NOINDEX,resources
/compare/json-vs-csv,200,text/html; charset=utf-8,[],JSON vs. CSV: Which Format Should You Use?,"[""https://pdfpilot.net/compare/json-vs-csv""]","index, follow (default)",,"[""/sitemaps/families/resources.xml""]",en,,1,,/compare/json-vs-csv,HTTP and link checks; not every instructional claim or template manually executed,Keep subject to per-route content review; no ranking guarantee,True,KEEP,resources
/compare/markdown-to-html-vs-html-to-markdown,200,text/html; charset=utf-8,[],Markdown to HTML vs HTML to Markdown,"[""https://pdfpilot.net/compare/markdown-to-html-vs-html-to-markdown""]","noindex, follow",,[],en,,1,,/compare/markdown-to-html-vs-html-to-markdown,Main advertised task depends on hidden tools,Hold from search pending task restoration/review,False,NOINDEX,resources
/compare/merge-pdf-vs-combine-pdf,200,text/html; charset=utf-8,[],Merge PDF vs. Combine PDF: What's the Difference?,"[""https://pdfpilot.net/compare/merge-pdf-vs-combine-pdf""]","index, follow (default)",,"[""/sitemaps/families/resources.xml""]",en,,1,,/compare/merge-pdf-vs-combine-pdf,HTTP and link checks; not every instructional claim or template manually executed,Keep subject to per-route content review; no ranking guarantee,True,KEEP,resources
/compare/ocr-pdf-vs-ocr-image,200,text/html; charset=utf-8,[],OCR PDF vs. OCR Image: Which One Do You Need?,"[""https://pdfpilot.net/compare/ocr-pdf-vs-ocr-image""]","index, follow (default)",,"[""/sitemaps/families/resources.xml""]",en,,1,,/compare/ocr-pdf-vs-ocr-image,HTTP and link checks; not every instructional claim or template manually executed,Keep subject to per-route content review; no ranking guarantee,True,KEEP,resources
/compare/pdf-to-jpg-vs-jpg-to-pdf,200,text/html; charset=utf-8,[],PDF to JPG vs JPG to PDF: Key Difference,"[""https://pdfpilot.net/compare/pdf-to-jpg-vs-jpg-to-pdf""]","index, follow (default)",,"[""/sitemaps/families/resources.xml""]",en,,2,,/compare/pdf-to-jpg-vs-jpg-to-pdf,HTTP and link checks; not every instructional claim or template manually executed,Keep subject to per-route content review; no ranking guarantee,True,KEEP,resources
/compare/pdf-to-word-vs-word-to-pdf,200,text/html; charset=utf-8,[],PDF to Word vs Word to PDF: Key Difference,"[""https://pdfpilot.net/compare/pdf-to-word-vs-word-to-pdf""]","index, follow (default)",,"[""/sitemaps/families/resources.xml""]",en,,1,,/compare/pdf-to-word-vs-word-to-pdf,HTTP and link checks; not every instructional claim or template manually executed,Keep subject to per-route content review; no ranking guarantee,True,KEEP,resources
/compare/split-pdf-vs-merge-pdf,200,text/html; charset=utf-8,[],Split PDF vs. Merge PDF: Which One Do You Need?,"[""https://pdfpilot.net/compare/split-pdf-vs-merge-pdf""]","index, follow (default)",,"[""/sitemaps/families/resources.xml""]",en,,2,,/compare/split-pdf-vs-merge-pdf,HTTP and link checks; not every instructional claim or template manually executed,Keep subject to per-route content review; no ranking guarantee,True,KEEP,resources
/compress-image,404,text/html; charset=utf-8,[],Hidden registry tool; existing launch policy returns 404,[],"noindex, nofollow",,[],en,/compress-image,0,,,Not public; not asserted working,"Review capability, impressions and backlinks before any future removal",False,EXISTING_404,resources
/compress-pdf,200,text/html; charset=utf-8,[],Public PDF tool,"[""https://pdfpilot.net/compress-pdf""]","index, follow (default)",,"[""/sitemaps/families/core.xml""]",en,/compress-pdf,180,,,26 English upload checks; representative parsed conversions; Portuguese upload checks where approved,Reviewed SSR help and accurate capability limits,True,KEEP,core
/compress-pdf-on-mac,200,text/html; charset=utf-8,[],Reviewed distinct task: Compress PDF on Mac,"[""https://pdfpilot.net/compress-pdf-on-mac""]","index, follow",,"[""/sitemaps/pseo/platform-0.xml""]",en,compress-pdf,24,https://pdfpilot.net/compress-pdf-on-mac,,Parsed upload/process/download browser evidence,Distinct task guidance and real tool; editorial gate passed,True,KEEP,pseo-en
/convert-image,404,text/html; charset=utf-8,[],Hidden registry tool; existing launch policy returns 404,[],"noindex, nofollow",,[],en,/convert-image,0,,,Not public; not asserted working,"Review capability, impressions and backlinks before any future removal",False,EXISTING_404,resources
/crop-image,404,text/html; charset=utf-8,[],Hidden registry tool; existing launch policy returns 404,[],"noindex, nofollow",,[],en,/crop-image,0,,,Not public; not asserted working,"Review capability, impressions and backlinks before any future removal",False,EXISTING_404,resources
/crop-pdf,200,text/html; charset=utf-8,[],Public PDF tool,"[""https://pdfpilot.net/crop-pdf""]","index, follow (default)",,"[""/sitemaps/families/core.xml""]",en,/crop-pdf,4,,,26 English upload checks; representative parsed conversions; Portuguese upload checks where approved,Reviewed SSR help and accurate capability limits,True,KEEP,core
/csv-cleaner,404,text/html; charset=utf-8,[],Hidden registry tool; existing launch policy returns 404,[],"noindex, nofollow",,[],en,/csv-cleaner,0,,,Not public; not asserted working,"Review capability, impressions and backlinks before any future removal",False,EXISTING_404,resources
/csv-formatter,404,text/html; charset=utf-8,[],Hidden registry tool; existing launch policy returns 404,[],"noindex, nofollow",,[],en,/csv-formatter,0,,,Not public; not asserted working,"Review capability, impressions and backlinks before any future removal",False,EXISTING_404,resources
/csv-merger,404,text/html; charset=utf-8,[],Hidden registry tool; existing launch policy returns 404,[],"noindex, nofollow",,[],en,/csv-merger,0,,,Not public; not asserted working,"Review capability, impressions and backlinks before any future removal",False,EXISTING_404,resources
/csv-splitter,404,text/html; charset=utf-8,[],Hidden registry tool; existing launch policy returns 404,[],"noindex, nofollow",,[],en,/csv-splitter,0,,,Not public; not asserted working,"Review capability, impressions and backlinks before any future removal",False,EXISTING_404,resources
/csv-to-excel,404,text/html; charset=utf-8,[],Hidden registry tool; existing launch policy returns 404,[],"noindex, nofollow",,[],en,/csv-to-excel,0,,,Not public; not asserted working,"Review capability, impressions and backlinks before any future removal",False,EXISTING_404,resources
/csv-to-json,404,text/html; charset=utf-8,[],Hidden registry tool; existing launch policy returns 404,[],"noindex, nofollow",,[],en,/csv-to-json,0,,,Not public; not asserted working,"Review capability, impressions and backlinks before any future removal",False,EXISTING_404,resources
/csv-to-markdown-table,404,text/html; charset=utf-8,[],Hidden registry tool; existing launch policy returns 404,[],"noindex, nofollow",,[],en,/csv-to-markdown-table,0,,,Not public; not asserted working,"Review capability, impressions and backlinks before any future removal",False,EXISTING_404,resources
/csv-to-pdf,404,text/html; charset=utf-8,[],Hidden registry tool; existing launch policy returns 404,[],"noindex, nofollow",,[],en,/csv-to-pdf,0,,,Not public; not asserted working,"Review capability, impressions and backlinks before any future removal",False,EXISTING_404,resources
/csv-to-sql,404,text/html; charset=utf-8,[],Hidden registry tool; existing launch policy returns 404,[],"noindex, nofollow",,[],en,/csv-to-sql,0,,,Not public; not asserted working,"Review capability, impressions and backlinks before any future removal",False,EXISTING_404,resources
/csv-to-tsv,404,text/html; charset=utf-8,[],Hidden registry tool; existing launch policy returns 404,[],"noindex, nofollow",,[],en,/csv-to-tsv,0,,,Not public; not asserted working,"Review capability, impressions and backlinks before any future removal",False,EXISTING_404,resources
/csv-to-xml,404,text/html; charset=utf-8,[],Hidden registry tool; existing launch policy returns 404,[],"noindex, nofollow",,[],en,/csv-to-xml,0,,,Not public; not asserted working,"Review capability, impressions and backlinks before any future removal",False,EXISTING_404,resources
/de,200,text/html; charset=utf-8,[],"Public hub, resource or utility","[""https://pdfpilot.net/de""]","index, follow (default)",,"[""/sitemaps/families/locales.xml""]",de,,33,,,HTTP and link checks; not every instructional claim or template manually executed,Keep subject to per-route content review; no ranking guarantee,True,KEEP,other-locales
/de/add-page-numbers,200,text/html; charset=utf-8,[],Public PDF tool,"[""https://pdfpilot.net/de/add-page-numbers""]","noindex, follow",,[],de,/add-page-numbers,2,,,26 English upload checks; representative parsed conversions; Portuguese upload checks where approved,Incomplete language coverage or Portuguese demand/capability not validated,False,NOINDEX,other-locales
/de/base64-decode,404,text/html; charset=utf-8,[],Hidden registry tool; existing launch policy returns 404,[],"noindex, nofollow",,[],de,/base64-decode,0,,,Not public; not asserted working,"Review capability, impressions and backlinks before any future removal",False,EXISTING_404,other-locales
/de/column-extractor,404,text/html; charset=utf-8,[],Hidden registry tool; existing launch policy returns 404,[],"noindex, nofollow",,[],de,/column-extractor,0,,,Not public; not asserted working,"Review capability, impressions and backlinks before any future removal",False,EXISTING_404,other-locales
/de/compare-pdf,404,text/html; charset=utf-8,[],Hidden registry tool; existing launch policy returns 404,[],"noindex, nofollow",,[],de,/compare-pdf,0,,,Not public; not asserted working,"Review capability, impressions and backlinks before any future removal",False,EXISTING_404,other-locales
/de/compress-image,404,text/html; charset=utf-8,[],Hidden registry tool; existing launch policy returns 404,[],"noindex, nofollow",,[],de,/compress-image,0,,,Not public; not asserted working,"Review capability, impressions and backlinks before any future removal",False,EXISTING_404,other-locales
/de/compress-pdf,308,text/html; charset=utf-8,"[{""from"": ""http://127.0.0.1:4368/de/compress-pdf"", ""status"": 308, ""to"": ""http://127.0.0.1:4368/de/pdf-komprimieren""}]",Alias redirected to its existing equivalent,"[""https://pdfpilot.net/de/pdf-komprimieren""]","index, follow (default)",,[],de,/compress-pdf,1,,,One-hop HTTP redirect,One canonical destination,False,REDIRECT,other-locales
/de/convert-image,404,text/html; charset=utf-8,[],Hidden registry tool; existing launch policy returns 404,[],"noindex, nofollow",,[],de,/convert-image,0,,,Not public; not asserted working,"Review capability, impressions and backlinks before any future removal",False,EXISTING_404,other-locales
/de/crop-image,404,text/html; charset=utf-8,[],Hidden registry tool; existing launch policy returns 404,[],"noindex, nofollow",,[],de,/crop-image,0,,,Not public; not asserted working,"Review capability, impressions and backlinks before any future removal",False,EXISTING_404,other-locales
/de/crop-pdf,200,text/html; charset=utf-8,[],Public PDF tool,"[""https://pdfpilot.net/de/crop-pdf""]","noindex, follow",,[],de,/crop-pdf,2,,,26 English upload checks; representative parsed conversions; Portuguese upload checks where approved,Incomplete language coverage or Portuguese demand/capability not validated,False,NOINDEX,other-locales
/de/csv-cleaner,404,text/html; charset=utf-8,[],Hidden registry tool; existing launch policy returns 404,[],"noindex, nofollow",,[],de,/csv-cleaner,0,,,Not public; not asserted working,"Review capability, impressions and backlinks before any future removal",False,EXISTING_404,other-locales
/de/csv-formatter,404,text/html; charset=utf-8,[],Hidden registry tool; existing launch policy returns 404,[],"noindex, nofollow",,[],de,/csv-formatter,0,,,Not public; not asserted working,"Review capability, impressions and backlinks before any future removal",False,EXISTING_404,other-locales
/de/csv-merger,404,text/html; charset=utf-8,[],Hidden registry tool; existing launch policy returns 404,[],"noindex, nofollow",,[],de,/csv-merger,0,,,Not public; not asserted working,"Review capability, impressions and backlinks before any future removal",False,EXISTING_404,other-locales
/de/csv-splitter,404,text/html; charset=utf-8,[],Hidden registry tool; existing launch policy returns 404,[],"noindex, nofollow",,[],de,/csv-splitter,0,,,Not public; not asserted working,"Review capability, impressions and backlinks before any future removal",False,EXISTING_404,other-locales
/de/csv-to-excel,404,text/html; charset=utf-8,[],Hidden registry tool; existing launch policy returns 404,[],"noindex, nofollow",,[],de,/csv-to-excel,0,,,Not public; not asserted working,"Review capability, impressions and backlinks before any future removal",False,EXISTING_404,other-locales
/de/csv-to-json,404,text/html; charset=utf-8,[],Hidden registry tool; existing launch policy returns 404,[],"noindex, nofollow",,[],de,/csv-to-json,0,,,Not public; not asserted working,"Review capability, impressions and backlinks before any future removal",False,EXISTING_404,other-locales
/de/csv-to-pdf,404,text/html; charset=utf-8,[],Hidden registry tool; existing launch policy returns 404,[],"noindex, nofollow",,[],de,/csv-to-pdf,0,,,Not public; not asserted working,"Review capability, impressions and backlinks before any future removal",False,EXISTING_404,other-locales
/de/csv-to-sql,404,text/html; charset=utf-8,[],Hidden registry tool; existing launch policy returns 404,[],"noindex, nofollow",,[],de,/csv-to-sql,0,,,Not public; not asserted working,"Review capability, impressions and backlinks before any future removal",False,EXISTING_404,other-locales
/de/csv-to-tsv,404,text/html; charset=utf-8,[],Hidden registry tool; existing launch policy returns 404,[],"noindex, nofollow",,[],de,/csv-to-tsv,0,,,Not public; not asserted working,"Review capability, impressions and backlinks before any future removal",False,EXISTING_404,other-locales
/de/csv-to-xml,404,text/html; charset=utf-8,[],Hidden registry tool; existing launch policy returns 404,[],"noindex, nofollow",,[],de,/csv-to-xml,0,,,Not public; not asserted working,"Review capability, impressions and backlinks before any future removal",False,EXISTING_404,other-locales
/de/delete-pages,200,text/html; charset=utf-8,[],Public PDF tool,"[""https://pdfpilot.net/de/delete-pages""]","noindex, follow",,[],de,/delete-pages,2,,,26 English upload checks; representative parsed conversions; Portuguese upload checks where approved,Incomplete language coverage or Portuguese demand/capability not validated,False,NOINDEX,other-locales
/de/duplicate-pages,404,text/html; charset=utf-8,[],Hidden registry tool; existing launch policy returns 404,[],"noindex, nofollow",,[],de,/duplicate-pages,0,,,Not public; not asserted working,"Review capability, impressions and backlinks before any future removal",False,EXISTING_404,other-locales
/de/duplicate-row-remover,404,text/html; charset=utf-8,[],Hidden registry tool; existing launch policy returns 404,[],"noindex, nofollow",,[],de,/duplicate-row-remover,0,,,Not public; not asserted working,"Review capability, impressions and backlinks before any future removal",False,EXISTING_404,other-locales
/de/edit-pdf,200,text/html; charset=utf-8,[],Public PDF tool,"[""https://pdfpilot.net/de/edit-pdf""]","noindex, follow",,[],de,/edit-pdf,2,,,26 English upload checks; representative parsed conversions; Portuguese upload checks where approved,Incomplete language coverage or Portuguese demand/capability not validated,False,NOINDEX,other-locales
/de/excel-sheet-merger,404,text/html; charset=utf-8,[],Hidden registry tool; existing launch policy returns 404,[],"noindex, nofollow",,[],de,/excel-sheet-merger,0,,,Not public; not asserted working,"Review capability, impressions and backlinks before any future removal",False,EXISTING_404,other-locales
/de/excel-to-csv,404,text/html; charset=utf-8,[],Hidden registry tool; existing launch policy returns 404,[],"noindex, nofollow",,[],de,/excel-to-csv,0,,,Not public; not asserted working,"Review capability, impressions and backlinks before any future removal",False,EXISTING_404,other-locales
/de/excel-to-json,404,text/html; charset=utf-8,[],Hidden registry tool; existing launch policy returns 404,[],"noindex, nofollow",,[],de,/excel-to-json,0,,,Not public; not asserted working,"Review capability, impressions and backlinks before any future removal",False,EXISTING_404,other-locales
/de/excel-to-pdf,200,text/html; charset=utf-8,[],Public PDF tool,"[""https://pdfpilot.net/de/excel-to-pdf""]","noindex, follow",,[],de,/excel-to-pdf,31,,,26 English upload checks; representative parsed conversions; Portuguese upload checks where approved,Incomplete language coverage or Portuguese demand/capability not validated,False,NOINDEX,other-locales
/de/excel-to-tsv,404,text/html; charset=utf-8,[],Hidden registry tool; existing launch policy returns 404,[],"noindex, nofollow",,[],de,/excel-to-tsv,0,,,Not public; not asserted working,"Review capability, impressions and backlinks before any future removal",False,EXISTING_404,other-locales
/de/excel-to-xml,200,text/html; charset=utf-8,[],Public PDF tool,"[""https://pdfpilot.net/de/excel-to-xml""]","noindex, follow",,[],de,/excel-to-xml,2,,,26 English upload checks; representative parsed conversions; Portuguese upload checks where approved,Incomplete language coverage or Portuguese demand/capability not validated,False,NOINDEX,other-locales
/de/extract-pages,200,text/html; charset=utf-8,[],Public PDF tool,"[""https://pdfpilot.net/de/extract-pages""]","noindex, follow",,[],de,/extract-pages,2,,,26 English upload checks; representative parsed conversions; Portuguese upload checks where approved,Incomplete language coverage or Portuguese demand/capability not validated,False,NOINDEX,other-locales
/de/fill-pdf,200,text/html; charset=utf-8,[],Public PDF tool,"[""https://pdfpilot.net/de/fill-pdf""]","noindex, follow",,[],de,/fill-pdf,2,,,26 English upload checks; representative parsed conversions; Portuguese upload checks where approved,Incomplete language coverage or Portuguese demand/capability not validated,False,NOINDEX,other-locales
/de/flatten-pdf,404,text/html; charset=utf-8,[],Hidden registry tool; existing launch policy returns 404,[],"noindex, nofollow",,[],de,/flatten-pdf,0,,,Not public; not asserted working,"Review capability, impressions and backlinks before any future removal",False,EXISTING_404,other-locales
/de/heic-to-jpg,404,text/html; charset=utf-8,[],Hidden registry tool; existing launch policy returns 404,[],"noindex, nofollow",,[],de,/heic-to-jpg,0,,,Not public; not asserted working,"Review capability, impressions and backlinks before any future removal",False,EXISTING_404,other-locales
/de/heic-to-png,404,text/html; charset=utf-8,[],Hidden registry tool; existing launch policy returns 404,[],"noindex, nofollow",,[],de,/heic-to-png,0,,,Not public; not asserted working,"Review capability, impressions and backlinks before any future removal",False,EXISTING_404,other-locales
/de/html-to-markdown,404,text/html; charset=utf-8,[],Hidden registry tool; existing launch policy returns 404,[],"noindex, nofollow",,[],de,/html-to-markdown,0,,,Not public; not asserted working,"Review capability, impressions and backlinks before any future removal",False,EXISTING_404,other-locales
/de/html-to-pdf,200,text/html; charset=utf-8,[],Public PDF tool,"[""https://pdfpilot.net/de/html-to-pdf""]","noindex, follow",,[],de,/html-to-pdf,2,,,26 English upload checks; representative parsed conversions; Portuguese upload checks where approved,Incomplete language coverage or Portuguese demand/capability not validated,False,NOINDEX,other-locales
/de/html-to-text,404,text/html; charset=utf-8,[],Hidden registry tool; existing launch policy returns 404,[],"noindex, nofollow",,[],de,/html-to-text,0,,,Not public; not asserted working,"Review capability, impressions and backlinks before any future removal",False,EXISTING_404,other-locales
/de/image-metadata,404,text/html; charset=utf-8,[],Hidden registry tool; existing launch policy returns 404,[],"noindex, nofollow",,[],de,/image-metadata,0,,,Not public; not asserted working,"Review capability, impressions and backlinks before any future removal",False,EXISTING_404,other-locales
/de/image-watermark,404,text/html; charset=utf-8,[],Hidden registry tool; existing launch policy returns 404,[],"noindex, nofollow",,[],de,/image-watermark,0,,,Not public; not asserted working,"Review capability, impressions and backlinks before any future removal",False,EXISTING_404,other-locales
/de/insert-pages,404,text/html; charset=utf-8,[],Hidden registry tool; existing launch policy returns 404,[],"noindex, nofollow",,[],de,/insert-pages,0,,,Not public; not asserted working,"Review capability, impressions and backlinks before any future removal",False,EXISTING_404,other-locales
/de/jpg-in-pdf,200,text/html; charset=utf-8,[],Public PDF tool,"[""https://pdfpilot.net/de/jpg-in-pdf""]","index, follow (default)",,"[""/sitemaps/families/locales.xml""]",de,/jpg-to-pdf,31,,,26 English upload checks; representative parsed conversions; Portuguese upload checks where approved,Reviewed SSR help and accurate capability limits,True,KEEP,other-locales
/de/jpg-to-pdf,308,text/html; charset=utf-8,"[{""from"": ""http://127.0.0.1:4368/de/jpg-to-pdf"", ""status"": 308, ""to"": ""http://127.0.0.1:4368/de/jpg-in-pdf""}]",Alias redirected to its existing equivalent,"[""https://pdfpilot.net/de/jpg-in-pdf""]","index, follow (default)",,[],de,/jpg-to-pdf,1,,,One-hop HTTP redirect,One canonical destination,False,REDIRECT,other-locales
/de/json-diff,404,text/html; charset=utf-8,[],Hidden registry tool; existing launch policy returns 404,[],"noindex, nofollow",,[],de,/json-diff,0,,,Not public; not asserted working,"Review capability, impressions and backlinks before any future removal",False,EXISTING_404,other-locales
/de/json-to-excel,404,text/html; charset=utf-8,[],Hidden registry tool; existing launch policy returns 404,[],"noindex, nofollow",,[],de,/json-to-excel,0,,,Not public; not asserted working,"Review capability, impressions and backlinks before any future removal",False,EXISTING_404,other-locales
/de/json-to-sql,404,text/html; charset=utf-8,[],Hidden registry tool; existing launch policy returns 404,[],"noindex, nofollow",,[],de,/json-to-sql,0,,,Not public; not asserted working,"Review capability, impressions and backlinks before any future removal",False,EXISTING_404,other-locales
/de/json-to-xml,404,text/html; charset=utf-8,[],Hidden registry tool; existing launch policy returns 404,[],"noindex, nofollow",,[],de,/json-to-xml,0,,,Not public; not asserted working,"Review capability, impressions and backlinks before any future removal",False,EXISTING_404,other-locales
/de/lock-pdf,404,text/html; charset=utf-8,[],Hidden registry tool; existing launch policy returns 404,[],"noindex, nofollow",,[],de,/lock-pdf,0,,,Not public; not asserted working,"Review capability, impressions and backlinks before any future removal",False,EXISTING_404,other-locales
/de/markdown-to-html,404,text/html; charset=utf-8,[],Hidden registry tool; existing launch policy returns 404,[],"noindex, nofollow",,[],de,/markdown-to-html,0,,,Not public; not asserted working,"Review capability, impressions and backlinks before any future removal",False,EXISTING_404,other-locales
/de/markdown-to-pdf,404,text/html; charset=utf-8,[],Hidden registry tool; existing launch policy returns 404,[],"noindex, nofollow",,[],de,/markdown-to-pdf,0,,,Not public; not asserted working,"Review capability, impressions and backlinks before any future removal",False,EXISTING_404,other-locales
/de/merge-pdf,308,text/html; charset=utf-8,"[{""from"": ""http://127.0.0.1:4368/de/merge-pdf"", ""status"": 308, ""to"": ""http://127.0.0.1:4368/de/pdf-zusammenfuegen""}]",Alias redirected to its existing equivalent,"[""https://pdfpilot.net/de/pdf-zusammenfuegen""]","index, follow (default)",,[],de,/merge-pdf,1,,,One-hop HTTP redirect,One canonical destination,False,REDIRECT,other-locales
/de/ocr-image,404,text/html; charset=utf-8,[],Hidden registry tool; existing launch policy returns 404,[],"noindex, nofollow",,[],de,/ocr-image,0,,,Not public; not asserted working,"Review capability, impressions and backlinks before any future removal",False,EXISTING_404,other-locales
/de/ocr-pdf,200,text/html; charset=utf-8,[],Public PDF tool,"[""https://pdfpilot.net/de/ocr-pdf""]","noindex, follow",,[],de,/ocr-pdf,2,,,26 English upload checks; representative parsed conversions; Portuguese upload checks where approved,Incomplete language coverage or Portuguese demand/capability not validated,False,NOINDEX,other-locales
/de/organize-pdf,200,text/html; charset=utf-8,[],Public PDF tool,"[""https://pdfpilot.net/de/organize-pdf""]","noindex, follow",,[],de,/organize-pdf,2,,,26 English upload checks; representative parsed conversions; Portuguese upload checks where approved,Incomplete language coverage or Portuguese demand/capability not validated,False,NOINDEX,other-locales
/de/pdf-in-jpg,200,text/html; charset=utf-8,[],Public PDF tool,"[""https://pdfpilot.net/de/pdf-in-jpg""]","index, follow (default)",,"[""/sitemaps/families/locales.xml""]",de,/pdf-to-jpg,31,,,26 English upload checks; representative parsed conversions; Portuguese upload checks where approved,Reviewed SSR help and accurate capability limits,True,KEEP,other-locales
/de/pdf-komprimieren,200,text/html; charset=utf-8,[],Public PDF tool,"[""https://pdfpilot.net/de/pdf-komprimieren""]","index, follow (default)",,"[""/sitemaps/families/locales.xml""]",de,/compress-pdf,33,,,26 English upload checks; representative parsed conversions; Portuguese upload checks where approved,Reviewed SSR help and accurate capability limits,True,KEEP,other-locales
/de/pdf-metadata-editor,404,text/html; charset=utf-8,[],Hidden registry tool; existing launch policy returns 404,[],"noindex, nofollow",,[],de,/pdf-metadata-editor,0,,,Not public; not asserted working,"Review capability, impressions and backlinks before any future removal",False,EXISTING_404,other-locales
/de/pdf-teilen,200,text/html; charset=utf-8,[],Public PDF tool,"[""https://pdfpilot.net/de/pdf-teilen""]","index, follow (default)",,"[""/sitemaps/families/locales.xml""]",de,/split-pdf,33,,,26 English upload checks; representative parsed conversions; Portuguese upload checks where approved,Reviewed SSR help and accurate capability limits,True,KEEP,other-locales
/de/pdf-to-excel,200,text/html; charset=utf-8,[],Public PDF tool,"[""https://pdfpilot.net/de/pdf-to-excel""]","noindex, follow",,[],de,/pdf-to-excel,2,,,26 English upload checks; representative parsed conversions; Portuguese upload checks where approved,Incomplete language coverage or Portuguese demand/capability not validated,False,NOINDEX,other-locales
/de/pdf-to-jpg,308,text/html; charset=utf-8,"[{""from"": ""http://127.0.0.1:4368/de/pdf-to-jpg"", ""status"": 308, ""to"": ""http://127.0.0.1:4368/de/pdf-in-jpg""}]",Alias redirected to its existing equivalent,"[""https://pdfpilot.net/de/pdf-in-jpg""]","index, follow (default)",,[],de,/pdf-to-jpg,1,,,One-hop HTTP redirect,One canonical destination,False,REDIRECT,other-locales
/de/pdf-to-pdfa,200,text/html; charset=utf-8,[],Public PDF tool,"[""https://pdfpilot.net/de/pdf-to-pdfa""]","noindex, follow",,[],de,/pdf-to-pdfa,2,,,26 English upload checks; representative parsed conversions; Portuguese upload checks where approved,Incomplete language coverage or Portuguese demand/capability not validated,False,NOINDEX,other-locales
/de/pdf-to-powerpoint,200,text/html; charset=utf-8,[],Public PDF tool,"[""https://pdfpilot.net/de/pdf-to-powerpoint""]","noindex, follow",,[],de,/pdf-to-powerpoint,2,,,26 English upload checks; representative parsed conversions; Portuguese upload checks where approved,Incomplete language coverage or Portuguese demand/capability not validated,False,NOINDEX,other-locales
/de/pdf-to-word,200,text/html; charset=utf-8,[],Public PDF tool,"[""https://pdfpilot.net/de/pdf-to-word""]","noindex, follow",,[],de,/pdf-to-word,2,,,26 English upload checks; representative parsed conversions; Portuguese upload checks where approved,Incomplete language coverage or Portuguese demand/capability not validated,False,NOINDEX,other-locales
/de/pdf-zusammenfuegen,200,text/html; charset=utf-8,[],Public PDF tool,"[""https://pdfpilot.net/de/pdf-zusammenfuegen""]","index, follow (default)",,"[""/sitemaps/families/locales.xml""]",de,/merge-pdf,33,,,26 English upload checks; representative parsed conversions; Portuguese upload checks where approved,Reviewed SSR help and accurate capability limits,True,KEEP,other-locales
/de/powerpoint-to-pdf,200,text/html; charset=utf-8,[],Public PDF tool,"[""https://pdfpilot.net/de/powerpoint-to-pdf""]","noindex, follow",,[],de,/powerpoint-to-pdf,31,,,26 English upload checks; representative parsed conversions; Portuguese upload checks where approved,Incomplete language coverage or Portuguese demand/capability not validated,False,NOINDEX,other-locales
/de/rearrange-pages,404,text/html; charset=utf-8,[],Hidden registry tool; existing launch policy returns 404,[],"noindex, nofollow",,[],de,/rearrange-pages,0,,,Not public; not asserted working,"Review capability, impressions and backlinks before any future removal",False,EXISTING_404,other-locales
/de/repair-pdf,200,text/html; charset=utf-8,[],Public PDF tool,"[""https://pdfpilot.net/de/repair-pdf""]","noindex, follow",,[],de,/repair-pdf,2,,,26 English upload checks; representative parsed conversions; Portuguese upload checks where approved,Incomplete language coverage or Portuguese demand/capability not validated,False,NOINDEX,other-locales
/de/rotate-image,404,text/html; charset=utf-8,[],Hidden registry tool; existing launch policy returns 404,[],"noindex, nofollow",,[],de,/rotate-image,0,,,Not public; not asserted working,"Review capability, impressions and backlinks before any future removal",False,EXISTING_404,other-locales
/de/rotate-pdf,200,text/html; charset=utf-8,[],Public PDF tool,"[""https://pdfpilot.net/de/rotate-pdf""]","noindex, follow",,[],de,/rotate-pdf,2,,,26 English upload checks; representative parsed conversions; Portuguese upload checks where approved,Incomplete language coverage or Portuguese demand/capability not validated,False,NOINDEX,other-locales
/de/scan-pdf,200,text/html; charset=utf-8,[],Public PDF tool,"[""https://pdfpilot.net/de/scan-pdf""]","noindex, follow",,[],de,/scan-pdf,2,,,26 English upload checks; representative parsed conversions; Portuguese upload checks where approved,Incomplete language coverage or Portuguese demand/capability not validated,False,NOINDEX,other-locales
/de/split-pdf,308,text/html; charset=utf-8,"[{""from"": ""http://127.0.0.1:4368/de/split-pdf"", ""status"": 308, ""to"": ""http://127.0.0.1:4368/de/pdf-teilen""}]",Alias redirected to its existing equivalent,"[""https://pdfpilot.net/de/pdf-teilen""]","index, follow (default)",,[],de,/split-pdf,1,,,One-hop HTTP redirect,One canonical destination,False,REDIRECT,other-locales
/de/sql-to-json,404,text/html; charset=utf-8,[],Hidden registry tool; existing launch policy returns 404,[],"noindex, nofollow",,[],de,/sql-to-json,0,,,Not public; not asserted working,"Review capability, impressions and backlinks before any future removal",False,EXISTING_404,other-locales
/de/summary-generator,404,text/html; charset=utf-8,[],Hidden registry tool; existing launch policy returns 404,[],"noindex, nofollow",,[],de,/summary-generator,0,,,Not public; not asserted working,"Review capability, impressions and backlinks before any future removal",False,EXISTING_404,other-locales
/de/svg-to-pdf,404,text/html; charset=utf-8,[],Hidden registry tool; existing launch policy returns 404,[],"noindex, nofollow",,[],de,/svg-to-pdf,0,,,Not public; not asserted working,"Review capability, impressions and backlinks before any future removal",False,EXISTING_404,other-locales
/de/text-to-html,404,text/html; charset=utf-8,[],Hidden registry tool; existing launch policy returns 404,[],"noindex, nofollow",,[],de,/text-to-html,0,,,Not public; not asserted working,"Review capability, impressions and backlinks before any future removal",False,EXISTING_404,other-locales
/de/tsv-to-csv,404,text/html; charset=utf-8,[],Hidden registry tool; existing launch policy returns 404,[],"noindex, nofollow",,[],de,/tsv-to-csv,0,,,Not public; not asserted working,"Review capability, impressions and backlinks before any future removal",False,EXISTING_404,other-locales
/de/tsv-to-excel,404,text/html; charset=utf-8,[],Hidden registry tool; existing launch policy returns 404,[],"noindex, nofollow",,[],de,/tsv-to-excel,0,,,Not public; not asserted working,"Review capability, impressions and backlinks before any future removal",False,EXISTING_404,other-locales
/de/txt-to-pdf,404,text/html; charset=utf-8,[],Hidden registry tool; existing launch policy returns 404,[],"noindex, nofollow",,[],de,/txt-to-pdf,0,,,Not public; not asserted working,"Review capability, impressions and backlinks before any future removal",False,EXISTING_404,other-locales
/de/unlock-pdf,404,text/html; charset=utf-8,[],Hidden registry tool; existing launch policy returns 404,[],"noindex, nofollow",,[],de,/unlock-pdf,0,,,Not public; not asserted working,"Review capability, impressions and backlinks before any future removal",False,EXISTING_404,other-locales
/de/url-decode,404,text/html; charset=utf-8,[],Hidden registry tool; existing launch policy returns 404,[],"noindex, nofollow",,[],de,/url-decode,0,,,Not public; not asserted working,"Review capability, impressions and backlinks before any future removal",False,EXISTING_404,other-locales
/de/url-encode,404,text/html; charset=utf-8,[],Hidden registry tool; existing launch policy returns 404,[],"noindex, nofollow",,[],de,/url-encode,0,,,Not public; not asserted working,"Review capability, impressions and backlinks before any future removal",False,EXISTING_404,other-locales
/de/watermark-pdf,200,text/html; charset=utf-8,[],Public PDF tool,"[""https://pdfpilot.net/de/watermark-pdf""]","noindex, follow",,[],de,/watermark-pdf,2,,,26 English upload checks; representative parsed conversions; Portuguese upload checks where approved,Incomplete language coverage or Portuguese demand/capability not validated,False,NOINDEX,other-locales
/de/word-to-pdf,200,text/html; charset=utf-8,[],Public PDF tool,"[""https://pdfpilot.net/de/word-to-pdf""]","noindex, follow",,[],de,/word-to-pdf,31,,,26 English upload checks; representative parsed conversions; Portuguese upload checks where approved,Incomplete language coverage or Portuguese demand/capability not validated,False,NOINDEX,other-locales
/de/xml-formatter,404,text/html; charset=utf-8,[],Hidden registry tool; existing launch policy returns 404,[],"noindex, nofollow",,[],de,/xml-formatter,0,,,Not public; not asserted working,"Review capability, impressions and backlinks before any future removal",False,EXISTING_404,other-locales
/de/xml-minifier,404,text/html; charset=utf-8,[],Hidden registry tool; existing launch policy returns 404,[],"noindex, nofollow",,[],de,/xml-minifier,0,,,Not public; not asserted working,"Review capability, impressions and backlinks before any future removal",False,EXISTING_404,other-locales
/de/xml-to-csv,404,text/html; charset=utf-8,[],Hidden registry tool; existing launch policy returns 404,[],"noindex, nofollow",,[],de,/xml-to-csv,0,,,Not public; not asserted working,"Review capability, impressions and backlinks before any future removal",False,EXISTING_404,other-locales
/de/xml-to-excel,404,text/html; charset=utf-8,[],Hidden registry tool; existing launch policy returns 404,[],"noindex, nofollow",,[],de,/xml-to-excel,0,,,Not public; not asserted working,"Review capability, impressions and backlinks before any future removal",False,EXISTING_404,other-locales
/de/xml-to-json,404,text/html; charset=utf-8,[],Hidden registry tool; existing launch policy returns 404,[],"noindex, nofollow",,[],de,/xml-to-json,0,,,Not public; not asserted working,"Review capability, impressions and backlinks before any future removal",False,EXISTING_404,other-locales
/de/xml-to-yaml,404,text/html; charset=utf-8,[],Hidden registry tool; existing launch policy returns 404,[],"noindex, nofollow",,[],de,/xml-to-yaml,0,,,Not public; not asserted working,"Review capability, impressions and backlinks before any future removal",False,EXISTING_404,other-locales
/de/xml-validator,404,text/html; charset=utf-8,[],Hidden registry tool; existing launch policy returns 404,[],"noindex, nofollow",,[],de,/xml-validator,0,,,Not public; not asserted working,"Review capability, impressions and backlinks before any future removal",False,EXISTING_404,other-locales
/de/yaml-to-json,404,text/html; charset=utf-8,[],Hidden registry tool; existing launch policy returns 404,[],"noindex, nofollow",,[],de,/yaml-to-json,0,,,Not public; not asserted working,"Review capability, impressions and backlinks before any future removal",False,EXISTING_404,other-locales
/de/yaml-to-xml,404,text/html; charset=utf-8,[],Hidden registry tool; existing launch policy returns 404,[],"noindex, nofollow",,[],de,/yaml-to-xml,0,,,Not public; not asserted working,"Review capability, impressions and backlinks before any future removal",False,EXISTING_404,other-locales
/delete-pages,200,text/html; charset=utf-8,[],Public PDF tool,"[""https://pdfpilot.net/delete-pages""]","index, follow (default)",,"[""/sitemaps/families/core.xml""]",en,/delete-pages,3,,,26 English upload checks; representative parsed conversions; Portuguese upload checks where approved,Reviewed SSR help and accurate capability limits,True,KEEP,core
/docx-merge,404,text/html; charset=utf-8,[],Hidden registry tool; existing launch policy returns 404,[],"noindex, nofollow",,[],en,/docx-merge,0,,,Not public; not asserted working,"Review capability, impressions and backlinks before any future removal",False,EXISTING_404,resources
/duplicate-pages,404,text/html; charset=utf-8,[],Hidden registry tool; existing launch policy returns 404,[],"noindex, nofollow",,[],en,/duplicate-pages,0,,,Not public; not asserted working,"Review capability, impressions and backlinks before any future removal",False,EXISTING_404,resources
/duplicate-row-remover,404,text/html; charset=utf-8,[],Hidden registry tool; existing launch policy returns 404,[],"noindex, nofollow",,[],en,/duplicate-row-remover,0,,,Not public; not asserted working,"Review capability, impressions and backlinks before any future removal",False,EXISTING_404,resources
/edit-pdf,200,text/html; charset=utf-8,[],Public PDF tool,"[""https://pdfpilot.net/edit-pdf""]","index, follow (default)",,"[""/sitemaps/families/core.xml""]",en,/edit-pdf,6,,,26 English upload checks; representative parsed conversions; Portuguese upload checks where approved,Reviewed SSR help and accurate capability limits,True,KEEP,core
/edit-pdf-on-mac,200,text/html; charset=utf-8,[],Reviewed distinct task: PDF Editor on Mac,"[""https://pdfpilot.net/edit-pdf-on-mac""]","index, follow",,"[""/sitemaps/pseo/platform-0.xml""]",en,edit-pdf,15,https://pdfpilot.net/edit-pdf-on-mac,,Parsed upload/process/download browser evidence,Distinct task guidance and real tool; editorial gate passed,True,KEEP,pseo-en
/edit-pdf-resume,200,text/html; charset=utf-8,[],Reviewed distinct task: Edit a PDF Resume,"[""https://pdfpilot.net/edit-pdf-resume""]","index, follow",,"[""/sitemaps/pseo/use-case-0.xml""]",en,edit-pdf,16,https://pdfpilot.net/edit-pdf-resume,,Parsed upload/process/download browser evidence,Distinct task guidance and real tool; editorial gate passed,True,KEEP,pseo-en
/es,200,text/html; charset=utf-8,[],"Public hub, resource or utility","[""https://pdfpilot.net/es""]","index, follow (default)",,"[""/sitemaps/families/locales.xml""]",es,,33,,,HTTP and link checks; not every instructional claim or template manually executed,Keep subject to per-route content review; no ranking guarantee,True,KEEP,other-locales
/es/add-page-numbers,200,text/html; charset=utf-8,[],Public PDF tool,"[""https://pdfpilot.net/es/add-page-numbers""]","noindex, follow",,[],es,/add-page-numbers,2,,,26 English upload checks; representative parsed conversions; Portuguese upload checks where approved,Incomplete language coverage or Portuguese demand/capability not validated,False,NOINDEX,other-locales
/es/base64-decode,404,text/html; charset=utf-8,[],Hidden registry tool; existing launch policy returns 404,[],"noindex, nofollow",,[],es,/base64-decode,0,,,Not public; not asserted working,"Review capability, impressions and backlinks before any future removal",False,EXISTING_404,other-locales
/es/base64-encode,404,text/html; charset=utf-8,[],Hidden registry tool; existing launch policy returns 404,[],"noindex, nofollow",,[],es,/base64-encode,0,,,Not public; not asserted working,"Review capability, impressions and backlinks before any future removal",False,EXISTING_404,other-locales
/es/column-extractor,404,text/html; charset=utf-8,[],Hidden registry tool; existing launch policy returns 404,[],"noindex, nofollow",,[],es,/column-extractor,0,,,Not public; not asserted working,"Review capability, impressions and backlinks before any future removal",False,EXISTING_404,other-locales
/es/compress-pdf,308,text/html; charset=utf-8,"[{""from"": ""http://127.0.0.1:4368/es/compress-pdf"", ""status"": 308, ""to"": ""http://127.0.0.1:4368/es/comprimir-pdf""}]",Alias redirected to its existing equivalent,"[""https://pdfpilot.net/es/comprimir-pdf""]","index, follow (default)",,[],es,/compress-pdf,1,,,One-hop HTTP redirect,One canonical destination,False,REDIRECT,other-locales
/es/comprimir-pdf,200,text/html; charset=utf-8,[],Public PDF tool,"[""https://pdfpilot.net/es/comprimir-pdf""]","index, follow (default)",,"[""/sitemaps/families/locales.xml""]",es,/compress-pdf,33,,,26 English upload checks; representative parsed conversions; Portuguese upload checks where approved,Reviewed SSR help and accurate capability limits,True,KEEP,other-locales
/es/convert-image,404,text/html; charset=utf-8,[],Hidden registry tool; existing launch policy returns 404,[],"noindex, nofollow",,[],es,/convert-image,0,,,Not public; not asserted working,"Review capability, impressions and backlinks before any future removal",False,EXISTING_404,other-locales
/es/crop-image,404,text/html; charset=utf-8,[],Hidden registry tool; existing launch policy returns 404,[],"noindex, nofollow",,[],es,/crop-image,0,,,Not public; not asserted working,"Review capability, impressions and backlinks before any future removal",False,EXISTING_404,other-locales
/es/crop-pdf,200,text/html; charset=utf-8,[],Public PDF tool,"[""https://pdfpilot.net/es/crop-pdf""]","noindex, follow",,[],es,/crop-pdf,2,,,26 English upload checks; representative parsed conversions; Portuguese upload checks where approved,Incomplete language coverage or Portuguese demand/capability not validated,False,NOINDEX,other-locales
/es/csv-cleaner,404,text/html; charset=utf-8,[],Hidden registry tool; existing launch policy returns 404,[],"noindex, nofollow",,[],es,/csv-cleaner,0,,,Not public; not asserted working,"Review capability, impressions and backlinks before any future removal",False,EXISTING_404,other-locales
/es/csv-formatter,404,text/html; charset=utf-8,[],Hidden registry tool; existing launch policy returns 404,[],"noindex, nofollow",,[],es,/csv-formatter,0,,,Not public; not asserted working,"Review capability, impressions and backlinks before any future removal",False,EXISTING_404,other-locales
/es/csv-splitter,404,text/html; charset=utf-8,[],Hidden registry tool; existing launch policy returns 404,[],"noindex, nofollow",,[],es,/csv-splitter,0,,,Not public; not asserted working,"Review capability, impressions and backlinks before any future removal",False,EXISTING_404,other-locales
/es/csv-to-excel,404,text/html; charset=utf-8,[],Hidden registry tool; existing launch policy returns 404,[],"noindex, nofollow",,[],es,/csv-to-excel,0,,,Not public; not asserted working,"Review capability, impressions and backlinks before any future removal",False,EXISTING_404,other-locales
/es/csv-to-json,404,text/html; charset=utf-8,[],Hidden registry tool; existing launch policy returns 404,[],"noindex, nofollow",,[],es,/csv-to-json,0,,,Not public; not asserted working,"Review capability, impressions and backlinks before any future removal",False,EXISTING_404,other-locales
/es/csv-to-pdf,404,text/html; charset=utf-8,[],Hidden registry tool; existing launch policy returns 404,[],"noindex, nofollow",,[],es,/csv-to-pdf,0,,,Not public; not asserted working,"Review capability, impressions and backlinks before any future removal",False,EXISTING_404,other-locales
/es/csv-to-sql,404,text/html; charset=utf-8,[],Hidden registry tool; existing launch policy returns 404,[],"noindex, nofollow",,[],es,/csv-to-sql,0,,,Not public; not asserted working,"Review capability, impressions and backlinks before any future removal",False,EXISTING_404,other-locales
/es/csv-to-tsv,404,text/html; charset=utf-8,[],Hidden registry tool; existing launch policy returns 404,[],"noindex, nofollow",,[],es,/csv-to-tsv,0,,,Not public; not asserted working,"Review capability, impressions and backlinks before any future removal",False,EXISTING_404,other-locales
/es/csv-to-xml,404,text/html; charset=utf-8,[],Hidden registry tool; existing launch policy returns 404,[],"noindex, nofollow",,[],es,/csv-to-xml,0,,,Not public; not asserted working,"Review capability, impressions and backlinks before any future removal",False,EXISTING_404,other-locales
/es/delete-pages,200,text/html; charset=utf-8,[],Public PDF tool,"[""https://pdfpilot.net/es/delete-pages""]","noindex, follow",,[],es,/delete-pages,2,,,26 English upload checks; representative parsed conversions; Portuguese upload checks where approved,Incomplete language coverage or Portuguese demand/capability not validated,False,NOINDEX,other-locales
/es/dividir-pdf,200,text/html; charset=utf-8,[],Public PDF tool,"[""https://pdfpilot.net/es/dividir-pdf""]","index, follow (default)",,"[""/sitemaps/families/locales.xml""]",es,/split-pdf,33,,,26 English upload checks; representative parsed conversions; Portuguese upload checks where approved,Reviewed SSR help and accurate capability limits,True,KEEP,other-locales
/es/docx-merge,404,text/html; charset=utf-8,[],Hidden registry tool; existing launch policy returns 404,[],"noindex, nofollow",,[],es,/docx-merge,0,,,Not public; not asserted working,"Review capability, impressions and backlinks before any future removal",False,EXISTING_404,other-locales
/es/duplicate-pages,404,text/html; charset=utf-8,[],Hidden registry tool; existing launch policy returns 404,[],"noindex, nofollow",,[],es,/duplicate-pages,0,,,Not public; not asserted working,"Review capability, impressions and backlinks before any future removal",False,EXISTING_404,other-locales
/es/duplicate-row-remover,404,text/html; charset=utf-8,[],Hidden registry tool; existing launch policy returns 404,[],"noindex, nofollow",,[],es,/duplicate-row-remover,0,,,Not public; not asserted working,"Review capability, impressions and backlinks before any future removal",False,EXISTING_404,other-locales
/es/edit-pdf,200,text/html; charset=utf-8,[],Public PDF tool,"[""https://pdfpilot.net/es/edit-pdf""]","noindex, follow",,[],es,/edit-pdf,2,,,26 English upload checks; representative parsed conversions; Portuguese upload checks where approved,Incomplete language coverage or Portuguese demand/capability not validated,False,NOINDEX,other-locales
/es/excel-sheet-extractor,404,text/html; charset=utf-8,[],Hidden registry tool; existing launch policy returns 404,[],"noindex, nofollow",,[],es,/excel-sheet-extractor,0,,,Not public; not asserted working,"Review capability, impressions and backlinks before any future removal",False,EXISTING_404,other-locales
/es/excel-sheet-merger,404,text/html; charset=utf-8,[],Hidden registry tool; existing launch policy returns 404,[],"noindex, nofollow",,[],es,/excel-sheet-merger,0,,,Not public; not asserted working,"Review capability, impressions and backlinks before any future removal",False,EXISTING_404,other-locales
/es/excel-to-csv,404,text/html; charset=utf-8,[],Hidden registry tool; existing launch policy returns 404,[],"noindex, nofollow",,[],es,/excel-to-csv,0,,,Not public; not asserted working,"Review capability, impressions and backlinks before any future removal",False,EXISTING_404,other-locales
/es/excel-to-pdf,200,text/html; charset=utf-8,[],Public PDF tool,"[""https://pdfpilot.net/es/excel-to-pdf""]","noindex, follow",,[],es,/excel-to-pdf,31,,,26 English upload checks; representative parsed conversions; Portuguese upload checks where approved,Incomplete language coverage or Portuguese demand/capability not validated,False,NOINDEX,other-locales
/es/excel-to-tsv,404,text/html; charset=utf-8,[],Hidden registry tool; existing launch policy returns 404,[],"noindex, nofollow",,[],es,/excel-to-tsv,0,,,Not public; not asserted working,"Review capability, impressions and backlinks before any future removal",False,EXISTING_404,other-locales
/es/excel-to-xml,200,text/html; charset=utf-8,[],Public PDF tool,"[""https://pdfpilot.net/es/excel-to-xml""]","noindex, follow",,[],es,/excel-to-xml,2,,,26 English upload checks; representative parsed conversions; Portuguese upload checks where approved,Incomplete language coverage or Portuguese demand/capability not validated,False,NOINDEX,other-locales
/es/extract-pages,200,text/html; charset=utf-8,[],Public PDF tool,"[""https://pdfpilot.net/es/extract-pages""]","noindex, follow",,[],es,/extract-pages,2,,,26 English upload checks; representative parsed conversions; Portuguese upload checks where approved,Incomplete language coverage or Portuguese demand/capability not validated,False,NOINDEX,other-locales
/es/fill-pdf,200,text/html; charset=utf-8,[],Public PDF tool,"[""https://pdfpilot.net/es/fill-pdf""]","noindex, follow",,[],es,/fill-pdf,2,,,26 English upload checks; representative parsed conversions; Portuguese upload checks where approved,Incomplete language coverage or Portuguese demand/capability not validated,False,NOINDEX,other-locales
/es/flatten-pdf,404,text/html; charset=utf-8,[],Hidden registry tool; existing launch policy returns 404,[],"noindex, nofollow",,[],es,/flatten-pdf,0,,,Not public; not asserted working,"Review capability, impressions and backlinks before any future removal",False,EXISTING_404,other-locales
/es/heic-to-jpg,404,text/html; charset=utf-8,[],Hidden registry tool; existing launch policy returns 404,[],"noindex, nofollow",,[],es,/heic-to-jpg,0,,,Not public; not asserted working,"Review capability, impressions and backlinks before any future removal",False,EXISTING_404,other-locales
/es/html-to-markdown,404,text/html; charset=utf-8,[],Hidden registry tool; existing launch policy returns 404,[],"noindex, nofollow",,[],es,/html-to-markdown,0,,,Not public; not asserted working,"Review capability, impressions and backlinks before any future removal",False,EXISTING_404,other-locales
/es/html-to-pdf,200,text/html; charset=utf-8,[],Public PDF tool,"[""https://pdfpilot.net/es/html-to-pdf""]","noindex, follow",,[],es,/html-to-pdf,2,,,26 English upload checks; representative parsed conversions; Portuguese upload checks where approved,Incomplete language coverage or Portuguese demand/capability not validated,False,NOINDEX,other-locales
/es/html-to-text,404,text/html; charset=utf-8,[],Hidden registry tool; existing launch policy returns 404,[],"noindex, nofollow",,[],es,/html-to-text,0,,,Not public; not asserted working,"Review capability, impressions and backlinks before any future removal",False,EXISTING_404,other-locales
/es/image-metadata,404,text/html; charset=utf-8,[],Hidden registry tool; existing launch policy returns 404,[],"noindex, nofollow",,[],es,/image-metadata,0,,,Not public; not asserted working,"Review capability, impressions and backlinks before any future removal",False,EXISTING_404,other-locales
/es/image-watermark,404,text/html; charset=utf-8,[],Hidden registry tool; existing launch policy returns 404,[],"noindex, nofollow",,[],es,/image-watermark,0,,,Not public; not asserted working,"Review capability, impressions and backlinks before any future removal",False,EXISTING_404,other-locales
/es/jpg-a-pdf,200,text/html; charset=utf-8,[],Public PDF tool,"[""https://pdfpilot.net/es/jpg-a-pdf""]","index, follow (default)",,"[""/sitemaps/families/locales.xml""]",es,/jpg-to-pdf,31,,,26 English upload checks; representative parsed conversions; Portuguese upload checks where approved,Reviewed SSR help and accurate capability limits,True,KEEP,other-locales
/es/jpg-to-pdf,308,text/html; charset=utf-8,"[{""from"": ""http://127.0.0.1:4368/es/jpg-to-pdf"", ""status"": 308, ""to"": ""http://127.0.0.1:4368/es/jpg-a-pdf""}]",Alias redirected to its existing equivalent,"[""https://pdfpilot.net/es/jpg-a-pdf""]","index, follow (default)",,[],es,/jpg-to-pdf,1,,,One-hop HTTP redirect,One canonical destination,False,REDIRECT,other-locales
/es/json-diff,404,text/html; charset=utf-8,[],Hidden registry tool; existing launch policy returns 404,[],"noindex, nofollow",,[],es,/json-diff,0,,,Not public; not asserted working,"Review capability, impressions and backlinks before any future removal",False,EXISTING_404,other-locales
/es/json-formatter,404,text/html; charset=utf-8,[],Hidden registry tool; existing launch policy returns 404,[],"noindex, nofollow",,[],es,/json-formatter,0,,,Not public; not asserted working,"Review capability, impressions and backlinks before any future removal",False,EXISTING_404,other-locales
/es/json-to-csv,404,text/html; charset=utf-8,[],Hidden registry tool; existing launch policy returns 404,[],"noindex, nofollow",,[],es,/json-to-csv,0,,,Not public; not asserted working,"Review capability, impressions and backlinks before any future removal",False,EXISTING_404,other-locales
/es/json-to-excel,404,text/html; charset=utf-8,[],Hidden registry tool; existing launch policy returns 404,[],"noindex, nofollow",,[],es,/json-to-excel,0,,,Not public; not asserted working,"Review capability, impressions and backlinks before any future removal",False,EXISTING_404,other-locales
/es/json-to-xml,404,text/html; charset=utf-8,[],Hidden registry tool; existing launch policy returns 404,[],"noindex, nofollow",,[],es,/json-to-xml,0,,,Not public; not asserted working,"Review capability, impressions and backlinks before any future removal",False,EXISTING_404,other-locales
/es/json-to-yaml,404,text/html; charset=utf-8,[],Hidden registry tool; existing launch policy returns 404,[],"noindex, nofollow",,[],es,/json-to-yaml,0,,,Not public; not asserted working,"Review capability, impressions and backlinks before any future removal",False,EXISTING_404,other-locales
/es/lock-pdf,404,text/html; charset=utf-8,[],Hidden registry tool; existing launch policy returns 404,[],"noindex, nofollow",,[],es,/lock-pdf,0,,,Not public; not asserted working,"Review capability, impressions and backlinks before any future removal",False,EXISTING_404,other-locales
/es/markdown-table-to-csv,404,text/html; charset=utf-8,[],Hidden registry tool; existing launch policy returns 404,[],"noindex, nofollow",,[],es,/markdown-table-to-csv,0,,,Not public; not asserted working,"Review capability, impressions and backlinks before any future removal",False,EXISTING_404,other-locales
/es/markdown-to-html,404,text/html; charset=utf-8,[],Hidden registry tool; existing launch policy returns 404,[],"noindex, nofollow",,[],es,/markdown-to-html,0,,,Not public; not asserted working,"Review capability, impressions and backlinks before any future removal",False,EXISTING_404,other-locales
/es/markdown-to-pdf,404,text/html; charset=utf-8,[],Hidden registry tool; existing launch policy returns 404,[],"noindex, nofollow",,[],es,/markdown-to-pdf,0,,,Not public; not asserted working,"Review capability, impressions and backlinks before any future removal",False,EXISTING_404,other-locales
/es/merge-pdf,308,text/html; charset=utf-8,"[{""from"": ""http://127.0.0.1:4368/es/merge-pdf"", ""status"": 308, ""to"": ""http://127.0.0.1:4368/es/unir-pdf""}]",Alias redirected to its existing equivalent,"[""https://pdfpilot.net/es/unir-pdf""]","index, follow (default)",,[],es,/merge-pdf,1,,,One-hop HTTP redirect,One canonical destination,False,REDIRECT,other-locales
/es/ocr-pdf,200,text/html; charset=utf-8,[],Public PDF tool,"[""https://pdfpilot.net/es/ocr-pdf""]","noindex, follow",,[],es,/ocr-pdf,2,,,26 English upload checks; representative parsed conversions; Portuguese upload checks where approved,Incomplete language coverage or Portuguese demand/capability not validated,False,NOINDEX,other-locales
/es/organize-pdf,200,text/html; charset=utf-8,[],Public PDF tool,"[""https://pdfpilot.net/es/organize-pdf""]","noindex, follow",,[],es,/organize-pdf,2,,,26 English upload checks; representative parsed conversions; Portuguese upload checks where approved,Incomplete language coverage or Portuguese demand/capability not validated,False,NOINDEX,other-locales
/es/pdf-a-jpg,200,text/html; charset=utf-8,[],Public PDF tool,"[""https://pdfpilot.net/es/pdf-a-jpg""]","index, follow (default)",,"[""/sitemaps/families/locales.xml""]",es,/pdf-to-jpg,31,,,26 English upload checks; representative parsed conversions; Portuguese upload checks where approved,Reviewed SSR help and accurate capability limits,True,KEEP,other-locales
/es/pdf-metadata-editor,404,text/html; charset=utf-8,[],Hidden registry tool; existing launch policy returns 404,[],"noindex, nofollow",,[],es,/pdf-metadata-editor,0,,,Not public; not asserted working,"Review capability, impressions and backlinks before any future removal",False,EXISTING_404,other-locales
/es/pdf-to-excel,200,text/html; charset=utf-8,[],Public PDF tool,"[""https://pdfpilot.net/es/pdf-to-excel""]","noindex, follow",,[],es,/pdf-to-excel,2,,,26 English upload checks; representative parsed conversions; Portuguese upload checks where approved,Incomplete language coverage or Portuguese demand/capability not validated,False,NOINDEX,other-locales
/es/pdf-to-jpg,308,text/html; charset=utf-8,"[{""from"": ""http://127.0.0.1:4368/es/pdf-to-jpg"", ""status"": 308, ""to"": ""http://127.0.0.1:4368/es/pdf-a-jpg""}]",Alias redirected to its existing equivalent,"[""https://pdfpilot.net/es/pdf-a-jpg""]","index, follow (default)",,[],es,/pdf-to-jpg,1,,,One-hop HTTP redirect,One canonical destination,False,REDIRECT,other-locales
/es/pdf-to-pdfa,200,text/html; charset=utf-8,[],Public PDF tool,"[""https://pdfpilot.net/es/pdf-to-pdfa""]","noindex, follow",,[],es,/pdf-to-pdfa,2,,,26 English upload checks; representative parsed conversions; Portuguese upload checks where approved,Incomplete language coverage or Portuguese demand/capability not validated,False,NOINDEX,other-locales
/es/pdf-to-powerpoint,200,text/html; charset=utf-8,[],Public PDF tool,"[""https://pdfpilot.net/es/pdf-to-powerpoint""]","noindex, follow",,[],es,/pdf-to-powerpoint,2,,,26 English upload checks; representative parsed conversions; Portuguese upload checks where approved,Incomplete language coverage or Portuguese demand/capability not validated,False,NOINDEX,other-locales
/es/pdf-to-word,200,text/html; charset=utf-8,[],Public PDF tool,"[""https://pdfpilot.net/es/pdf-to-word""]","noindex, follow",,[],es,/pdf-to-word,2,,,26 English upload checks; representative parsed conversions; Portuguese upload checks where approved,Incomplete language coverage or Portuguese demand/capability not validated,False,NOINDEX,other-locales
/es/powerpoint-to-pdf,200,text/html; charset=utf-8,[],Public PDF tool,"[""https://pdfpilot.net/es/powerpoint-to-pdf""]","noindex, follow",,[],es,/powerpoint-to-pdf,31,,,26 English upload checks; representative parsed conversions; Portuguese upload checks where approved,Incomplete language coverage or Portuguese demand/capability not validated,False,NOINDEX,other-locales
/es/rearrange-pages,404,text/html; charset=utf-8,[],Hidden registry tool; existing launch policy returns 404,[],"noindex, nofollow",,[],es,/rearrange-pages,0,,,Not public; not asserted working,"Review capability, impressions and backlinks before any future removal",False,EXISTING_404,other-locales
/es/repair-pdf,200,text/html; charset=utf-8,[],Public PDF tool,"[""https://pdfpilot.net/es/repair-pdf""]","noindex, follow",,[],es,/repair-pdf,2,,,26 English upload checks; representative parsed conversions; Portuguese upload checks where approved,Incomplete language coverage or Portuguese demand/capability not validated,False,NOINDEX,other-locales
/es/resize-image,404,text/html; charset=utf-8,[],Hidden registry tool; existing launch policy returns 404,[],"noindex, nofollow",,[],es,/resize-image,0,,,Not public; not asserted working,"Review capability, impressions and backlinks before any future removal",False,EXISTING_404,other-locales
/es/rotate-image,404,text/html; charset=utf-8,[],Hidden registry tool; existing launch policy returns 404,[],"noindex, nofollow",,[],es,/rotate-image,0,,,Not public; not asserted working,"Review capability, impressions and backlinks before any future removal",False,EXISTING_404,other-locales
/es/rotate-pdf,200,text/html; charset=utf-8,[],Public PDF tool,"[""https://pdfpilot.net/es/rotate-pdf""]","noindex, follow",,[],es,/rotate-pdf,2,,,26 English upload checks; representative parsed conversions; Portuguese upload checks where approved,Incomplete language coverage or Portuguese demand/capability not validated,False,NOINDEX,other-locales
/es/scan-pdf,200,text/html; charset=utf-8,[],Public PDF tool,"[""https://pdfpilot.net/es/scan-pdf""]","noindex, follow",,[],es,/scan-pdf,2,,,26 English upload checks; representative parsed conversions; Portuguese upload checks where approved,Incomplete language coverage or Portuguese demand/capability not validated,False,NOINDEX,other-locales
/es/split-pdf,308,text/html; charset=utf-8,"[{""from"": ""http://127.0.0.1:4368/es/split-pdf"", ""status"": 308, ""to"": ""http://127.0.0.1:4368/es/dividir-pdf""}]",Alias redirected to its existing equivalent,"[""https://pdfpilot.net/es/dividir-pdf""]","index, follow (default)",,[],es,/split-pdf,1,,,One-hop HTTP redirect,One canonical destination,False,REDIRECT,other-locales
/es/sql-to-csv,404,text/html; charset=utf-8,[],Hidden registry tool; existing launch policy returns 404,[],"noindex, nofollow",,[],es,/sql-to-csv,0,,,Not public; not asserted working,"Review capability, impressions and backlinks before any future removal",False,EXISTING_404,other-locales
/es/sql-to-json,404,text/html; charset=utf-8,[],Hidden registry tool; existing launch policy returns 404,[],"noindex, nofollow",,[],es,/sql-to-json,0,,,Not public; not asserted working,"Review capability, impressions and backlinks before any future removal",False,EXISTING_404,other-locales
/es/summary-generator,404,text/html; charset=utf-8,[],Hidden registry tool; existing launch policy returns 404,[],"noindex, nofollow",,[],es,/summary-generator,0,,,Not public; not asserted working,"Review capability, impressions and backlinks before any future removal",False,EXISTING_404,other-locales
/es/svg-to-pdf,404,text/html; charset=utf-8,[],Hidden registry tool; existing launch policy returns 404,[],"noindex, nofollow",,[],es,/svg-to-pdf,0,,,Not public; not asserted working,"Review capability, impressions and backlinks before any future removal",False,EXISTING_404,other-locales
/es/tsv-to-csv,404,text/html; charset=utf-8,[],Hidden registry tool; existing launch policy returns 404,[],"noindex, nofollow",,[],es,/tsv-to-csv,0,,,Not public; not asserted working,"Review capability, impressions and backlinks before any future removal",False,EXISTING_404,other-locales
/es/tsv-to-excel,404,text/html; charset=utf-8,[],Hidden registry tool; existing launch policy returns 404,[],"noindex, nofollow",,[],es,/tsv-to-excel,0,,,Not public; not asserted working,"Review capability, impressions and backlinks before any future removal",False,EXISTING_404,other-locales
/es/txt-to-pdf,404,text/html; charset=utf-8,[],Hidden registry tool; existing launch policy returns 404,[],"noindex, nofollow",,[],es,/txt-to-pdf,0,,,Not public; not asserted working,"Review capability, impressions and backlinks before any future removal",False,EXISTING_404,other-locales
/es/unir-pdf,200,text/html; charset=utf-8,[],Public PDF tool,"[""https://pdfpilot.net/es/unir-pdf""]","index, follow (default)",,"[""/sitemaps/families/locales.xml""]",es,/merge-pdf,33,,,26 English upload checks; representative parsed conversions; Portuguese upload checks where approved,Reviewed SSR help and accurate capability limits,True,KEEP,other-locales
/es/unlock-pdf,404,text/html; charset=utf-8,[],Hidden registry tool; existing launch policy returns 404,[],"noindex, nofollow",,[],es,/unlock-pdf,0,,,Not public; not asserted working,"Review capability, impressions and backlinks before any future removal",False,EXISTING_404,other-locales
/es/url-encode,404,text/html; charset=utf-8,[],Hidden registry tool; existing launch policy returns 404,[],"noindex, nofollow",,[],es,/url-encode,0,,,Not public; not asserted working,"Review capability, impressions and backlinks before any future removal",False,EXISTING_404,other-locales
/es/watermark-pdf,200,text/html; charset=utf-8,[],Public PDF tool,"[""https://pdfpilot.net/es/watermark-pdf""]","noindex, follow",,[],es,/watermark-pdf,2,,,26 English upload checks; representative parsed conversions; Portuguese upload checks where approved,Incomplete language coverage or Portuguese demand/capability not validated,False,NOINDEX,other-locales
/es/word-to-pdf,200,text/html; charset=utf-8,[],Public PDF tool,"[""https://pdfpilot.net/es/word-to-pdf""]","noindex, follow",,[],es,/word-to-pdf,31,,,26 English upload checks; representative parsed conversions; Portuguese upload checks where approved,Incomplete language coverage or Portuguese demand/capability not validated,False,NOINDEX,other-locales
/es/xml-formatter,404,text/html; charset=utf-8,[],Hidden registry tool; existing launch policy returns 404,[],"noindex, nofollow",,[],es,/xml-formatter,0,,,Not public; not asserted working,"Review capability, impressions and backlinks before any future removal",False,EXISTING_404,other-locales
/es/xml-minifier,404,text/html; charset=utf-8,[],Hidden registry tool; existing launch policy returns 404,[],"noindex, nofollow",,[],es,/xml-minifier,0,,,Not public; not asserted working,"Review capability, impressions and backlinks before any future removal",False,EXISTING_404,other-locales
/es/xml-to-excel,404,text/html; charset=utf-8,[],Hidden registry tool; existing launch policy returns 404,[],"noindex, nofollow",,[],es,/xml-to-excel,0,,,Not public; not asserted working,"Review capability, impressions and backlinks before any future removal",False,EXISTING_404,other-locales
/es/xml-to-json,404,text/html; charset=utf-8,[],Hidden registry tool; existing launch policy returns 404,[],"noindex, nofollow",,[],es,/xml-to-json,0,,,Not public; not asserted working,"Review capability, impressions and backlinks before any future removal",False,EXISTING_404,other-locales
/es/xml-to-yaml,404,text/html; charset=utf-8,[],Hidden registry tool; existing launch policy returns 404,[],"noindex, nofollow",,[],es,/xml-to-yaml,0,,,Not public; not asserted working,"Review capability, impressions and backlinks before any future removal",False,EXISTING_404,other-locales
/es/xml-validator,404,text/html; charset=utf-8,[],Hidden registry tool; existing launch policy returns 404,[],"noindex, nofollow",,[],es,/xml-validator,0,,,Not public; not asserted working,"Review capability, impressions and backlinks before any future removal",False,EXISTING_404,other-locales
/excel-sheet-extractor,404,text/html; charset=utf-8,[],Hidden registry tool; existing launch policy returns 404,[],"noindex, nofollow",,[],en,/excel-sheet-extractor,0,,,Not public; not asserted working,"Review capability, impressions and backlinks before any future removal",False,EXISTING_404,resources
/excel-sheet-merger,404,text/html; charset=utf-8,[],Hidden registry tool; existing launch policy returns 404,[],"noindex, nofollow",,[],en,/excel-sheet-merger,0,,,Not public; not asserted working,"Review capability, impressions and backlinks before any future removal",False,EXISTING_404,resources
/excel-to-csv,404,text/html; charset=utf-8,[],Hidden registry tool; existing launch policy returns 404,[],"noindex, nofollow",,[],en,/excel-to-csv,0,,,Not public; not asserted working,"Review capability, impressions and backlinks before any future removal",False,EXISTING_404,resources
/excel-to-json,404,text/html; charset=utf-8,[],Hidden registry tool; existing launch policy returns 404,[],"noindex, nofollow",,[],en,/excel-to-json,0,,,Not public; not asserted working,"Review capability, impressions and backlinks before any future removal",False,EXISTING_404,resources
/excel-to-pdf,200,text/html; charset=utf-8,[],Public PDF tool,"[""https://pdfpilot.net/excel-to-pdf""]","index, follow (default)",,"[""/sitemaps/families/core.xml""]",en,/excel-to-pdf,177,,,26 English upload checks; representative parsed conversions; Portuguese upload checks where approved,Reviewed SSR help and accurate capability limits,True,KEEP,core
/excel-to-pdf-landscape,200,text/html; charset=utf-8,[],Reviewed distinct task: Excel to PDF in Landscape,"[""https://pdfpilot.net/excel-to-pdf-landscape""]","index, follow",,"[""/sitemaps/pseo/use-case-0.xml""]",en,excel-to-pdf,14,https://pdfpilot.net/excel-to-pdf-landscape,,Parsed upload/process/download browser evidence,Distinct task guidance and real tool; editorial gate passed,True,KEEP,pseo-en
/excel-to-tsv,404,text/html; charset=utf-8,[],Hidden registry tool; existing launch policy returns 404,[],"noindex, nofollow",,[],en,/excel-to-tsv,0,,,Not public; not asserted working,"Review capability, impressions and backlinks before any future removal",False,EXISTING_404,resources
/excel-to-xml,200,text/html; charset=utf-8,[],Public PDF tool,"[""https://pdfpilot.net/excel-to-xml""]","index, follow (default)",,"[""/sitemaps/families/core.xml""]",en,/excel-to-xml,8,,,26 English upload checks; representative parsed conversions; Portuguese upload checks where approved,Reviewed SSR help and accurate capability limits,True,KEEP,core
/extract-pages,200,text/html; charset=utf-8,[],Public PDF tool,"[""https://pdfpilot.net/extract-pages""]","index, follow (default)",,"[""/sitemaps/families/core.xml""]",en,/extract-pages,4,,,26 English upload checks; representative parsed conversions; Portuguese upload checks where approved,Reviewed SSR help and accurate capability limits,True,KEEP,core
/fill-pdf,200,text/html; charset=utf-8,[],Public PDF tool,"[""https://pdfpilot.net/fill-pdf""]","index, follow (default)",,"[""/sitemaps/families/core.xml""]",en,/fill-pdf,27,,,26 English upload checks; representative parsed conversions; Portuguese upload checks where approved,Reviewed SSR help and accurate capability limits,True,KEEP,core
/flatten-pdf,404,text/html; charset=utf-8,[],Hidden registry tool; existing launch policy returns 404,[],"noindex, nofollow",,[],en,/flatten-pdf,0,,,Not public; not asserted working,"Review capability, impressions and backlinks before any future removal",False,EXISTING_404,resources
/fr,200,text/html; charset=utf-8,[],"Public hub, resource or utility","[""https://pdfpilot.net/fr""]","index, follow (default)",,"[""/sitemaps/families/locales.xml""]",fr,,33,,,HTTP and link checks; not every instructional claim or template manually executed,Keep subject to per-route content review; no ranking guarantee,True,KEEP,other-locales
/fr/add-page-numbers,200,text/html; charset=utf-8,[],Public PDF tool,"[""https://pdfpilot.net/fr/add-page-numbers""]","noindex, follow",,[],fr,/add-page-numbers,2,,,26 English upload checks; representative parsed conversions; Portuguese upload checks where approved,Incomplete language coverage or Portuguese demand/capability not validated,False,NOINDEX,other-locales
/fr/base64-decode,404,text/html; charset=utf-8,[],Hidden registry tool; existing launch policy returns 404,[],"noindex, nofollow",,[],fr,/base64-decode,0,,,Not public; not asserted working,"Review capability, impressions and backlinks before any future removal",False,EXISTING_404,other-locales
/fr/base64-encode,404,text/html; charset=utf-8,[],Hidden registry tool; existing launch policy returns 404,[],"noindex, nofollow",,[],fr,/base64-encode,0,,,Not public; not asserted working,"Review capability, impressions and backlinks before any future removal",False,EXISTING_404,other-locales
/fr/column-extractor,404,text/html; charset=utf-8,[],Hidden registry tool; existing launch policy returns 404,[],"noindex, nofollow",,[],fr,/column-extractor,0,,,Not public; not asserted working,"Review capability, impressions and backlinks before any future removal",False,EXISTING_404,other-locales
/fr/compare-pdf,404,text/html; charset=utf-8,[],Hidden registry tool; existing launch policy returns 404,[],"noindex, nofollow",,[],fr,/compare-pdf,0,,,Not public; not asserted working,"Review capability, impressions and backlinks before any future removal",False,EXISTING_404,other-locales
/fr/compress-image,404,text/html; charset=utf-8,[],Hidden registry tool; existing launch policy returns 404,[],"noindex, nofollow",,[],fr,/compress-image,0,,,Not public; not asserted working,"Review capability, impressions and backlinks before any future removal",False,EXISTING_404,other-locales
/fr/compress-pdf,308,text/html; charset=utf-8,"[{""from"": ""http://127.0.0.1:4368/fr/compress-pdf"", ""status"": 308, ""to"": ""http://127.0.0.1:4368/fr/compresser-pdf""}]",Alias redirected to its existing equivalent,"[""https://pdfpilot.net/fr/compresser-pdf""]","index, follow (default)",,[],fr,/compress-pdf,1,,,One-hop HTTP redirect,One canonical destination,False,REDIRECT,other-locales
/fr/compresser-pdf,200,text/html; charset=utf-8,[],Public PDF tool,"[""https://pdfpilot.net/fr/compresser-pdf""]","index, follow (default)",,"[""/sitemaps/families/locales.xml""]",fr,/compress-pdf,33,,,26 English upload checks; representative parsed conversions; Portuguese upload checks where approved,Reviewed SSR help and accurate capability limits,True,KEEP,other-locales
/fr/crop-image,404,text/html; charset=utf-8,[],Hidden registry tool; existing launch policy returns 404,[],"noindex, nofollow",,[],fr,/crop-image,0,,,Not public; not asserted working,"Review capability, impressions and backlinks before any future removal",False,EXISTING_404,other-locales
/fr/crop-pdf,200,text/html; charset=utf-8,[],Public PDF tool,"[""https://pdfpilot.net/fr/crop-pdf""]","noindex, follow",,[],fr,/crop-pdf,2,,,26 English upload checks; representative parsed conversions; Portuguese upload checks where approved,Incomplete language coverage or Portuguese demand/capability not validated,False,NOINDEX,other-locales
/fr/csv-cleaner,404,text/html; charset=utf-8,[],Hidden registry tool; existing launch policy returns 404,[],"noindex, nofollow",,[],fr,/csv-cleaner,0,,,Not public; not asserted working,"Review capability, impressions and backlinks before any future removal",False,EXISTING_404,other-locales
/fr/csv-formatter,404,text/html; charset=utf-8,[],Hidden registry tool; existing launch policy returns 404,[],"noindex, nofollow",,[],fr,/csv-formatter,0,,,Not public; not asserted working,"Review capability, impressions and backlinks before any future removal",False,EXISTING_404,other-locales
/fr/csv-merger,404,text/html; charset=utf-8,[],Hidden registry tool; existing launch policy returns 404,[],"noindex, nofollow",,[],fr,/csv-merger,0,,,Not public; not asserted working,"Review capability, impressions and backlinks before any future removal",False,EXISTING_404,other-locales
/fr/csv-splitter,404,text/html; charset=utf-8,[],Hidden registry tool; existing launch policy returns 404,[],"noindex, nofollow",,[],fr,/csv-splitter,0,,,Not public; not asserted working,"Review capability, impressions and backlinks before any future removal",False,EXISTING_404,other-locales
/fr/csv-to-excel,404,text/html; charset=utf-8,[],Hidden registry tool; existing launch policy returns 404,[],"noindex, nofollow",,[],fr,/csv-to-excel,0,,,Not public; not asserted working,"Review capability, impressions and backlinks before any future removal",False,EXISTING_404,other-locales
/fr/csv-to-json,404,text/html; charset=utf-8,[],Hidden registry tool; existing launch policy returns 404,[],"noindex, nofollow",,[],fr,/csv-to-json,0,,,Not public; not asserted working,"Review capability, impressions and backlinks before any future removal",False,EXISTING_404,other-locales
/fr/csv-to-pdf,404,text/html; charset=utf-8,[],Hidden registry tool; existing launch policy returns 404,[],"noindex, nofollow",,[],fr,/csv-to-pdf,0,,,Not public; not asserted working,"Review capability, impressions and backlinks before any future removal",False,EXISTING_404,other-locales
/fr/csv-to-sql,404,text/html; charset=utf-8,[],Hidden registry tool; existing launch policy returns 404,[],"noindex, nofollow",,[],fr,/csv-to-sql,0,,,Not public; not asserted working,"Review capability, impressions and backlinks before any future removal",False,EXISTING_404,other-locales
/fr/delete-pages,200,text/html; charset=utf-8,[],Public PDF tool,"[""https://pdfpilot.net/fr/delete-pages""]","noindex, follow",,[],fr,/delete-pages,2,,,26 English upload checks; representative parsed conversions; Portuguese upload checks where approved,Incomplete language coverage or Portuguese demand/capability not validated,False,NOINDEX,other-locales
/fr/diviser-pdf,200,text/html; charset=utf-8,[],Public PDF tool,"[""https://pdfpilot.net/fr/diviser-pdf""]","index, follow (default)",,"[""/sitemaps/families/locales.xml""]",fr,/split-pdf,33,,,26 English upload checks; representative parsed conversions; Portuguese upload checks where approved,Reviewed SSR help and accurate capability limits,True,KEEP,other-locales
/fr/docx-merge,404,text/html; charset=utf-8,[],Hidden registry tool; existing launch policy returns 404,[],"noindex, nofollow",,[],fr,/docx-merge,0,,,Not public; not asserted working,"Review capability, impressions and backlinks before any future removal",False,EXISTING_404,other-locales
/fr/duplicate-pages,404,text/html; charset=utf-8,[],Hidden registry tool; existing launch policy returns 404,[],"noindex, nofollow",,[],fr,/duplicate-pages,0,,,Not public; not asserted working,"Review capability, impressions and backlinks before any future removal",False,EXISTING_404,other-locales
/fr/duplicate-row-remover,404,text/html; charset=utf-8,[],Hidden registry tool; existing launch policy returns 404,[],"noindex, nofollow",,[],fr,/duplicate-row-remover,0,,,Not public; not asserted working,"Review capability, impressions and backlinks before any future removal",False,EXISTING_404,other-locales
/fr/edit-pdf,200,text/html; charset=utf-8,[],Public PDF tool,"[""https://pdfpilot.net/fr/edit-pdf""]","noindex, follow",,[],fr,/edit-pdf,2,,,26 English upload checks; representative parsed conversions; Portuguese upload checks where approved,Incomplete language coverage or Portuguese demand/capability not validated,False,NOINDEX,other-locales
/fr/excel-sheet-extractor,404,text/html; charset=utf-8,[],Hidden registry tool; existing launch policy returns 404,[],"noindex, nofollow",,[],fr,/excel-sheet-extractor,0,,,Not public; not asserted working,"Review capability, impressions and backlinks before any future removal",False,EXISTING_404,other-locales
/fr/excel-sheet-merger,404,text/html; charset=utf-8,[],Hidden registry tool; existing launch policy returns 404,[],"noindex, nofollow",,[],fr,/excel-sheet-merger,0,,,Not public; not asserted working,"Review capability, impressions and backlinks before any future removal",False,EXISTING_404,other-locales
/fr/excel-to-csv,404,text/html; charset=utf-8,[],Hidden registry tool; existing launch policy returns 404,[],"noindex, nofollow",,[],fr,/excel-to-csv,0,,,Not public; not asserted working,"Review capability, impressions and backlinks before any future removal",False,EXISTING_404,other-locales
/fr/excel-to-json,404,text/html; charset=utf-8,[],Hidden registry tool; existing launch policy returns 404,[],"noindex, nofollow",,[],fr,/excel-to-json,0,,,Not public; not asserted working,"Review capability, impressions and backlinks before any future removal",False,EXISTING_404,other-locales
/fr/excel-to-pdf,200,text/html; charset=utf-8,[],Public PDF tool,"[""https://pdfpilot.net/fr/excel-to-pdf""]","noindex, follow",,[],fr,/excel-to-pdf,31,,,26 English upload checks; representative parsed conversions; Portuguese upload checks where approved,Incomplete language coverage or Portuguese demand/capability not validated,False,NOINDEX,other-locales
/fr/excel-to-tsv,404,text/html; charset=utf-8,[],Hidden registry tool; existing launch policy returns 404,[],"noindex, nofollow",,[],fr,/excel-to-tsv,0,,,Not public; not asserted working,"Review capability, impressions and backlinks before any future removal",False,EXISTING_404,other-locales
/fr/excel-to-xml,200,text/html; charset=utf-8,[],Public PDF tool,"[""https://pdfpilot.net/fr/excel-to-xml""]","noindex, follow",,[],fr,/excel-to-xml,2,,,26 English upload checks; representative parsed conversions; Portuguese upload checks where approved,Incomplete language coverage or Portuguese demand/capability not validated,False,NOINDEX,other-locales
/fr/extract-pages,200,text/html; charset=utf-8,[],Public PDF tool,"[""https://pdfpilot.net/fr/extract-pages""]","noindex, follow",,[],fr,/extract-pages,2,,,26 English upload checks; representative parsed conversions; Portuguese upload checks where approved,Incomplete language coverage or Portuguese demand/capability not validated,False,NOINDEX,other-locales
/fr/fill-pdf,200,text/html; charset=utf-8,[],Public PDF tool,"[""https://pdfpilot.net/fr/fill-pdf""]","noindex, follow",,[],fr,/fill-pdf,2,,,26 English upload checks; representative parsed conversions; Portuguese upload checks where approved,Incomplete language coverage or Portuguese demand/capability not validated,False,NOINDEX,other-locales
/fr/fusionner-pdf,200,text/html; charset=utf-8,[],Public PDF tool,"[""https://pdfpilot.net/fr/fusionner-pdf""]","index, follow (default)",,"[""/sitemaps/families/locales.xml""]",fr,/merge-pdf,33,,,26 English upload checks; representative parsed conversions; Portuguese upload checks where approved,Reviewed SSR help and accurate capability limits,True,KEEP,other-locales
/fr/heic-to-jpg,404,text/html; charset=utf-8,[],Hidden registry tool; existing launch policy returns 404,[],"noindex, nofollow",,[],fr,/heic-to-jpg,0,,,Not public; not asserted working,"Review capability, impressions and backlinks before any future removal",False,EXISTING_404,other-locales
/fr/heic-to-png,404,text/html; charset=utf-8,[],Hidden registry tool; existing launch policy returns 404,[],"noindex, nofollow",,[],fr,/heic-to-png,0,,,Not public; not asserted working,"Review capability, impressions and backlinks before any future removal",False,EXISTING_404,other-locales
/fr/html-to-markdown,404,text/html; charset=utf-8,[],Hidden registry tool; existing launch policy returns 404,[],"noindex, nofollow",,[],fr,/html-to-markdown,0,,,Not public; not asserted working,"Review capability, impressions and backlinks before any future removal",False,EXISTING_404,other-locales
/fr/html-to-pdf,200,text/html; charset=utf-8,[],Public PDF tool,"[""https://pdfpilot.net/fr/html-to-pdf""]","noindex, follow",,[],fr,/html-to-pdf,2,,,26 English upload checks; representative parsed conversions; Portuguese upload checks where approved,Incomplete language coverage or Portuguese demand/capability not validated,False,NOINDEX,other-locales
/fr/html-to-text,404,text/html; charset=utf-8,[],Hidden registry tool; existing launch policy returns 404,[],"noindex, nofollow",,[],fr,/html-to-text,0,,,Not public; not asserted working,"Review capability, impressions and backlinks before any future removal",False,EXISTING_404,other-locales
/fr/image-metadata,404,text/html; charset=utf-8,[],Hidden registry tool; existing launch policy returns 404,[],"noindex, nofollow",,[],fr,/image-metadata,0,,,Not public; not asserted working,"Review capability, impressions and backlinks before any future removal",False,EXISTING_404,other-locales
/fr/image-watermark,404,text/html; charset=utf-8,[],Hidden registry tool; existing launch policy returns 404,[],"noindex, nofollow",,[],fr,/image-watermark,0,,,Not public; not asserted working,"Review capability, impressions and backlinks before any future removal",False,EXISTING_404,other-locales
/fr/insert-pages,404,text/html; charset=utf-8,[],Hidden registry tool; existing launch policy returns 404,[],"noindex, nofollow",,[],fr,/insert-pages,0,,,Not public; not asserted working,"Review capability, impressions and backlinks before any future removal",False,EXISTING_404,other-locales
/fr/jpg-en-pdf,200,text/html; charset=utf-8,[],Public PDF tool,"[""https://pdfpilot.net/fr/jpg-en-pdf""]","index, follow (default)",,"[""/sitemaps/families/locales.xml""]",fr,/jpg-to-pdf,31,,,26 English upload checks; representative parsed conversions; Portuguese upload checks where approved,Reviewed SSR help and accurate capability limits,True,KEEP,other-locales
/fr/jpg-to-pdf,308,text/html; charset=utf-8,"[{""from"": ""http://127.0.0.1:4368/fr/jpg-to-pdf"", ""status"": 308, ""to"": ""http://127.0.0.1:4368/fr/jpg-en-pdf""}]",Alias redirected to its existing equivalent,"[""https://pdfpilot.net/fr/jpg-en-pdf""]","index, follow (default)",,[],fr,/jpg-to-pdf,1,,,One-hop HTTP redirect,One canonical destination,False,REDIRECT,other-locales
/fr/json-diff,404,text/html; charset=utf-8,[],Hidden registry tool; existing launch policy returns 404,[],"noindex, nofollow",,[],fr,/json-diff,0,,,Not public; not asserted working,"Review capability, impressions and backlinks before any future removal",False,EXISTING_404,other-locales
/fr/json-formatter,404,text/html; charset=utf-8,[],Hidden registry tool; existing launch policy returns 404,[],"noindex, nofollow",,[],fr,/json-formatter,0,,,Not public; not asserted working,"Review capability, impressions and backlinks before any future removal",False,EXISTING_404,other-locales
/fr/json-minifier,404,text/html; charset=utf-8,[],Hidden registry tool; existing launch policy returns 404,[],"noindex, nofollow",,[],fr,/json-minifier,0,,,Not public; not asserted working,"Review capability, impressions and backlinks before any future removal",False,EXISTING_404,other-locales
/fr/json-to-csv,404,text/html; charset=utf-8,[],Hidden registry tool; existing launch policy returns 404,[],"noindex, nofollow",,[],fr,/json-to-csv,0,,,Not public; not asserted working,"Review capability, impressions and backlinks before any future removal",False,EXISTING_404,other-locales
/fr/json-to-sql,404,text/html; charset=utf-8,[],Hidden registry tool; existing launch policy returns 404,[],"noindex, nofollow",,[],fr,/json-to-sql,0,,,Not public; not asserted working,"Review capability, impressions and backlinks before any future removal",False,EXISTING_404,other-locales
/fr/json-to-xml,404,text/html; charset=utf-8,[],Hidden registry tool; existing launch policy returns 404,[],"noindex, nofollow",,[],fr,/json-to-xml,0,,,Not public; not asserted working,"Review capability, impressions and backlinks before any future removal",False,EXISTING_404,other-locales
/fr/json-to-yaml,404,text/html; charset=utf-8,[],Hidden registry tool; existing launch policy returns 404,[],"noindex, nofollow",,[],fr,/json-to-yaml,0,,,Not public; not asserted working,"Review capability, impressions and backlinks before any future removal",False,EXISTING_404,other-locales
/fr/json-validator,404,text/html; charset=utf-8,[],Hidden registry tool; existing launch policy returns 404,[],"noindex, nofollow",,[],fr,/json-validator,0,,,Not public; not asserted working,"Review capability, impressions and backlinks before any future removal",False,EXISTING_404,other-locales
/fr/jwt-decode,404,text/html; charset=utf-8,[],Hidden registry tool; existing launch policy returns 404,[],"noindex, nofollow",,[],fr,/jwt-decode,0,,,Not public; not asserted working,"Review capability, impressions and backlinks before any future removal",False,EXISTING_404,other-locales
/fr/lock-pdf,404,text/html; charset=utf-8,[],Hidden registry tool; existing launch policy returns 404,[],"noindex, nofollow",,[],fr,/lock-pdf,0,,,Not public; not asserted working,"Review capability, impressions and backlinks before any future removal",False,EXISTING_404,other-locales
/fr/markdown-table-to-csv,404,text/html; charset=utf-8,[],Hidden registry tool; existing launch policy returns 404,[],"noindex, nofollow",,[],fr,/markdown-table-to-csv,0,,,Not public; not asserted working,"Review capability, impressions and backlinks before any future removal",False,EXISTING_404,other-locales
/fr/markdown-to-html,404,text/html; charset=utf-8,[],Hidden registry tool; existing launch policy returns 404,[],"noindex, nofollow",,[],fr,/markdown-to-html,0,,,Not public; not asserted working,"Review capability, impressions and backlinks before any future removal",False,EXISTING_404,other-locales
/fr/markdown-to-pdf,404,text/html; charset=utf-8,[],Hidden registry tool; existing launch policy returns 404,[],"noindex, nofollow",,[],fr,/markdown-to-pdf,0,,,Not public; not asserted working,"Review capability, impressions and backlinks before any future removal",False,EXISTING_404,other-locales
/fr/merge-pdf,308,text/html; charset=utf-8,"[{""from"": ""http://127.0.0.1:4368/fr/merge-pdf"", ""status"": 308, ""to"": ""http://127.0.0.1:4368/fr/fusionner-pdf""}]",Alias redirected to its existing equivalent,"[""https://pdfpilot.net/fr/fusionner-pdf""]","index, follow (default)",,[],fr,/merge-pdf,1,,,One-hop HTTP redirect,One canonical destination,False,REDIRECT,other-locales
/fr/ocr-image,404,text/html; charset=utf-8,[],Hidden registry tool; existing launch policy returns 404,[],"noindex, nofollow",,[],fr,/ocr-image,0,,,Not public; not asserted working,"Review capability, impressions and backlinks before any future removal",False,EXISTING_404,other-locales
/fr/ocr-pdf,200,text/html; charset=utf-8,[],Public PDF tool,"[""https://pdfpilot.net/fr/ocr-pdf""]","noindex, follow",,[],fr,/ocr-pdf,2,,,26 English upload checks; representative parsed conversions; Portuguese upload checks where approved,Incomplete language coverage or Portuguese demand/capability not validated,False,NOINDEX,other-locales
/fr/organize-pdf,200,text/html; charset=utf-8,[],Public PDF tool,"[""https://pdfpilot.net/fr/organize-pdf""]","noindex, follow",,[],fr,/organize-pdf,2,,,26 English upload checks; representative parsed conversions; Portuguese upload checks where approved,Incomplete language coverage or Portuguese demand/capability not validated,False,NOINDEX,other-locales
/fr/pdf-en-jpg,200,text/html; charset=utf-8,[],Public PDF tool,"[""https://pdfpilot.net/fr/pdf-en-jpg""]","index, follow (default)",,"[""/sitemaps/families/locales.xml""]",fr,/pdf-to-jpg,31,,,26 English upload checks; representative parsed conversions; Portuguese upload checks where approved,Reviewed SSR help and accurate capability limits,True,KEEP,other-locales
/fr/pdf-metadata-editor,404,text/html; charset=utf-8,[],Hidden registry tool; existing launch policy returns 404,[],"noindex, nofollow",,[],fr,/pdf-metadata-editor,0,,,Not public; not asserted working,"Review capability, impressions and backlinks before any future removal",False,EXISTING_404,other-locales
/fr/pdf-to-excel,200,text/html; charset=utf-8,[],Public PDF tool,"[""https://pdfpilot.net/fr/pdf-to-excel""]","noindex, follow",,[],fr,/pdf-to-excel,2,,,26 English upload checks; representative parsed conversions; Portuguese upload checks where approved,Incomplete language coverage or Portuguese demand/capability not validated,False,NOINDEX,other-locales
/fr/pdf-to-jpg,308,text/html; charset=utf-8,"[{""from"": ""http://127.0.0.1:4368/fr/pdf-to-jpg"", ""status"": 308, ""to"": ""http://127.0.0.1:4368/fr/pdf-en-jpg""}]",Alias redirected to its existing equivalent,"[""https://pdfpilot.net/fr/pdf-en-jpg""]","index, follow (default)",,[],fr,/pdf-to-jpg,1,,,One-hop HTTP redirect,One canonical destination,False,REDIRECT,other-locales
/fr/pdf-to-pdfa,200,text/html; charset=utf-8,[],Public PDF tool,"[""https://pdfpilot.net/fr/pdf-to-pdfa""]","noindex, follow",,[],fr,/pdf-to-pdfa,2,,,26 English upload checks; representative parsed conversions; Portuguese upload checks where approved,Incomplete language coverage or Portuguese demand/capability not validated,False,NOINDEX,other-locales
/fr/pdf-to-powerpoint,200,text/html; charset=utf-8,[],Public PDF tool,"[""https://pdfpilot.net/fr/pdf-to-powerpoint""]","noindex, follow",,[],fr,/pdf-to-powerpoint,2,,,26 English upload checks; representative parsed conversions; Portuguese upload checks where approved,Incomplete language coverage or Portuguese demand/capability not validated,False,NOINDEX,other-locales
/fr/pdf-to-word,200,text/html; charset=utf-8,[],Public PDF tool,"[""https://pdfpilot.net/fr/pdf-to-word""]","noindex, follow",,[],fr,/pdf-to-word,2,,,26 English upload checks; representative parsed conversions; Portuguese upload checks where approved,Incomplete language coverage or Portuguese demand/capability not validated,False,NOINDEX,other-locales
/fr/powerpoint-to-pdf,200,text/html; charset=utf-8,[],Public PDF tool,"[""https://pdfpilot.net/fr/powerpoint-to-pdf""]","noindex, follow",,[],fr,/powerpoint-to-pdf,31,,,26 English upload checks; representative parsed conversions; Portuguese upload checks where approved,Incomplete language coverage or Portuguese demand/capability not validated,False,NOINDEX,other-locales
/fr/rearrange-pages,404,text/html; charset=utf-8,[],Hidden registry tool; existing launch policy returns 404,[],"noindex, nofollow",,[],fr,/rearrange-pages,0,,,Not public; not asserted working,"Review capability, impressions and backlinks before any future removal",False,EXISTING_404,other-locales
/fr/repair-pdf,200,text/html; charset=utf-8,[],Public PDF tool,"[""https://pdfpilot.net/fr/repair-pdf""]","noindex, follow",,[],fr,/repair-pdf,2,,,26 English upload checks; representative parsed conversions; Portuguese upload checks where approved,Incomplete language coverage or Portuguese demand/capability not validated,False,NOINDEX,other-locales
/fr/rotate-image,404,text/html; charset=utf-8,[],Hidden registry tool; existing launch policy returns 404,[],"noindex, nofollow",,[],fr,/rotate-image,0,,,Not public; not asserted working,"Review capability, impressions and backlinks before any future removal",False,EXISTING_404,other-locales
/fr/rotate-pdf,200,text/html; charset=utf-8,[],Public PDF tool,"[""https://pdfpilot.net/fr/rotate-pdf""]","noindex, follow",,[],fr,/rotate-pdf,2,,,26 English upload checks; representative parsed conversions; Portuguese upload checks where approved,Incomplete language coverage or Portuguese demand/capability not validated,False,NOINDEX,other-locales
/fr/scan-pdf,200,text/html; charset=utf-8,[],Public PDF tool,"[""https://pdfpilot.net/fr/scan-pdf""]","noindex, follow",,[],fr,/scan-pdf,2,,,26 English upload checks; representative parsed conversions; Portuguese upload checks where approved,Incomplete language coverage or Portuguese demand/capability not validated,False,NOINDEX,other-locales
/fr/split-pdf,308,text/html; charset=utf-8,"[{""from"": ""http://127.0.0.1:4368/fr/split-pdf"", ""status"": 308, ""to"": ""http://127.0.0.1:4368/fr/diviser-pdf""}]",Alias redirected to its existing equivalent,"[""https://pdfpilot.net/fr/diviser-pdf""]","index, follow (default)",,[],fr,/split-pdf,1,,,One-hop HTTP redirect,One canonical destination,False,REDIRECT,other-locales
/fr/sql-to-csv,404,text/html; charset=utf-8,[],Hidden registry tool; existing launch policy returns 404,[],"noindex, nofollow",,[],fr,/sql-to-csv,0,,,Not public; not asserted working,"Review capability, impressions and backlinks before any future removal",False,EXISTING_404,other-locales
/fr/sql-to-json,404,text/html; charset=utf-8,[],Hidden registry tool; existing launch policy returns 404,[],"noindex, nofollow",,[],fr,/sql-to-json,0,,,Not public; not asserted working,"Review capability, impressions and backlinks before any future removal",False,EXISTING_404,other-locales
/fr/summary-generator,404,text/html; charset=utf-8,[],Hidden registry tool; existing launch policy returns 404,[],"noindex, nofollow",,[],fr,/summary-generator,0,,,Not public; not asserted working,"Review capability, impressions and backlinks before any future removal",False,EXISTING_404,other-locales
/fr/svg-to-pdf,404,text/html; charset=utf-8,[],Hidden registry tool; existing launch policy returns 404,[],"noindex, nofollow",,[],fr,/svg-to-pdf,0,,,Not public; not asserted working,"Review capability, impressions and backlinks before any future removal",False,EXISTING_404,other-locales
/fr/text-to-html,404,text/html; charset=utf-8,[],Hidden registry tool; existing launch policy returns 404,[],"noindex, nofollow",,[],fr,/text-to-html,0,,,Not public; not asserted working,"Review capability, impressions and backlinks before any future removal",False,EXISTING_404,other-locales
/fr/tsv-to-csv,404,text/html; charset=utf-8,[],Hidden registry tool; existing launch policy returns 404,[],"noindex, nofollow",,[],fr,/tsv-to-csv,0,,,Not public; not asserted working,"Review capability, impressions and backlinks before any future removal",False,EXISTING_404,other-locales
/fr/tsv-to-excel,404,text/html; charset=utf-8,[],Hidden registry tool; existing launch policy returns 404,[],"noindex, nofollow",,[],fr,/tsv-to-excel,0,,,Not public; not asserted working,"Review capability, impressions and backlinks before any future removal",False,EXISTING_404,other-locales
/fr/unlock-pdf,404,text/html; charset=utf-8,[],Hidden registry tool; existing launch policy returns 404,[],"noindex, nofollow",,[],fr,/unlock-pdf,0,,,Not public; not asserted working,"Review capability, impressions and backlinks before any future removal",False,EXISTING_404,other-locales
/fr/url-decode,404,text/html; charset=utf-8,[],Hidden registry tool; existing launch policy returns 404,[],"noindex, nofollow",,[],fr,/url-decode,0,,,Not public; not asserted working,"Review capability, impressions and backlinks before any future removal",False,EXISTING_404,other-locales
/fr/url-encode,404,text/html; charset=utf-8,[],Hidden registry tool; existing launch policy returns 404,[],"noindex, nofollow",,[],fr,/url-encode,0,,,Not public; not asserted working,"Review capability, impressions and backlinks before any future removal",False,EXISTING_404,other-locales
/fr/watermark-pdf,200,text/html; charset=utf-8,[],Public PDF tool,"[""https://pdfpilot.net/fr/watermark-pdf""]","noindex, follow",,[],fr,/watermark-pdf,2,,,26 English upload checks; representative parsed conversions; Portuguese upload checks where approved,Incomplete language coverage or Portuguese demand/capability not validated,False,NOINDEX,other-locales
/fr/word-to-pdf,200,text/html; charset=utf-8,[],Public PDF tool,"[""https://pdfpilot.net/fr/word-to-pdf""]","noindex, follow",,[],fr,/word-to-pdf,31,,,26 English upload checks; representative parsed conversions; Portuguese upload checks where approved,Incomplete language coverage or Portuguese demand/capability not validated,False,NOINDEX,other-locales
/fr/xml-formatter,404,text/html; charset=utf-8,[],Hidden registry tool; existing launch policy returns 404,[],"noindex, nofollow",,[],fr,/xml-formatter,0,,,Not public; not asserted working,"Review capability, impressions and backlinks before any future removal",False,EXISTING_404,other-locales
/fr/xml-minifier,404,text/html; charset=utf-8,[],Hidden registry tool; existing launch policy returns 404,[],"noindex, nofollow",,[],fr,/xml-minifier,0,,,Not public; not asserted working,"Review capability, impressions and backlinks before any future removal",False,EXISTING_404,other-locales
/fr/xml-to-csv,404,text/html; charset=utf-8,[],Hidden registry tool; existing launch policy returns 404,[],"noindex, nofollow",,[],fr,/xml-to-csv,0,,,Not public; not asserted working,"Review capability, impressions and backlinks before any future removal",False,EXISTING_404,other-locales
/fr/xml-to-excel,404,text/html; charset=utf-8,[],Hidden registry tool; existing launch policy returns 404,[],"noindex, nofollow",,[],fr,/xml-to-excel,0,,,Not public; not asserted working,"Review capability, impressions and backlinks before any future removal",False,EXISTING_404,other-locales
/fr/xml-to-json,404,text/html; charset=utf-8,[],Hidden registry tool; existing launch policy returns 404,[],"noindex, nofollow",,[],fr,/xml-to-json,0,,,Not public; not asserted working,"Review capability, impressions and backlinks before any future removal",False,EXISTING_404,other-locales
/fr/xml-to-yaml,404,text/html; charset=utf-8,[],Hidden registry tool; existing launch policy returns 404,[],"noindex, nofollow",,[],fr,/xml-to-yaml,0,,,Not public; not asserted working,"Review capability, impressions and backlinks before any future removal",False,EXISTING_404,other-locales
/fr/xml-validator,404,text/html; charset=utf-8,[],Hidden registry tool; existing launch policy returns 404,[],"noindex, nofollow",,[],fr,/xml-validator,0,,,Not public; not asserted working,"Review capability, impressions and backlinks before any future removal",False,EXISTING_404,other-locales
/fr/yaml-to-xml,404,text/html; charset=utf-8,[],Hidden registry tool; existing launch policy returns 404,[],"noindex, nofollow",,[],fr,/yaml-to-xml,0,,,Not public; not asserted working,"Review capability, impressions and backlinks before any future removal",False,EXISTING_404,other-locales
/glossary/vector-vs-raster-images,200,text/html; charset=utf-8,[],Vector vs. Raster Images: What's the Difference?,"[""https://pdfpilot.net/glossary/vector-vs-raster-images""]","index, follow (default)",,"[""/sitemaps/families/resources.xml""]",en,,1,,/glossary/vector-vs-raster-images,HTTP and link checks; not every instructional claim or template manually executed,Keep subject to per-route content review; no ranking guarantee,True,KEEP,resources
/glossary/what-is-a-rasterized-pdf,200,text/html; charset=utf-8,[],"What Does ""Rasterized"" Mean for a PDF?","[""https://pdfpilot.net/glossary/what-is-a-rasterized-pdf""]","index, follow (default)",,"[""/sitemaps/families/resources.xml""]",en,,1,,/glossary/what-is-a-rasterized-pdf,HTTP and link checks; not every instructional claim or template manually executed,Keep subject to per-route content review; no ranking guarantee,True,KEEP,resources
/glossary/what-is-base64-encoding,200,text/html; charset=utf-8,[],What Is Base64 Encoding?,"[""https://pdfpilot.net/glossary/what-is-base64-encoding""]","index, follow (default)",,"[""/sitemaps/families/resources.xml""]",en,,2,,/glossary/what-is-base64-encoding,HTTP and link checks; not every instructional claim or template manually executed,Keep subject to per-route content review; no ranking guarantee,True,KEEP,resources
/glossary/what-is-dpi,200,text/html; charset=utf-8,[],What Is DPI (Dots Per Inch)?,"[""https://pdfpilot.net/glossary/what-is-dpi""]","index, follow (default)",,"[""/sitemaps/families/resources.xml""]",en,,1,,/glossary/what-is-dpi,HTTP and link checks; not every instructional claim or template manually executed,Keep subject to per-route content review; no ranking guarantee,True,KEEP,resources
/glossary/what-is-flattening-a-pdf,200,text/html; charset=utf-8,[],"What Does It Mean to ""Flatten"" a PDF?","[""https://pdfpilot.net/glossary/what-is-flattening-a-pdf""]","index, follow (default)",,"[""/sitemaps/families/resources.xml""]",en,,1,,/glossary/what-is-flattening-a-pdf,HTTP and link checks; not every instructional claim or template manually executed,Keep subject to per-route content review; no ranking guarantee,True,KEEP,resources
/glossary/what-is-heic,200,text/html; charset=utf-8,[],What Is HEIC?,"[""https://pdfpilot.net/glossary/what-is-heic""]","index, follow (default)",,"[""/sitemaps/families/resources.xml""]",en,,4,,/glossary/what-is-heic,HTTP and link checks; not every instructional claim or template manually executed,Keep subject to per-route content review; no ranking guarantee,True,KEEP,resources
/glossary/what-is-json,200,text/html; charset=utf-8,[],What Is JSON?,"[""https://pdfpilot.net/glossary/what-is-json""]","index, follow (default)",,"[""/sitemaps/families/resources.xml""]",en,,1,,/glossary/what-is-json,HTTP and link checks; not every instructional claim or template manually executed,Keep subject to per-route content review; no ranking guarantee,True,KEEP,resources
/glossary/what-is-ocr,200,text/html; charset=utf-8,[],What Is OCR (Optical Character Recognition)?,"[""https://pdfpilot.net/glossary/what-is-ocr""]","index, follow (default)",,"[""/sitemaps/families/resources.xml""]",en,,3,,/glossary/what-is-ocr,HTTP and link checks; not every instructional claim or template manually executed,Keep subject to per-route content review; no ranking guarantee,True,KEEP,resources
/glossary/what-is-pdf-metadata,200,text/html; charset=utf-8,[],What Is PDF Metadata?,"[""https://pdfpilot.net/glossary/what-is-pdf-metadata""]","index, follow (default)",,"[""/sitemaps/families/resources.xml""]",en,,1,,/glossary/what-is-pdf-metadata,HTTP and link checks; not every instructional claim or template manually executed,Keep subject to per-route content review; no ranking guarantee,True,KEEP,resources
/glossary/what-is-xml,200,text/html; charset=utf-8,[],What Is XML?,"[""https://pdfpilot.net/glossary/what-is-xml""]","index, follow (default)",,"[""/sitemaps/families/resources.xml""]",en,,2,,/glossary/what-is-xml,HTTP and link checks; not every instructional claim or template manually executed,Keep subject to per-route content review; no ranking guarantee,True,KEEP,resources
/glossary/what-is-yaml,200,text/html; charset=utf-8,[],What Is YAML?,"[""https://pdfpilot.net/glossary/what-is-yaml""]","index, follow (default)",,"[""/sitemaps/families/resources.xml""]",en,,2,,/glossary/what-is-yaml,HTTP and link checks; not every instructional claim or template manually executed,Keep subject to per-route content review; no ranking guarantee,True,KEEP,resources
/guides,200,text/html; charset=utf-8,[],"Public hub, resource or utility","[""https://pdfpilot.net/guides""]","index, follow (default)",,"[""/sitemaps/families/resources.xml""]",en,,527,,,HTTP and link checks; not every instructional claim or template manually executed,Keep subject to per-route content review; no ranking guarantee,True,KEEP,resources
/guides/does-jpg-to-pdf-resize-my-images,200,text/html; charset=utf-8,[],Does JPG to PDF Resize My Images?,"[""https://pdfpilot.net/guides/does-jpg-to-pdf-resize-my-images""]","index, follow (default)",,"[""/sitemaps/families/resources.xml""]",en,,5,,/guides/does-jpg-to-pdf-resize-my-images,HTTP and link checks; not every instructional claim or template manually executed,Keep subject to per-route content review; no ranking guarantee,True,KEEP,resources
/guides/how-csv-excel-xml-conversion-works,200,text/html; charset=utf-8,[],"How CSV, Excel, and XML Conversion Works","[""https://pdfpilot.net/guides/how-csv-excel-xml-conversion-works""]","index, follow (default)",,"[""/sitemaps/families/resources.xml""]",en,,4,,/guides/how-csv-excel-xml-conversion-works,HTTP and link checks; not every instructional claim or template manually executed,Keep subject to per-route content review; no ranking guarantee,True,KEEP,resources
/guides/how-heic-photo-conversion-works,200,text/html; charset=utf-8,[],How HEIC Photo Conversion Works,"[""https://pdfpilot.net/guides/how-heic-photo-conversion-works""]","noindex, follow",,[],en,,5,,/guides/how-heic-photo-conversion-works,Main advertised task depends on hidden tools,Hold from search pending task restoration/review,False,NOINDEX,resources
/guides/how-image-watermarking-works,200,text/html; charset=utf-8,[],How Image Watermarking Works,"[""https://pdfpilot.net/guides/how-image-watermarking-works""]","noindex, follow",,[],en,,3,,/guides/how-image-watermarking-works,Main advertised task depends on hidden tools,Hold from search pending task restoration/review,False,NOINDEX,resources
/guides/how-jpg-to-pdf-conversion-works,200,text/html; charset=utf-8,[],How JPG to PDF Conversion Works,"[""https://pdfpilot.net/guides/how-jpg-to-pdf-conversion-works""]","index, follow (default)",,"[""/sitemaps/families/resources.xml""]",en,,7,,/guides/how-jpg-to-pdf-conversion-works,HTTP and link checks; not every instructional claim or template manually executed,Keep subject to per-route content review; no ranking guarantee,True,KEEP,resources
/guides/how-json-xml-and-csv-formatting-validation-and-minifying-work,200,text/html; charset=utf-8,[],"How JSON, XML & CSV Formatting Works","[""https://pdfpilot.net/guides/how-json-xml-and-csv-formatting-validation-and-minifying-work""]","noindex, follow",,[],en,,2,,/guides/how-json-xml-and-csv-formatting-validation-and-minifying-work,Main advertised task depends on hidden tools,Hold from search pending task restoration/review,False,NOINDEX,resources
/guides/how-pdf-compression-works,200,text/html; charset=utf-8,[],How PDF Compression Works,"[""https://pdfpilot.net/guides/how-pdf-compression-works""]","index, follow (default)",,"[""/sitemaps/families/resources.xml""]",en,,9,,/guides/how-pdf-compression-works,HTTP and link checks; not every instructional claim or template manually executed,Keep subject to per-route content review; no ranking guarantee,True,KEEP,resources
/guides/how-pdf-merging-works,200,text/html; charset=utf-8,[],How PDF Merging Works,"[""https://pdfpilot.net/guides/how-pdf-merging-works""]","index, follow (default)",,"[""/sitemaps/families/resources.xml""]",en,,9,,/guides/how-pdf-merging-works,HTTP and link checks; not every instructional claim or template manually executed,Keep subject to per-route content review; no ranking guarantee,True,KEEP,resources
/guides/how-pdf-splitting-works,200,text/html; charset=utf-8,[],How PDF Splitting Works,"[""https://pdfpilot.net/guides/how-pdf-splitting-works""]","index, follow (default)",,"[""/sitemaps/families/resources.xml""]",en,,7,,/guides/how-pdf-splitting-works,HTTP and link checks; not every instructional claim or template manually executed,Keep subject to per-route content review; no ranking guarantee,True,KEEP,resources
/guides/how-pdf-to-jpg-conversion-works,200,text/html; charset=utf-8,[],How PDF to JPG Conversion Works,"[""https://pdfpilot.net/guides/how-pdf-to-jpg-conversion-works""]","index, follow (default)",,"[""/sitemaps/families/resources.xml""]",en,,7,,/guides/how-pdf-to-jpg-conversion-works,HTTP and link checks; not every instructional claim or template manually executed,Keep subject to per-route content review; no ranking guarantee,True,KEEP,resources
/guides/how-pdfpilots-data-format-tools-fit-together,200,text/html; charset=utf-8,[],How PDFPilot Data Format Tools Work Together,"[""https://pdfpilot.net/guides/how-pdfpilots-data-format-tools-fit-together""]","noindex, follow",,[],en,,4,,/guides/how-pdfpilots-data-format-tools-fit-together,Main advertised task depends on hidden tools,Hold from search pending task restoration/review,False,NOINDEX,resources
/guides/how-text-based-files-convert-to-pdf,200,text/html; charset=utf-8,[],"How Text, Markdown & CSV Convert to PDF","[""https://pdfpilot.net/guides/how-text-based-files-convert-to-pdf""]","noindex, follow",,[],en,,2,,/guides/how-text-based-files-convert-to-pdf,Main advertised task depends on hidden tools,Hold from search pending task restoration/review,False,NOINDEX,resources
/guides/how-to-choose-page-ranges-when-splitting-a-pdf,200,text/html; charset=utf-8,[],How to Choose Page Ranges When Splitting a PDF,"[""https://pdfpilot.net/guides/how-to-choose-page-ranges-when-splitting-a-pdf""]","index, follow (default)",,"[""/sitemaps/families/resources.xml""]",en,,5,,/guides/how-to-choose-page-ranges-when-splitting-a-pdf,HTTP and link checks; not every instructional claim or template manually executed,Keep subject to per-route content review; no ranking guarantee,True,KEEP,resources
/guides/lossy-vs-lossless-pdf-compression,200,text/html; charset=utf-8,[],Lossy vs. Lossless PDF Compression Explained,"[""https://pdfpilot.net/guides/lossy-vs-lossless-pdf-compression""]","index, follow (default)",,"[""/sitemaps/families/resources.xml""]",en,,3,,/guides/lossy-vs-lossless-pdf-compression,HTTP and link checks; not every instructional claim or template manually executed,Keep subject to per-route content review; no ranking guarantee,True,KEEP,resources
/guides/merge-multiple-pdfs-without-losing-quality,200,text/html; charset=utf-8,[],Merge Multiple PDFs Without Losing Quality,"[""https://pdfpilot.net/guides/merge-multiple-pdfs-without-losing-quality""]","index, follow (default)",,"[""/sitemaps/families/resources.xml""]",en,,4,,/guides/merge-multiple-pdfs-without-losing-quality,HTTP and link checks; not every instructional claim or template manually executed,Keep subject to per-route content review; no ranking guarantee,True,KEEP,resources
/guides/understanding-yaml-and-json,200,text/html; charset=utf-8,[],Understanding YAML and Its Relationship to JSON,"[""https://pdfpilot.net/guides/understanding-yaml-and-json""]","index, follow (default)",,"[""/sitemaps/families/resources.xml""]",en,,2,,/guides/understanding-yaml-and-json,HTTP and link checks; not every instructional claim or template manually executed,Keep subject to per-route content review; no ranking guarantee,True,KEEP,resources
/guides/what-resolution-are-pdf-to-jpg-images,200,text/html; charset=utf-8,[],What Resolution Are PDF to JPG Images?,"[""https://pdfpilot.net/guides/what-resolution-are-pdf-to-jpg-images""]","index, follow (default)",,"[""/sitemaps/families/resources.xml""]",en,,5,,/guides/what-resolution-are-pdf-to-jpg-images,HTTP and link checks; not every instructional claim or template manually executed,Keep subject to per-route content review; no ranking guarantee,True,KEEP,resources
/heic-to-jpg,404,text/html; charset=utf-8,[],Hidden registry tool; existing launch policy returns 404,[],"noindex, nofollow",,[],en,/heic-to-jpg,0,,,Not public; not asserted working,"Review capability, impressions and backlinks before any future removal",False,EXISTING_404,resources
/heic-to-png,404,text/html; charset=utf-8,[],Hidden registry tool; existing launch policy returns 404,[],"noindex, nofollow",,[],en,/heic-to-png,0,,,Not public; not asserted working,"Review capability, impressions and backlinks before any future removal",False,EXISTING_404,resources
/help/best-compression-setting-for-email,200,text/html; charset=utf-8,[],What's the Best Compression Setting for Email?,"[""https://pdfpilot.net/help/best-compression-setting-for-email""]","index, follow (default)",,"[""/sitemaps/families/resources.xml""]",en,,1,,/help/best-compression-setting-for-email,HTTP and link checks; not every instructional claim or template manually executed,Keep subject to per-route content review; no ranking guarantee,True,KEEP,resources
/help/can-i-choose-the-image-quality-for-pdf-to-jpg,200,text/html; charset=utf-8,[],Can I Choose the Image Quality for PDF to JPG?,"[""https://pdfpilot.net/help/can-i-choose-the-image-quality-for-pdf-to-jpg""]","index, follow (default)",,"[""/sitemaps/families/resources.xml""]",en,,1,,/help/can-i-choose-the-image-quality-for-pdf-to-jpg,HTTP and link checks; not every instructional claim or template manually executed,Keep subject to per-route content review; no ranking guarantee,True,KEEP,resources
/help/can-i-reorder-my-images-before-converting-to-pdf,200,text/html; charset=utf-8,[],Can I Reorder My Images Before Converting to PDF?,"[""https://pdfpilot.net/help/can-i-reorder-my-images-before-converting-to-pdf""]","index, follow (default)",,"[""/sitemaps/families/resources.xml""]",en,,4,,/help/can-i-reorder-my-images-before-converting-to-pdf,HTTP and link checks; not every instructional claim or template manually executed,Keep subject to per-route content review; no ranking guarantee,True,KEEP,resources
/help/how-many-pdfs-can-i-merge-at-once,200,text/html; charset=utf-8,[],How Many PDFs Can I Merge at Once?,"[""https://pdfpilot.net/help/how-many-pdfs-can-i-merge-at-once""]","index, follow (default)",,"[""/sitemaps/families/resources.xml""]",en,,1,,/help/how-many-pdfs-can-i-merge-at-once,HTTP and link checks; not every instructional claim or template manually executed,Keep subject to per-route content review; no ranking guarantee,True,KEEP,resources
/help/why-are-my-pdf-pages-different-sizes-after-converting-from-jpg,200,text/html; charset=utf-8,[],Why JPG-to-PDF Pages Have Different Sizes,"[""https://pdfpilot.net/help/why-are-my-pdf-pages-different-sizes-after-converting-from-jpg""]","index, follow (default)",,"[""/sitemaps/families/resources.xml""]",en,,1,,/help/why-are-my-pdf-pages-different-sizes-after-converting-from-jpg,HTTP and link checks; not every instructional claim or template manually executed,Keep subject to per-route content review; no ranking guarantee,True,KEEP,resources
/help/why-are-my-pdfs-not-merging,200,text/html; charset=utf-8,[],Why Are My PDFs Not Merging?,"[""https://pdfpilot.net/help/why-are-my-pdfs-not-merging""]","index, follow (default)",,"[""/sitemaps/families/resources.xml""]",en,,3,,/help/why-are-my-pdfs-not-merging,HTTP and link checks; not every instructional claim or template manually executed,Keep subject to per-route content review; no ranking guarantee,True,KEEP,resources
/help/why-cant-i-select-text-in-compressed-pdf,200,text/html; charset=utf-8,[],Why Can't I Select Text in My Compressed PDF?,"[""https://pdfpilot.net/help/why-cant-i-select-text-in-compressed-pdf""]","index, follow (default)",,"[""/sitemaps/families/resources.xml""]",en,,2,,/help/why-cant-i-select-text-in-compressed-pdf,HTTP and link checks; not every instructional claim or template manually executed,Keep subject to per-route content review; no ranking guarantee,True,KEEP,resources
/help/why-did-i-get-multiple-images-from-one-pdf,200,text/html; charset=utf-8,[],Why Did I Get Multiple Images From One PDF?,"[""https://pdfpilot.net/help/why-did-i-get-multiple-images-from-one-pdf""]","index, follow (default)",,"[""/sitemaps/families/resources.xml""]",en,,3,,/help/why-did-i-get-multiple-images-from-one-pdf,HTTP and link checks; not every instructional claim or template manually executed,Keep subject to per-route content review; no ranking guarantee,True,KEEP,resources
/help/why-did-splitting-my-pdf-create-multiple-files,200,text/html; charset=utf-8,[],Why Did Splitting My PDF Create Multiple Files?,"[""https://pdfpilot.net/help/why-did-splitting-my-pdf-create-multiple-files""]","index, follow (default)",,"[""/sitemaps/families/resources.xml""]",en,,3,,/help/why-did-splitting-my-pdf-create-multiple-files,HTTP and link checks; not every instructional claim or template manually executed,Keep subject to per-route content review; no ranking guarantee,True,KEEP,resources
/help/why-is-my-compressed-pdf-blurry,200,text/html; charset=utf-8,[],Why Is My Compressed PDF Blurry?,"[""https://pdfpilot.net/help/why-is-my-compressed-pdf-blurry""]","index, follow (default)",,"[""/sitemaps/families/resources.xml""]",en,,1,,/help/why-is-my-compressed-pdf-blurry,HTTP and link checks; not every instructional claim or template manually executed,Keep subject to per-route content review; no ranking guarantee,True,KEEP,resources
/help/why-is-the-merge-button-disabled,200,text/html; charset=utf-8,[],Why Is the Merge PDFs Button Disabled?,"[""https://pdfpilot.net/help/why-is-the-merge-button-disabled""]","index, follow (default)",,"[""/sitemaps/families/resources.xml""]",en,,1,,/help/why-is-the-merge-button-disabled,HTTP and link checks; not every instructional claim or template manually executed,Keep subject to per-route content review; no ranking guarantee,True,KEEP,resources
/help/why-isnt-my-split-pdf-working,200,text/html; charset=utf-8,[],Why Isn't My Split PDF Working?,"[""https://pdfpilot.net/help/why-isnt-my-split-pdf-working""]","index, follow (default)",,"[""/sitemaps/families/resources.xml""]",en,,1,,/help/why-isnt-my-split-pdf-working,HTTP and link checks; not every instructional claim or template manually executed,Keep subject to per-route content review; no ranking guarantee,True,KEEP,resources
/hi,200,text/html; charset=utf-8,[],"Public hub, resource or utility","[""https://pdfpilot.net/hi""]","index, follow (default)",,"[""/sitemaps/families/locales.xml""]",hi,,28,,,HTTP and link checks; not every instructional claim or template manually executed,Keep subject to per-route content review; no ranking guarantee,True,KEEP,other-locales
/hi/add-page-numbers,200,text/html; charset=utf-8,[],Public PDF tool,"[""https://pdfpilot.net/hi/add-page-numbers""]","noindex, follow",,[],hi,/add-page-numbers,2,,,26 English upload checks; representative parsed conversions; Portuguese upload checks where approved,Incomplete language coverage or Portuguese demand/capability not validated,False,NOINDEX,other-locales
/hi/base64-decode,404,text/html; charset=utf-8,[],Hidden registry tool; existing launch policy returns 404,[],"noindex, nofollow",,[],hi,/base64-decode,0,,,Not public; not asserted working,"Review capability, impressions and backlinks before any future removal",False,EXISTING_404,other-locales
/hi/base64-encode,404,text/html; charset=utf-8,[],Hidden registry tool; existing launch policy returns 404,[],"noindex, nofollow",,[],hi,/base64-encode,0,,,Not public; not asserted working,"Review capability, impressions and backlinks before any future removal",False,EXISTING_404,other-locales
/hi/column-extractor,404,text/html; charset=utf-8,[],Hidden registry tool; existing launch policy returns 404,[],"noindex, nofollow",,[],hi,/column-extractor,0,,,Not public; not asserted working,"Review capability, impressions and backlinks before any future removal",False,EXISTING_404,other-locales
/hi/compare-pdf,404,text/html; charset=utf-8,[],Hidden registry tool; existing launch policy returns 404,[],"noindex, nofollow",,[],hi,/compare-pdf,0,,,Not public; not asserted working,"Review capability, impressions and backlinks before any future removal",False,EXISTING_404,other-locales
/hi/compress-image,404,text/html; charset=utf-8,[],Hidden registry tool; existing launch policy returns 404,[],"noindex, nofollow",,[],hi,/compress-image,0,,,Not public; not asserted working,"Review capability, impressions and backlinks before any future removal",False,EXISTING_404,other-locales
/hi/compress-pdf,200,text/html; charset=utf-8,[],Public PDF tool,"[""https://pdfpilot.net/hi/compress-pdf""]","index, follow (default)",,"[""/sitemaps/families/locales.xml""]",hi,/compress-pdf,28,,,26 English upload checks; representative parsed conversions; Portuguese upload checks where approved,Reviewed SSR help and accurate capability limits,True,KEEP,other-locales
/hi/convert-image,404,text/html; charset=utf-8,[],Hidden registry tool; existing launch policy returns 404,[],"noindex, nofollow",,[],hi,/convert-image,0,,,Not public; not asserted working,"Review capability, impressions and backlinks before any future removal",False,EXISTING_404,other-locales
/hi/crop-image,404,text/html; charset=utf-8,[],Hidden registry tool; existing launch policy returns 404,[],"noindex, nofollow",,[],hi,/crop-image,0,,,Not public; not asserted working,"Review capability, impressions and backlinks before any future removal",False,EXISTING_404,other-locales
/hi/crop-pdf,200,text/html; charset=utf-8,[],Public PDF tool,"[""https://pdfpilot.net/hi/crop-pdf""]","noindex, follow",,[],hi,/crop-pdf,2,,,26 English upload checks; representative parsed conversions; Portuguese upload checks where approved,Incomplete language coverage or Portuguese demand/capability not validated,False,NOINDEX,other-locales
/hi/csv-cleaner,404,text/html; charset=utf-8,[],Hidden registry tool; existing launch policy returns 404,[],"noindex, nofollow",,[],hi,/csv-cleaner,0,,,Not public; not asserted working,"Review capability, impressions and backlinks before any future removal",False,EXISTING_404,other-locales
/hi/csv-formatter,404,text/html; charset=utf-8,[],Hidden registry tool; existing launch policy returns 404,[],"noindex, nofollow",,[],hi,/csv-formatter,0,,,Not public; not asserted working,"Review capability, impressions and backlinks before any future removal",False,EXISTING_404,other-locales
/hi/csv-merger,404,text/html; charset=utf-8,[],Hidden registry tool; existing launch policy returns 404,[],"noindex, nofollow",,[],hi,/csv-merger,0,,,Not public; not asserted working,"Review capability, impressions and backlinks before any future removal",False,EXISTING_404,other-locales
/hi/csv-splitter,404,text/html; charset=utf-8,[],Hidden registry tool; existing launch policy returns 404,[],"noindex, nofollow",,[],hi,/csv-splitter,0,,,Not public; not asserted working,"Review capability, impressions and backlinks before any future removal",False,EXISTING_404,other-locales
/hi/csv-to-excel,404,text/html; charset=utf-8,[],Hidden registry tool; existing launch policy returns 404,[],"noindex, nofollow",,[],hi,/csv-to-excel,0,,,Not public; not asserted working,"Review capability, impressions and backlinks before any future removal",False,EXISTING_404,other-locales
/hi/csv-to-markdown-table,404,text/html; charset=utf-8,[],Hidden registry tool; existing launch policy returns 404,[],"noindex, nofollow",,[],hi,/csv-to-markdown-table,0,,,Not public; not asserted working,"Review capability, impressions and backlinks before any future removal",False,EXISTING_404,other-locales
/hi/csv-to-pdf,404,text/html; charset=utf-8,[],Hidden registry tool; existing launch policy returns 404,[],"noindex, nofollow",,[],hi,/csv-to-pdf,0,,,Not public; not asserted working,"Review capability, impressions and backlinks before any future removal",False,EXISTING_404,other-locales
/hi/csv-to-tsv,404,text/html; charset=utf-8,[],Hidden registry tool; existing launch policy returns 404,[],"noindex, nofollow",,[],hi,/csv-to-tsv,0,,,Not public; not asserted working,"Review capability, impressions and backlinks before any future removal",False,EXISTING_404,other-locales
/hi/csv-to-xml,404,text/html; charset=utf-8,[],Hidden registry tool; existing launch policy returns 404,[],"noindex, nofollow",,[],hi,/csv-to-xml,0,,,Not public; not asserted working,"Review capability, impressions and backlinks before any future removal",False,EXISTING_404,other-locales
/hi/delete-pages,200,text/html; charset=utf-8,[],Public PDF tool,"[""https://pdfpilot.net/hi/delete-pages""]","noindex, follow",,[],hi,/delete-pages,2,,,26 English upload checks; representative parsed conversions; Portuguese upload checks where approved,Incomplete language coverage or Portuguese demand/capability not validated,False,NOINDEX,other-locales
/hi/docx-merge,404,text/html; charset=utf-8,[],Hidden registry tool; existing launch policy returns 404,[],"noindex, nofollow",,[],hi,/docx-merge,0,,,Not public; not asserted working,"Review capability, impressions and backlinks before any future removal",False,EXISTING_404,other-locales
/hi/duplicate-row-remover,404,text/html; charset=utf-8,[],Hidden registry tool; existing launch policy returns 404,[],"noindex, nofollow",,[],hi,/duplicate-row-remover,0,,,Not public; not asserted working,"Review capability, impressions and backlinks before any future removal",False,EXISTING_404,other-locales
/hi/edit-pdf,200,text/html; charset=utf-8,[],Public PDF tool,"[""https://pdfpilot.net/hi/edit-pdf""]","noindex, follow",,[],hi,/edit-pdf,2,,,26 English upload checks; representative parsed conversions; Portuguese upload checks where approved,Incomplete language coverage or Portuguese demand/capability not validated,False,NOINDEX,other-locales
/hi/excel-sheet-extractor,404,text/html; charset=utf-8,[],Hidden registry tool; existing launch policy returns 404,[],"noindex, nofollow",,[],hi,/excel-sheet-extractor,0,,,Not public; not asserted working,"Review capability, impressions and backlinks before any future removal",False,EXISTING_404,other-locales
/hi/excel-sheet-merger,404,text/html; charset=utf-8,[],Hidden registry tool; existing launch policy returns 404,[],"noindex, nofollow",,[],hi,/excel-sheet-merger,0,,,Not public; not asserted working,"Review capability, impressions and backlinks before any future removal",False,EXISTING_404,other-locales
/hi/excel-to-csv,404,text/html; charset=utf-8,[],Hidden registry tool; existing launch policy returns 404,[],"noindex, nofollow",,[],hi,/excel-to-csv,0,,,Not public; not asserted working,"Review capability, impressions and backlinks before any future removal",False,EXISTING_404,other-locales
/hi/excel-to-json,404,text/html; charset=utf-8,[],Hidden registry tool; existing launch policy returns 404,[],"noindex, nofollow",,[],hi,/excel-to-json,0,,,Not public; not asserted working,"Review capability, impressions and backlinks before any future removal",False,EXISTING_404,other-locales
/hi/excel-to-pdf,200,text/html; charset=utf-8,[],Public PDF tool,"[""https://pdfpilot.net/hi/excel-to-pdf""]","noindex, follow",,[],hi,/excel-to-pdf,26,,,26 English upload checks; representative parsed conversions; Portuguese upload checks where approved,Incomplete language coverage or Portuguese demand/capability not validated,False,NOINDEX,other-locales
/hi/excel-to-tsv,404,text/html; charset=utf-8,[],Hidden registry tool; existing launch policy returns 404,[],"noindex, nofollow",,[],hi,/excel-to-tsv,0,,,Not public; not asserted working,"Review capability, impressions and backlinks before any future removal",False,EXISTING_404,other-locales
/hi/excel-to-xml,200,text/html; charset=utf-8,[],Public PDF tool,"[""https://pdfpilot.net/hi/excel-to-xml""]","noindex, follow",,[],hi,/excel-to-xml,2,,,26 English upload checks; representative parsed conversions; Portuguese upload checks where approved,Incomplete language coverage or Portuguese demand/capability not validated,False,NOINDEX,other-locales
/hi/extract-pages,200,text/html; charset=utf-8,[],Public PDF tool,"[""https://pdfpilot.net/hi/extract-pages""]","noindex, follow",,[],hi,/extract-pages,2,,,26 English upload checks; representative parsed conversions; Portuguese upload checks where approved,Incomplete language coverage or Portuguese demand/capability not validated,False,NOINDEX,other-locales
/hi/fill-pdf,200,text/html; charset=utf-8,[],Public PDF tool,"[""https://pdfpilot.net/hi/fill-pdf""]","noindex, follow",,[],hi,/fill-pdf,2,,,26 English upload checks; representative parsed conversions; Portuguese upload checks where approved,Incomplete language coverage or Portuguese demand/capability not validated,False,NOINDEX,other-locales
/hi/heic-to-jpg,404,text/html; charset=utf-8,[],Hidden registry tool; existing launch policy returns 404,[],"noindex, nofollow",,[],hi,/heic-to-jpg,0,,,Not public; not asserted working,"Review capability, impressions and backlinks before any future removal",False,EXISTING_404,other-locales
/hi/heic-to-png,404,text/html; charset=utf-8,[],Hidden registry tool; existing launch policy returns 404,[],"noindex, nofollow",,[],hi,/heic-to-png,0,,,Not public; not asserted working,"Review capability, impressions and backlinks before any future removal",False,EXISTING_404,other-locales
/hi/html-to-markdown,404,text/html; charset=utf-8,[],Hidden registry tool; existing launch policy returns 404,[],"noindex, nofollow",,[],hi,/html-to-markdown,0,,,Not public; not asserted working,"Review capability, impressions and backlinks before any future removal",False,EXISTING_404,other-locales
/hi/html-to-pdf,200,text/html; charset=utf-8,[],Public PDF tool,"[""https://pdfpilot.net/hi/html-to-pdf""]","noindex, follow",,[],hi,/html-to-pdf,2,,,26 English upload checks; representative parsed conversions; Portuguese upload checks where approved,Incomplete language coverage or Portuguese demand/capability not validated,False,NOINDEX,other-locales
/hi/html-to-text,404,text/html; charset=utf-8,[],Hidden registry tool; existing launch policy returns 404,[],"noindex, nofollow",,[],hi,/html-to-text,0,,,Not public; not asserted working,"Review capability, impressions and backlinks before any future removal",False,EXISTING_404,other-locales
/hi/image-metadata,404,text/html; charset=utf-8,[],Hidden registry tool; existing launch policy returns 404,[],"noindex, nofollow",,[],hi,/image-metadata,0,,,Not public; not asserted working,"Review capability, impressions and backlinks before any future removal",False,EXISTING_404,other-locales
/hi/jpg-to-pdf,200,text/html; charset=utf-8,[],Public PDF tool,"[""https://pdfpilot.net/hi/jpg-to-pdf""]","index, follow (default)",,"[""/sitemaps/families/locales.xml""]",hi,/jpg-to-pdf,26,,,26 English upload checks; representative parsed conversions; Portuguese upload checks where approved,Reviewed SSR help and accurate capability limits,True,KEEP,other-locales
/hi/json-diff,404,text/html; charset=utf-8,[],Hidden registry tool; existing launch policy returns 404,[],"noindex, nofollow",,[],hi,/json-diff,0,,,Not public; not asserted working,"Review capability, impressions and backlinks before any future removal",False,EXISTING_404,other-locales
/hi/json-formatter,404,text/html; charset=utf-8,[],Hidden registry tool; existing launch policy returns 404,[],"noindex, nofollow",,[],hi,/json-formatter,0,,,Not public; not asserted working,"Review capability, impressions and backlinks before any future removal",False,EXISTING_404,other-locales
/hi/json-minifier,404,text/html; charset=utf-8,[],Hidden registry tool; existing launch policy returns 404,[],"noindex, nofollow",,[],hi,/json-minifier,0,,,Not public; not asserted working,"Review capability, impressions and backlinks before any future removal",False,EXISTING_404,other-locales
/hi/json-to-csv,404,text/html; charset=utf-8,[],Hidden registry tool; existing launch policy returns 404,[],"noindex, nofollow",,[],hi,/json-to-csv,0,,,Not public; not asserted working,"Review capability, impressions and backlinks before any future removal",False,EXISTING_404,other-locales
/hi/json-to-excel,404,text/html; charset=utf-8,[],Hidden registry tool; existing launch policy returns 404,[],"noindex, nofollow",,[],hi,/json-to-excel,0,,,Not public; not asserted working,"Review capability, impressions and backlinks before any future removal",False,EXISTING_404,other-locales
/hi/json-to-sql,404,text/html; charset=utf-8,[],Hidden registry tool; existing launch policy returns 404,[],"noindex, nofollow",,[],hi,/json-to-sql,0,,,Not public; not asserted working,"Review capability, impressions and backlinks before any future removal",False,EXISTING_404,other-locales
/hi/json-to-xml,404,text/html; charset=utf-8,[],Hidden registry tool; existing launch policy returns 404,[],"noindex, nofollow",,[],hi,/json-to-xml,0,,,Not public; not asserted working,"Review capability, impressions and backlinks before any future removal",False,EXISTING_404,other-locales
/hi/json-to-yaml,404,text/html; charset=utf-8,[],Hidden registry tool; existing launch policy returns 404,[],"noindex, nofollow",,[],hi,/json-to-yaml,0,,,Not public; not asserted working,"Review capability, impressions and backlinks before any future removal",False,EXISTING_404,other-locales
/hi/json-validator,404,text/html; charset=utf-8,[],Hidden registry tool; existing launch policy returns 404,[],"noindex, nofollow",,[],hi,/json-validator,0,,,Not public; not asserted working,"Review capability, impressions and backlinks before any future removal",False,EXISTING_404,other-locales
/hi/lock-pdf,404,text/html; charset=utf-8,[],Hidden registry tool; existing launch policy returns 404,[],"noindex, nofollow",,[],hi,/lock-pdf,0,,,Not public; not asserted working,"Review capability, impressions and backlinks before any future removal",False,EXISTING_404,other-locales
/hi/markdown-table-to-csv,404,text/html; charset=utf-8,[],Hidden registry tool; existing launch policy returns 404,[],"noindex, nofollow",,[],hi,/markdown-table-to-csv,0,,,Not public; not asserted working,"Review capability, impressions and backlinks before any future removal",False,EXISTING_404,other-locales
/hi/markdown-to-html,404,text/html; charset=utf-8,[],Hidden registry tool; existing launch policy returns 404,[],"noindex, nofollow",,[],hi,/markdown-to-html,0,,,Not public; not asserted working,"Review capability, impressions and backlinks before any future removal",False,EXISTING_404,other-locales
/hi/markdown-to-pdf,404,text/html; charset=utf-8,[],Hidden registry tool; existing launch policy returns 404,[],"noindex, nofollow",,[],hi,/markdown-to-pdf,0,,,Not public; not asserted working,"Review capability, impressions and backlinks before any future removal",False,EXISTING_404,other-locales
/hi/merge-pdf,200,text/html; charset=utf-8,[],Public PDF tool,"[""https://pdfpilot.net/hi/merge-pdf""]","index, follow (default)",,"[""/sitemaps/families/locales.xml""]",hi,/merge-pdf,28,,,26 English upload checks; representative parsed conversions; Portuguese upload checks where approved,Reviewed SSR help and accurate capability limits,True,KEEP,other-locales
/hi/ocr-image,404,text/html; charset=utf-8,[],Hidden registry tool; existing launch policy returns 404,[],"noindex, nofollow",,[],hi,/ocr-image,0,,,Not public; not asserted working,"Review capability, impressions and backlinks before any future removal",False,EXISTING_404,other-locales
/hi/ocr-pdf,200,text/html; charset=utf-8,[],Public PDF tool,"[""https://pdfpilot.net/hi/ocr-pdf""]","noindex, follow",,[],hi,/ocr-pdf,2,,,26 English upload checks; representative parsed conversions; Portuguese upload checks where approved,Incomplete language coverage or Portuguese demand/capability not validated,False,NOINDEX,other-locales
/hi/organize-pdf,200,text/html; charset=utf-8,[],Public PDF tool,"[""https://pdfpilot.net/hi/organize-pdf""]","noindex, follow",,[],hi,/organize-pdf,2,,,26 English upload checks; representative parsed conversions; Portuguese upload checks where approved,Incomplete language coverage or Portuguese demand/capability not validated,False,NOINDEX,other-locales
/hi/pdf-metadata-editor,404,text/html; charset=utf-8,[],Hidden registry tool; existing launch policy returns 404,[],"noindex, nofollow",,[],hi,/pdf-metadata-editor,0,,,Not public; not asserted working,"Review capability, impressions and backlinks before any future removal",False,EXISTING_404,other-locales
/hi/pdf-to-excel,200,text/html; charset=utf-8,[],Public PDF tool,"[""https://pdfpilot.net/hi/pdf-to-excel""]","noindex, follow",,[],hi,/pdf-to-excel,2,,,26 English upload checks; representative parsed conversions; Portuguese upload checks where approved,Incomplete language coverage or Portuguese demand/capability not validated,False,NOINDEX,other-locales
/hi/pdf-to-jpg,200,text/html; charset=utf-8,[],Public PDF tool,"[""https://pdfpilot.net/hi/pdf-to-jpg""]","index, follow (default)",,"[""/sitemaps/families/locales.xml""]",hi,/pdf-to-jpg,26,,,26 English upload checks; representative parsed conversions; Portuguese upload checks where approved,Reviewed SSR help and accurate capability limits,True,KEEP,other-locales
/hi/pdf-to-pdfa,200,text/html; charset=utf-8,[],Public PDF tool,"[""https://pdfpilot.net/hi/pdf-to-pdfa""]","noindex, follow",,[],hi,/pdf-to-pdfa,2,,,26 English upload checks; representative parsed conversions; Portuguese upload checks where approved,Incomplete language coverage or Portuguese demand/capability not validated,False,NOINDEX,other-locales
/hi/pdf-to-powerpoint,200,text/html; charset=utf-8,[],Public PDF tool,"[""https://pdfpilot.net/hi/pdf-to-powerpoint""]","noindex, follow",,[],hi,/pdf-to-powerpoint,2,,,26 English upload checks; representative parsed conversions; Portuguese upload checks where approved,Incomplete language coverage or Portuguese demand/capability not validated,False,NOINDEX,other-locales
/hi/pdf-to-word,200,text/html; charset=utf-8,[],Public PDF tool,"[""https://pdfpilot.net/hi/pdf-to-word""]","noindex, follow",,[],hi,/pdf-to-word,2,,,26 English upload checks; representative parsed conversions; Portuguese upload checks where approved,Incomplete language coverage or Portuguese demand/capability not validated,False,NOINDEX,other-locales
/hi/powerpoint-to-pdf,200,text/html; charset=utf-8,[],Public PDF tool,"[""https://pdfpilot.net/hi/powerpoint-to-pdf""]","noindex, follow",,[],hi,/powerpoint-to-pdf,26,,,26 English upload checks; representative parsed conversions; Portuguese upload checks where approved,Incomplete language coverage or Portuguese demand/capability not validated,False,NOINDEX,other-locales
/hi/rearrange-pages,404,text/html; charset=utf-8,[],Hidden registry tool; existing launch policy returns 404,[],"noindex, nofollow",,[],hi,/rearrange-pages,0,,,Not public; not asserted working,"Review capability, impressions and backlinks before any future removal",False,EXISTING_404,other-locales
/hi/repair-pdf,200,text/html; charset=utf-8,[],Public PDF tool,"[""https://pdfpilot.net/hi/repair-pdf""]","noindex, follow",,[],hi,/repair-pdf,2,,,26 English upload checks; representative parsed conversions; Portuguese upload checks where approved,Incomplete language coverage or Portuguese demand/capability not validated,False,NOINDEX,other-locales
/hi/resize-image,404,text/html; charset=utf-8,[],Hidden registry tool; existing launch policy returns 404,[],"noindex, nofollow",,[],hi,/resize-image,0,,,Not public; not asserted working,"Review capability, impressions and backlinks before any future removal",False,EXISTING_404,other-locales
/hi/rotate-image,404,text/html; charset=utf-8,[],Hidden registry tool; existing launch policy returns 404,[],"noindex, nofollow",,[],hi,/rotate-image,0,,,Not public; not asserted working,"Review capability, impressions and backlinks before any future removal",False,EXISTING_404,other-locales
/hi/rotate-pdf,200,text/html; charset=utf-8,[],Public PDF tool,"[""https://pdfpilot.net/hi/rotate-pdf""]","noindex, follow",,[],hi,/rotate-pdf,2,,,26 English upload checks; representative parsed conversions; Portuguese upload checks where approved,Incomplete language coverage or Portuguese demand/capability not validated,False,NOINDEX,other-locales
/hi/scan-pdf,200,text/html; charset=utf-8,[],Public PDF tool,"[""https://pdfpilot.net/hi/scan-pdf""]","noindex, follow",,[],hi,/scan-pdf,2,,,26 English upload checks; representative parsed conversions; Portuguese upload checks where approved,Incomplete language coverage or Portuguese demand/capability not validated,False,NOINDEX,other-locales
/hi/split-pdf,200,text/html; charset=utf-8,[],Public PDF tool,"[""https://pdfpilot.net/hi/split-pdf""]","index, follow (default)",,"[""/sitemaps/families/locales.xml""]",hi,/split-pdf,28,,,26 English upload checks; representative parsed conversions; Portuguese upload checks where approved,Reviewed SSR help and accurate capability limits,True,KEEP,other-locales
/hi/sql-to-csv,404,text/html; charset=utf-8,[],Hidden registry tool; existing launch policy returns 404,[],"noindex, nofollow",,[],hi,/sql-to-csv,0,,,Not public; not asserted working,"Review capability, impressions and backlinks before any future removal",False,EXISTING_404,other-locales
/hi/sql-to-json,404,text/html; charset=utf-8,[],Hidden registry tool; existing launch policy returns 404,[],"noindex, nofollow",,[],hi,/sql-to-json,0,,,Not public; not asserted working,"Review capability, impressions and backlinks before any future removal",False,EXISTING_404,other-locales
/hi/summary-generator,404,text/html; charset=utf-8,[],Hidden registry tool; existing launch policy returns 404,[],"noindex, nofollow",,[],hi,/summary-generator,0,,,Not public; not asserted working,"Review capability, impressions and backlinks before any future removal",False,EXISTING_404,other-locales
/hi/svg-to-pdf,404,text/html; charset=utf-8,[],Hidden registry tool; existing launch policy returns 404,[],"noindex, nofollow",,[],hi,/svg-to-pdf,0,,,Not public; not asserted working,"Review capability, impressions and backlinks before any future removal",False,EXISTING_404,other-locales
/hi/text-to-html,404,text/html; charset=utf-8,[],Hidden registry tool; existing launch policy returns 404,[],"noindex, nofollow",,[],hi,/text-to-html,0,,,Not public; not asserted working,"Review capability, impressions and backlinks before any future removal",False,EXISTING_404,other-locales
/hi/tsv-to-csv,404,text/html; charset=utf-8,[],Hidden registry tool; existing launch policy returns 404,[],"noindex, nofollow",,[],hi,/tsv-to-csv,0,,,Not public; not asserted working,"Review capability, impressions and backlinks before any future removal",False,EXISTING_404,other-locales
/hi/txt-to-pdf,404,text/html; charset=utf-8,[],Hidden registry tool; existing launch policy returns 404,[],"noindex, nofollow",,[],hi,/txt-to-pdf,0,,,Not public; not asserted working,"Review capability, impressions and backlinks before any future removal",False,EXISTING_404,other-locales
/hi/unlock-pdf,404,text/html; charset=utf-8,[],Hidden registry tool; existing launch policy returns 404,[],"noindex, nofollow",,[],hi,/unlock-pdf,0,,,Not public; not asserted working,"Review capability, impressions and backlinks before any future removal",False,EXISTING_404,other-locales
/hi/url-decode,404,text/html; charset=utf-8,[],Hidden registry tool; existing launch policy returns 404,[],"noindex, nofollow",,[],hi,/url-decode,0,,,Not public; not asserted working,"Review capability, impressions and backlinks before any future removal",False,EXISTING_404,other-locales
/hi/url-encode,404,text/html; charset=utf-8,[],Hidden registry tool; existing launch policy returns 404,[],"noindex, nofollow",,[],hi,/url-encode,0,,,Not public; not asserted working,"Review capability, impressions and backlinks before any future removal",False,EXISTING_404,other-locales
/hi/watermark-pdf,200,text/html; charset=utf-8,[],Public PDF tool,"[""https://pdfpilot.net/hi/watermark-pdf""]","noindex, follow",,[],hi,/watermark-pdf,2,,,26 English upload checks; representative parsed conversions; Portuguese upload checks where approved,Incomplete language coverage or Portuguese demand/capability not validated,False,NOINDEX,other-locales
/hi/word-to-pdf,200,text/html; charset=utf-8,[],Public PDF tool,"[""https://pdfpilot.net/hi/word-to-pdf""]","noindex, follow",,[],hi,/word-to-pdf,26,,,26 English upload checks; representative parsed conversions; Portuguese upload checks where approved,Incomplete language coverage or Portuguese demand/capability not validated,False,NOINDEX,other-locales
/hi/xml-formatter,404,text/html; charset=utf-8,[],Hidden registry tool; existing launch policy returns 404,[],"noindex, nofollow",,[],hi,/xml-formatter,0,,,Not public; not asserted working,"Review capability, impressions and backlinks before any future removal",False,EXISTING_404,other-locales
/hi/xml-minifier,404,text/html; charset=utf-8,[],Hidden registry tool; existing launch policy returns 404,[],"noindex, nofollow",,[],hi,/xml-minifier,0,,,Not public; not asserted working,"Review capability, impressions and backlinks before any future removal",False,EXISTING_404,other-locales
/hi/xml-to-excel,404,text/html; charset=utf-8,[],Hidden registry tool; existing launch policy returns 404,[],"noindex, nofollow",,[],hi,/xml-to-excel,0,,,Not public; not asserted working,"Review capability, impressions and backlinks before any future removal",False,EXISTING_404,other-locales
/hi/xml-to-yaml,404,text/html; charset=utf-8,[],Hidden registry tool; existing launch policy returns 404,[],"noindex, nofollow",,[],hi,/xml-to-yaml,0,,,Not public; not asserted working,"Review capability, impressions and backlinks before any future removal",False,EXISTING_404,other-locales
/hi/xml-validator,404,text/html; charset=utf-8,[],Hidden registry tool; existing launch policy returns 404,[],"noindex, nofollow",,[],hi,/xml-validator,0,,,Not public; not asserted working,"Review capability, impressions and backlinks before any future removal",False,EXISTING_404,other-locales
/hi/yaml-to-xml,404,text/html; charset=utf-8,[],Hidden registry tool; existing launch policy returns 404,[],"noindex, nofollow",,[],hi,/yaml-to-xml,0,,,Not public; not asserted working,"Review capability, impressions and backlinks before any future removal",False,EXISTING_404,other-locales
/html-to-markdown,404,text/html; charset=utf-8,[],Hidden registry tool; existing launch policy returns 404,[],"noindex, nofollow",,[],en,/html-to-markdown,0,,,Not public; not asserted working,"Review capability, impressions and backlinks before any future removal",False,EXISTING_404,resources
/html-to-pdf,200,text/html; charset=utf-8,[],Public PDF tool,"[""https://pdfpilot.net/html-to-pdf""]","index, follow (default)",,"[""/sitemaps/families/core.xml""]",en,/html-to-pdf,3,,,26 English upload checks; representative parsed conversions; Portuguese upload checks where approved,Reviewed SSR help and accurate capability limits,True,KEEP,core
/html-to-text,404,text/html; charset=utf-8,[],Hidden registry tool; existing launch policy returns 404,[],"noindex, nofollow",,[],en,/html-to-text,0,,,Not public; not asserted working,"Review capability, impressions and backlinks before any future removal",False,EXISTING_404,resources
/id,200,text/html; charset=utf-8,[],"Public hub, resource or utility","[""https://pdfpilot.net/id""]","index, follow (default)",,"[""/sitemaps/families/locales.xml""]",id,,33,,,HTTP and link checks; not every instructional claim or template manually executed,Keep subject to per-route content review; no ranking guarantee,True,KEEP,other-locales
/id/add-page-numbers,200,text/html; charset=utf-8,[],Public PDF tool,"[""https://pdfpilot.net/id/add-page-numbers""]","noindex, follow",,[],id,/add-page-numbers,2,,,26 English upload checks; representative parsed conversions; Portuguese upload checks where approved,Incomplete language coverage or Portuguese demand/capability not validated,False,NOINDEX,other-locales
/id/column-extractor,404,text/html; charset=utf-8,[],Hidden registry tool; existing launch policy returns 404,[],"noindex, nofollow",,[],id,/column-extractor,0,,,Not public; not asserted working,"Review capability, impressions and backlinks before any future removal",False,EXISTING_404,other-locales
/id/compress-image,404,text/html; charset=utf-8,[],Hidden registry tool; existing launch policy returns 404,[],"noindex, nofollow",,[],id,/compress-image,0,,,Not public; not asserted working,"Review capability, impressions and backlinks before any future removal",False,EXISTING_404,other-locales
/id/compress-pdf,308,text/html; charset=utf-8,"[{""from"": ""http://127.0.0.1:4368/id/compress-pdf"", ""status"": 308, ""to"": ""http://127.0.0.1:4368/id/kompres-pdf""}]",Alias redirected to its existing equivalent,"[""https://pdfpilot.net/id/kompres-pdf""]","index, follow (default)",,[],id,/compress-pdf,1,,,One-hop HTTP redirect,One canonical destination,False,REDIRECT,other-locales
/id/crop-image,404,text/html; charset=utf-8,[],Hidden registry tool; existing launch policy returns 404,[],"noindex, nofollow",,[],id,/crop-image,0,,,Not public; not asserted working,"Review capability, impressions and backlinks before any future removal",False,EXISTING_404,other-locales
/id/crop-pdf,200,text/html; charset=utf-8,[],Public PDF tool,"[""https://pdfpilot.net/id/crop-pdf""]","noindex, follow",,[],id,/crop-pdf,2,,,26 English upload checks; representative parsed conversions; Portuguese upload checks where approved,Incomplete language coverage or Portuguese demand/capability not validated,False,NOINDEX,other-locales
/id/csv-cleaner,404,text/html; charset=utf-8,[],Hidden registry tool; existing launch policy returns 404,[],"noindex, nofollow",,[],id,/csv-cleaner,0,,,Not public; not asserted working,"Review capability, impressions and backlinks before any future removal",False,EXISTING_404,other-locales
/id/csv-formatter,404,text/html; charset=utf-8,[],Hidden registry tool; existing launch policy returns 404,[],"noindex, nofollow",,[],id,/csv-formatter,0,,,Not public; not asserted working,"Review capability, impressions and backlinks before any future removal",False,EXISTING_404,other-locales
/id/csv-merger,404,text/html; charset=utf-8,[],Hidden registry tool; existing launch policy returns 404,[],"noindex, nofollow",,[],id,/csv-merger,0,,,Not public; not asserted working,"Review capability, impressions and backlinks before any future removal",False,EXISTING_404,other-locales
/id/csv-splitter,404,text/html; charset=utf-8,[],Hidden registry tool; existing launch policy returns 404,[],"noindex, nofollow",,[],id,/csv-splitter,0,,,Not public; not asserted working,"Review capability, impressions and backlinks before any future removal",False,EXISTING_404,other-locales
/id/csv-to-excel,404,text/html; charset=utf-8,[],Hidden registry tool; existing launch policy returns 404,[],"noindex, nofollow",,[],id,/csv-to-excel,0,,,Not public; not asserted working,"Review capability, impressions and backlinks before any future removal",False,EXISTING_404,other-locales
/id/csv-to-json,404,text/html; charset=utf-8,[],Hidden registry tool; existing launch policy returns 404,[],"noindex, nofollow",,[],id,/csv-to-json,0,,,Not public; not asserted working,"Review capability, impressions and backlinks before any future removal",False,EXISTING_404,other-locales
/id/csv-to-pdf,404,text/html; charset=utf-8,[],Hidden registry tool; existing launch policy returns 404,[],"noindex, nofollow",,[],id,/csv-to-pdf,0,,,Not public; not asserted working,"Review capability, impressions and backlinks before any future removal",False,EXISTING_404,other-locales
/id/csv-to-sql,404,text/html; charset=utf-8,[],Hidden registry tool; existing launch policy returns 404,[],"noindex, nofollow",,[],id,/csv-to-sql,0,,,Not public; not asserted working,"Review capability, impressions and backlinks before any future removal",False,EXISTING_404,other-locales
/id/csv-to-xml,404,text/html; charset=utf-8,[],Hidden registry tool; existing launch policy returns 404,[],"noindex, nofollow",,[],id,/csv-to-xml,0,,,Not public; not asserted working,"Review capability, impressions and backlinks before any future removal",False,EXISTING_404,other-locales
/id/delete-pages,200,text/html; charset=utf-8,[],Public PDF tool,"[""https://pdfpilot.net/id/delete-pages""]","noindex, follow",,[],id,/delete-pages,2,,,26 English upload checks; representative parsed conversions; Portuguese upload checks where approved,Incomplete language coverage or Portuguese demand/capability not validated,False,NOINDEX,other-locales
/id/duplicate-pages,404,text/html; charset=utf-8,[],Hidden registry tool; existing launch policy returns 404,[],"noindex, nofollow",,[],id,/duplicate-pages,0,,,Not public; not asserted working,"Review capability, impressions and backlinks before any future removal",False,EXISTING_404,other-locales
/id/duplicate-row-remover,404,text/html; charset=utf-8,[],Hidden registry tool; existing launch policy returns 404,[],"noindex, nofollow",,[],id,/duplicate-row-remover,0,,,Not public; not asserted working,"Review capability, impressions and backlinks before any future removal",False,EXISTING_404,other-locales
/id/edit-pdf,200,text/html; charset=utf-8,[],Public PDF tool,"[""https://pdfpilot.net/id/edit-pdf""]","noindex, follow",,[],id,/edit-pdf,2,,,26 English upload checks; representative parsed conversions; Portuguese upload checks where approved,Incomplete language coverage or Portuguese demand/capability not validated,False,NOINDEX,other-locales
/id/excel-sheet-extractor,404,text/html; charset=utf-8,[],Hidden registry tool; existing launch policy returns 404,[],"noindex, nofollow",,[],id,/excel-sheet-extractor,0,,,Not public; not asserted working,"Review capability, impressions and backlinks before any future removal",False,EXISTING_404,other-locales
/id/excel-sheet-merger,404,text/html; charset=utf-8,[],Hidden registry tool; existing launch policy returns 404,[],"noindex, nofollow",,[],id,/excel-sheet-merger,0,,,Not public; not asserted working,"Review capability, impressions and backlinks before any future removal",False,EXISTING_404,other-locales
/id/excel-to-json,404,text/html; charset=utf-8,[],Hidden registry tool; existing launch policy returns 404,[],"noindex, nofollow",,[],id,/excel-to-json,0,,,Not public; not asserted working,"Review capability, impressions and backlinks before any future removal",False,EXISTING_404,other-locales
/id/excel-to-pdf,200,text/html; charset=utf-8,[],Public PDF tool,"[""https://pdfpilot.net/id/excel-to-pdf""]","noindex, follow",,[],id,/excel-to-pdf,31,,,26 English upload checks; representative parsed conversions; Portuguese upload checks where approved,Incomplete language coverage or Portuguese demand/capability not validated,False,NOINDEX,other-locales
/id/excel-to-xml,200,text/html; charset=utf-8,[],Public PDF tool,"[""https://pdfpilot.net/id/excel-to-xml""]","noindex, follow",,[],id,/excel-to-xml,2,,,26 English upload checks; representative parsed conversions; Portuguese upload checks where approved,Incomplete language coverage or Portuguese demand/capability not validated,False,NOINDEX,other-locales
/id/extract-pages,200,text/html; charset=utf-8,[],Public PDF tool,"[""https://pdfpilot.net/id/extract-pages""]","noindex, follow",,[],id,/extract-pages,2,,,26 English upload checks; representative parsed conversions; Portuguese upload checks where approved,Incomplete language coverage or Portuguese demand/capability not validated,False,NOINDEX,other-locales
/id/fill-pdf,200,text/html; charset=utf-8,[],Public PDF tool,"[""https://pdfpilot.net/id/fill-pdf""]","noindex, follow",,[],id,/fill-pdf,2,,,26 English upload checks; representative parsed conversions; Portuguese upload checks where approved,Incomplete language coverage or Portuguese demand/capability not validated,False,NOINDEX,other-locales
/id/flatten-pdf,404,text/html; charset=utf-8,[],Hidden registry tool; existing launch policy returns 404,[],"noindex, nofollow",,[],id,/flatten-pdf,0,,,Not public; not asserted working,"Review capability, impressions and backlinks before any future removal",False,EXISTING_404,other-locales
/id/gabungkan-pdf,200,text/html; charset=utf-8,[],Public PDF tool,"[""https://pdfpilot.net/id/gabungkan-pdf""]","index, follow (default)",,"[""/sitemaps/families/locales.xml""]",id,/merge-pdf,33,,,26 English upload checks; representative parsed conversions; Portuguese upload checks where approved,Reviewed SSR help and accurate capability limits,True,KEEP,other-locales
/id/heic-to-png,404,text/html; charset=utf-8,[],Hidden registry tool; existing launch policy returns 404,[],"noindex, nofollow",,[],id,/heic-to-png,0,,,Not public; not asserted working,"Review capability, impressions and backlinks before any future removal",False,EXISTING_404,other-locales
/id/html-to-markdown,404,text/html; charset=utf-8,[],Hidden registry tool; existing launch policy returns 404,[],"noindex, nofollow",,[],id,/html-to-markdown,0,,,Not public; not asserted working,"Review capability, impressions and backlinks before any future removal",False,EXISTING_404,other-locales
/id/html-to-pdf,200,text/html; charset=utf-8,[],Public PDF tool,"[""https://pdfpilot.net/id/html-to-pdf""]","noindex, follow",,[],id,/html-to-pdf,2,,,26 English upload checks; representative parsed conversions; Portuguese upload checks where approved,Incomplete language coverage or Portuguese demand/capability not validated,False,NOINDEX,other-locales
/id/html-to-text,404,text/html; charset=utf-8,[],Hidden registry tool; existing launch policy returns 404,[],"noindex, nofollow",,[],id,/html-to-text,0,,,Not public; not asserted working,"Review capability, impressions and backlinks before any future removal",False,EXISTING_404,other-locales
/id/image-watermark,404,text/html; charset=utf-8,[],Hidden registry tool; existing launch policy returns 404,[],"noindex, nofollow",,[],id,/image-watermark,0,,,Not public; not asserted working,"Review capability, impressions and backlinks before any future removal",False,EXISTING_404,other-locales
/id/insert-pages,404,text/html; charset=utf-8,[],Hidden registry tool; existing launch policy returns 404,[],"noindex, nofollow",,[],id,/insert-pages,0,,,Not public; not asserted working,"Review capability, impressions and backlinks before any future removal",False,EXISTING_404,other-locales
/id/jpg-ke-pdf,200,text/html; charset=utf-8,[],Public PDF tool,"[""https://pdfpilot.net/id/jpg-ke-pdf""]","index, follow (default)",,"[""/sitemaps/families/locales.xml""]",id,/jpg-to-pdf,31,,,26 English upload checks; representative parsed conversions; Portuguese upload checks where approved,Reviewed SSR help and accurate capability limits,True,KEEP,other-locales
/id/jpg-to-pdf,308,text/html; charset=utf-8,"[{""from"": ""http://127.0.0.1:4368/id/jpg-to-pdf"", ""status"": 308, ""to"": ""http://127.0.0.1:4368/id/jpg-ke-pdf""}]",Alias redirected to its existing equivalent,"[""https://pdfpilot.net/id/jpg-ke-pdf""]","index, follow (default)",,[],id,/jpg-to-pdf,1,,,One-hop HTTP redirect,One canonical destination,False,REDIRECT,other-locales
/id/json-formatter,404,text/html; charset=utf-8,[],Hidden registry tool; existing launch policy returns 404,[],"noindex, nofollow",,[],id,/json-formatter,0,,,Not public; not asserted working,"Review capability, impressions and backlinks before any future removal",False,EXISTING_404,other-locales
/id/json-minifier,404,text/html; charset=utf-8,[],Hidden registry tool; existing launch policy returns 404,[],"noindex, nofollow",,[],id,/json-minifier,0,,,Not public; not asserted working,"Review capability, impressions and backlinks before any future removal",False,EXISTING_404,other-locales
/id/json-to-csv,404,text/html; charset=utf-8,[],Hidden registry tool; existing launch policy returns 404,[],"noindex, nofollow",,[],id,/json-to-csv,0,,,Not public; not asserted working,"Review capability, impressions and backlinks before any future removal",False,EXISTING_404,other-locales
/id/json-to-sql,404,text/html; charset=utf-8,[],Hidden registry tool; existing launch policy returns 404,[],"noindex, nofollow",,[],id,/json-to-sql,0,,,Not public; not asserted working,"Review capability, impressions and backlinks before any future removal",False,EXISTING_404,other-locales
/id/json-to-yaml,404,text/html; charset=utf-8,[],Hidden registry tool; existing launch policy returns 404,[],"noindex, nofollow",,[],id,/json-to-yaml,0,,,Not public; not asserted working,"Review capability, impressions and backlinks before any future removal",False,EXISTING_404,other-locales
/id/json-validator,404,text/html; charset=utf-8,[],Hidden registry tool; existing launch policy returns 404,[],"noindex, nofollow",,[],id,/json-validator,0,,,Not public; not asserted working,"Review capability, impressions and backlinks before any future removal",False,EXISTING_404,other-locales
/id/kompres-pdf,200,text/html; charset=utf-8,[],Public PDF tool,"[""https://pdfpilot.net/id/kompres-pdf""]","index, follow (default)",,"[""/sitemaps/families/locales.xml""]",id,/compress-pdf,33,,,26 English upload checks; representative parsed conversions; Portuguese upload checks where approved,Reviewed SSR help and accurate capability limits,True,KEEP,other-locales
/id/lock-pdf,404,text/html; charset=utf-8,[],Hidden registry tool; existing launch policy returns 404,[],"noindex, nofollow",,[],id,/lock-pdf,0,,,Not public; not asserted working,"Review capability, impressions and backlinks before any future removal",False,EXISTING_404,other-locales
/id/markdown-table-to-csv,404,text/html; charset=utf-8,[],Hidden registry tool; existing launch policy returns 404,[],"noindex, nofollow",,[],id,/markdown-table-to-csv,0,,,Not public; not asserted working,"Review capability, impressions and backlinks before any future removal",False,EXISTING_404,other-locales
/id/markdown-to-html,404,text/html; charset=utf-8,[],Hidden registry tool; existing launch policy returns 404,[],"noindex, nofollow",,[],id,/markdown-to-html,0,,,Not public; not asserted working,"Review capability, impressions and backlinks before any future removal",False,EXISTING_404,other-locales
/id/markdown-to-pdf,404,text/html; charset=utf-8,[],Hidden registry tool; existing launch policy returns 404,[],"noindex, nofollow",,[],id,/markdown-to-pdf,0,,,Not public; not asserted working,"Review capability, impressions and backlinks before any future removal",False,EXISTING_404,other-locales
/id/merge-pdf,308,text/html; charset=utf-8,"[{""from"": ""http://127.0.0.1:4368/id/merge-pdf"", ""status"": 308, ""to"": ""http://127.0.0.1:4368/id/gabungkan-pdf""}]",Alias redirected to its existing equivalent,"[""https://pdfpilot.net/id/gabungkan-pdf""]","index, follow (default)",,[],id,/merge-pdf,1,,,One-hop HTTP redirect,One canonical destination,False,REDIRECT,other-locales
/id/ocr-image,404,text/html; charset=utf-8,[],Hidden registry tool; existing launch policy returns 404,[],"noindex, nofollow",,[],id,/ocr-image,0,,,Not public; not asserted working,"Review capability, impressions and backlinks before any future removal",False,EXISTING_404,other-locales
/id/ocr-pdf,200,text/html; charset=utf-8,[],Public PDF tool,"[""https://pdfpilot.net/id/ocr-pdf""]","noindex, follow",,[],id,/ocr-pdf,2,,,26 English upload checks; representative parsed conversions; Portuguese upload checks where approved,Incomplete language coverage or Portuguese demand/capability not validated,False,NOINDEX,other-locales
/id/organize-pdf,200,text/html; charset=utf-8,[],Public PDF tool,"[""https://pdfpilot.net/id/organize-pdf""]","noindex, follow",,[],id,/organize-pdf,2,,,26 English upload checks; representative parsed conversions; Portuguese upload checks where approved,Incomplete language coverage or Portuguese demand/capability not validated,False,NOINDEX,other-locales
/id/pdf-ke-jpg,200,text/html; charset=utf-8,[],Public PDF tool,"[""https://pdfpilot.net/id/pdf-ke-jpg""]","index, follow (default)",,"[""/sitemaps/families/locales.xml""]",id,/pdf-to-jpg,31,,,26 English upload checks; representative parsed conversions; Portuguese upload checks where approved,Reviewed SSR help and accurate capability limits,True,KEEP,other-locales
/id/pdf-metadata-editor,404,text/html; charset=utf-8,[],Hidden registry tool; existing launch policy returns 404,[],"noindex, nofollow",,[],id,/pdf-metadata-editor,0,,,Not public; not asserted working,"Review capability, impressions and backlinks before any future removal",False,EXISTING_404,other-locales
/id/pdf-to-excel,200,text/html; charset=utf-8,[],Public PDF tool,"[""https://pdfpilot.net/id/pdf-to-excel""]","noindex, follow",,[],id,/pdf-to-excel,2,,,26 English upload checks; representative parsed conversions; Portuguese upload checks where approved,Incomplete language coverage or Portuguese demand/capability not validated,False,NOINDEX,other-locales
/id/pdf-to-jpg,308,text/html; charset=utf-8,"[{""from"": ""http://127.0.0.1:4368/id/pdf-to-jpg"", ""status"": 308, ""to"": ""http://127.0.0.1:4368/id/pdf-ke-jpg""}]",Alias redirected to its existing equivalent,"[""https://pdfpilot.net/id/pdf-ke-jpg""]","index, follow (default)",,[],id,/pdf-to-jpg,1,,,One-hop HTTP redirect,One canonical destination,False,REDIRECT,other-locales
/id/pdf-to-pdfa,200,text/html; charset=utf-8,[],Public PDF tool,"[""https://pdfpilot.net/id/pdf-to-pdfa""]","noindex, follow",,[],id,/pdf-to-pdfa,2,,,26 English upload checks; representative parsed conversions; Portuguese upload checks where approved,Incomplete language coverage or Portuguese demand/capability not validated,False,NOINDEX,other-locales
/id/pdf-to-powerpoint,200,text/html; charset=utf-8,[],Public PDF tool,"[""https://pdfpilot.net/id/pdf-to-powerpoint""]","noindex, follow",,[],id,/pdf-to-powerpoint,2,,,26 English upload checks; representative parsed conversions; Portuguese upload checks where approved,Incomplete language coverage or Portuguese demand/capability not validated,False,NOINDEX,other-locales
/id/pdf-to-word,200,text/html; charset=utf-8,[],Public PDF tool,"[""https://pdfpilot.net/id/pdf-to-word""]","noindex, follow",,[],id,/pdf-to-word,2,,,26 English upload checks; representative parsed conversions; Portuguese upload checks where approved,Incomplete language coverage or Portuguese demand/capability not validated,False,NOINDEX,other-locales
/id/pisahkan-pdf,200,text/html; charset=utf-8,[],Public PDF tool,"[""https://pdfpilot.net/id/pisahkan-pdf""]","index, follow (default)",,"[""/sitemaps/families/locales.xml""]",id,/split-pdf,33,,,26 English upload checks; representative parsed conversions; Portuguese upload checks where approved,Reviewed SSR help and accurate capability limits,True,KEEP,other-locales
/id/powerpoint-to-pdf,200,text/html; charset=utf-8,[],Public PDF tool,"[""https://pdfpilot.net/id/powerpoint-to-pdf""]","noindex, follow",,[],id,/powerpoint-to-pdf,31,,,26 English upload checks; representative parsed conversions; Portuguese upload checks where approved,Incomplete language coverage or Portuguese demand/capability not validated,False,NOINDEX,other-locales
/id/rearrange-pages,404,text/html; charset=utf-8,[],Hidden registry tool; existing launch policy returns 404,[],"noindex, nofollow",,[],id,/rearrange-pages,0,,,Not public; not asserted working,"Review capability, impressions and backlinks before any future removal",False,EXISTING_404,other-locales
/id/repair-pdf,200,text/html; charset=utf-8,[],Public PDF tool,"[""https://pdfpilot.net/id/repair-pdf""]","noindex, follow",,[],id,/repair-pdf,2,,,26 English upload checks; representative parsed conversions; Portuguese upload checks where approved,Incomplete language coverage or Portuguese demand/capability not validated,False,NOINDEX,other-locales
/id/resize-image,404,text/html; charset=utf-8,[],Hidden registry tool; existing launch policy returns 404,[],"noindex, nofollow",,[],id,/resize-image,0,,,Not public; not asserted working,"Review capability, impressions and backlinks before any future removal",False,EXISTING_404,other-locales
/id/rotate-image,404,text/html; charset=utf-8,[],Hidden registry tool; existing launch policy returns 404,[],"noindex, nofollow",,[],id,/rotate-image,0,,,Not public; not asserted working,"Review capability, impressions and backlinks before any future removal",False,EXISTING_404,other-locales
/id/rotate-pdf,200,text/html; charset=utf-8,[],Public PDF tool,"[""https://pdfpilot.net/id/rotate-pdf""]","noindex, follow",,[],id,/rotate-pdf,2,,,26 English upload checks; representative parsed conversions; Portuguese upload checks where approved,Incomplete language coverage or Portuguese demand/capability not validated,False,NOINDEX,other-locales
/id/scan-pdf,200,text/html; charset=utf-8,[],Public PDF tool,"[""https://pdfpilot.net/id/scan-pdf""]","noindex, follow",,[],id,/scan-pdf,2,,,26 English upload checks; representative parsed conversions; Portuguese upload checks where approved,Incomplete language coverage or Portuguese demand/capability not validated,False,NOINDEX,other-locales
/id/split-pdf,308,text/html; charset=utf-8,"[{""from"": ""http://127.0.0.1:4368/id/split-pdf"", ""status"": 308, ""to"": ""http://127.0.0.1:4368/id/pisahkan-pdf""}]",Alias redirected to its existing equivalent,"[""https://pdfpilot.net/id/pisahkan-pdf""]","index, follow (default)",,[],id,/split-pdf,1,,,One-hop HTTP redirect,One canonical destination,False,REDIRECT,other-locales
/id/sql-to-json,404,text/html; charset=utf-8,[],Hidden registry tool; existing launch policy returns 404,[],"noindex, nofollow",,[],id,/sql-to-json,0,,,Not public; not asserted working,"Review capability, impressions and backlinks before any future removal",False,EXISTING_404,other-locales
/id/summary-generator,404,text/html; charset=utf-8,[],Hidden registry tool; existing launch policy returns 404,[],"noindex, nofollow",,[],id,/summary-generator,0,,,Not public; not asserted working,"Review capability, impressions and backlinks before any future removal",False,EXISTING_404,other-locales
/id/svg-to-pdf,404,text/html; charset=utf-8,[],Hidden registry tool; existing launch policy returns 404,[],"noindex, nofollow",,[],id,/svg-to-pdf,0,,,Not public; not asserted working,"Review capability, impressions and backlinks before any future removal",False,EXISTING_404,other-locales
/id/text-to-html,404,text/html; charset=utf-8,[],Hidden registry tool; existing launch policy returns 404,[],"noindex, nofollow",,[],id,/text-to-html,0,,,Not public; not asserted working,"Review capability, impressions and backlinks before any future removal",False,EXISTING_404,other-locales
/id/tsv-to-csv,404,text/html; charset=utf-8,[],Hidden registry tool; existing launch policy returns 404,[],"noindex, nofollow",,[],id,/tsv-to-csv,0,,,Not public; not asserted working,"Review capability, impressions and backlinks before any future removal",False,EXISTING_404,other-locales
/id/tsv-to-excel,404,text/html; charset=utf-8,[],Hidden registry tool; existing launch policy returns 404,[],"noindex, nofollow",,[],id,/tsv-to-excel,0,,,Not public; not asserted working,"Review capability, impressions and backlinks before any future removal",False,EXISTING_404,other-locales
/id/txt-to-pdf,404,text/html; charset=utf-8,[],Hidden registry tool; existing launch policy returns 404,[],"noindex, nofollow",,[],id,/txt-to-pdf,0,,,Not public; not asserted working,"Review capability, impressions and backlinks before any future removal",False,EXISTING_404,other-locales
/id/unlock-pdf,404,text/html; charset=utf-8,[],Hidden registry tool; existing launch policy returns 404,[],"noindex, nofollow",,[],id,/unlock-pdf,0,,,Not public; not asserted working,"Review capability, impressions and backlinks before any future removal",False,EXISTING_404,other-locales
/id/url-decode,404,text/html; charset=utf-8,[],Hidden registry tool; existing launch policy returns 404,[],"noindex, nofollow",,[],id,/url-decode,0,,,Not public; not asserted working,"Review capability, impressions and backlinks before any future removal",False,EXISTING_404,other-locales
/id/url-encode,404,text/html; charset=utf-8,[],Hidden registry tool; existing launch policy returns 404,[],"noindex, nofollow",,[],id,/url-encode,0,,,Not public; not asserted working,"Review capability, impressions and backlinks before any future removal",False,EXISTING_404,other-locales
/id/watermark-pdf,200,text/html; charset=utf-8,[],Public PDF tool,"[""https://pdfpilot.net/id/watermark-pdf""]","noindex, follow",,[],id,/watermark-pdf,2,,,26 English upload checks; representative parsed conversions; Portuguese upload checks where approved,Incomplete language coverage or Portuguese demand/capability not validated,False,NOINDEX,other-locales
/id/word-to-pdf,200,text/html; charset=utf-8,[],Public PDF tool,"[""https://pdfpilot.net/id/word-to-pdf""]","noindex, follow",,[],id,/word-to-pdf,31,,,26 English upload checks; representative parsed conversions; Portuguese upload checks where approved,Incomplete language coverage or Portuguese demand/capability not validated,False,NOINDEX,other-locales
/id/xml-formatter,404,text/html; charset=utf-8,[],Hidden registry tool; existing launch policy returns 404,[],"noindex, nofollow",,[],id,/xml-formatter,0,,,Not public; not asserted working,"Review capability, impressions and backlinks before any future removal",False,EXISTING_404,other-locales
/id/xml-to-csv,404,text/html; charset=utf-8,[],Hidden registry tool; existing launch policy returns 404,[],"noindex, nofollow",,[],id,/xml-to-csv,0,,,Not public; not asserted working,"Review capability, impressions and backlinks before any future removal",False,EXISTING_404,other-locales
/id/xml-to-excel,404,text/html; charset=utf-8,[],Hidden registry tool; existing launch policy returns 404,[],"noindex, nofollow",,[],id,/xml-to-excel,0,,,Not public; not asserted working,"Review capability, impressions and backlinks before any future removal",False,EXISTING_404,other-locales
/id/xml-validator,404,text/html; charset=utf-8,[],Hidden registry tool; existing launch policy returns 404,[],"noindex, nofollow",,[],id,/xml-validator,0,,,Not public; not asserted working,"Review capability, impressions and backlinks before any future removal",False,EXISTING_404,other-locales
/id/yaml-to-json,404,text/html; charset=utf-8,[],Hidden registry tool; existing launch policy returns 404,[],"noindex, nofollow",,[],id,/yaml-to-json,0,,,Not public; not asserted working,"Review capability, impressions and backlinks before any future removal",False,EXISTING_404,other-locales
/id/yaml-to-xml,404,text/html; charset=utf-8,[],Hidden registry tool; existing launch policy returns 404,[],"noindex, nofollow",,[],id,/yaml-to-xml,0,,,Not public; not asserted working,"Review capability, impressions and backlinks before any future removal",False,EXISTING_404,other-locales
/image-metadata,404,text/html; charset=utf-8,[],Hidden registry tool; existing launch policy returns 404,[],"noindex, nofollow",,[],en,/image-metadata,0,,,Not public; not asserted working,"Review capability, impressions and backlinks before any future removal",False,EXISTING_404,resources
/image-watermark,404,text/html; charset=utf-8,[],Hidden registry tool; existing launch policy returns 404,[],"noindex, nofollow",,[],en,/image-watermark,0,,,Not public; not asserted working,"Review capability, impressions and backlinks before any future removal",False,EXISTING_404,resources
/industries/accounting-finance,200,text/html; charset=utf-8,[],PDF Tools for Accounting and Finance,"[""https://pdfpilot.net/industries/accounting-finance""]","index, follow (default)",,"[""/sitemaps/families/resources.xml""]",en,,1,,/industries/accounting-finance,HTTP and link checks; not every instructional claim or template manually executed,Keep subject to per-route content review; no ranking guarantee,True,KEEP,resources
/industries/education,200,text/html; charset=utf-8,[],PDF Tools for Students and Teachers,"[""https://pdfpilot.net/industries/education""]","index, follow (default)",,"[""/sitemaps/families/resources.xml""]",en,,1,,/industries/education,HTTP and link checks; not every instructional claim or template manually executed,Keep subject to per-route content review; no ranking guarantee,True,KEEP,resources
/industries/hr,200,text/html; charset=utf-8,[],PDF Tools for HR and Recruiting,"[""https://pdfpilot.net/industries/hr""]","index, follow (default)",,"[""/sitemaps/families/resources.xml""]",en,,1,,/industries/hr,HTTP and link checks; not every instructional claim or template manually executed,Keep subject to per-route content review; no ranking guarantee,True,KEEP,resources
/industries/legal,200,text/html; charset=utf-8,[],PDF Tools for Legal Professionals,"[""https://pdfpilot.net/industries/legal""]","index, follow (default)",,"[""/sitemaps/families/resources.xml""]",en,,1,,/industries/legal,HTTP and link checks; not every instructional claim or template manually executed,Keep subject to per-route content review; no ranking guarantee,True,KEEP,resources
/industries/real-estate,200,text/html; charset=utf-8,[],PDF Tools for Real Estate,"[""https://pdfpilot.net/industries/real-estate""]","index, follow (default)",,"[""/sitemaps/families/resources.xml""]",en,,1,,/industries/real-estate,HTTP and link checks; not every instructional claim or template manually executed,Keep subject to per-route content review; no ranking guarantee,True,KEEP,resources
/insert-pages,404,text/html; charset=utf-8,[],Hidden registry tool; existing launch policy returns 404,[],"noindex, nofollow",,[],en,/insert-pages,0,,,Not public; not asserted working,"Review capability, impressions and backlinks before any future removal",False,EXISTING_404,resources
/ja,200,text/html; charset=utf-8,[],"Public hub, resource or utility","[""https://pdfpilot.net/ja""]","index, follow (default)",,"[""/sitemaps/families/locales.xml""]",ja,,33,,,HTTP and link checks; not every instructional claim or template manually executed,Keep subject to per-route content review; no ranking guarantee,True,KEEP,other-locales
/ja/add-page-numbers,200,text/html; charset=utf-8,[],Public PDF tool,"[""https://pdfpilot.net/ja/add-page-numbers""]","noindex, follow",,[],ja,/add-page-numbers,2,,,26 English upload checks; representative parsed conversions; Portuguese upload checks where approved,Incomplete language coverage or Portuguese demand/capability not validated,False,NOINDEX,other-locales
/ja/base64-decode,404,text/html; charset=utf-8,[],Hidden registry tool; existing launch policy returns 404,[],"noindex, nofollow",,[],ja,/base64-decode,0,,,Not public; not asserted working,"Review capability, impressions and backlinks before any future removal",False,EXISTING_404,other-locales
/ja/base64-encode,404,text/html; charset=utf-8,[],Hidden registry tool; existing launch policy returns 404,[],"noindex, nofollow",,[],ja,/base64-encode,0,,,Not public; not asserted working,"Review capability, impressions and backlinks before any future removal",False,EXISTING_404,other-locales
/ja/column-extractor,404,text/html; charset=utf-8,[],Hidden registry tool; existing launch policy returns 404,[],"noindex, nofollow",,[],ja,/column-extractor,0,,,Not public; not asserted working,"Review capability, impressions and backlinks before any future removal",False,EXISTING_404,other-locales
/ja/compare-pdf,404,text/html; charset=utf-8,[],Hidden registry tool; existing launch policy returns 404,[],"noindex, nofollow",,[],ja,/compare-pdf,0,,,Not public; not asserted working,"Review capability, impressions and backlinks before any future removal",False,EXISTING_404,other-locales
/ja/compress-image,404,text/html; charset=utf-8,[],Hidden registry tool; existing launch policy returns 404,[],"noindex, nofollow",,[],ja,/compress-image,0,,,Not public; not asserted working,"Review capability, impressions and backlinks before any future removal",False,EXISTING_404,other-locales
/ja/compress-pdf,308,text/html; charset=utf-8,"[{""from"": ""http://127.0.0.1:4368/ja/compress-pdf"", ""status"": 308, ""to"": ""http://127.0.0.1:4368/ja/pdf-asshuku""}]",Alias redirected to its existing equivalent,"[""https://pdfpilot.net/ja/pdf-asshuku""]","index, follow (default)",,[],ja,/compress-pdf,1,,,One-hop HTTP redirect,One canonical destination,False,REDIRECT,other-locales
/ja/convert-image,404,text/html; charset=utf-8,[],Hidden registry tool; existing launch policy returns 404,[],"noindex, nofollow",,[],ja,/convert-image,0,,,Not public; not asserted working,"Review capability, impressions and backlinks before any future removal",False,EXISTING_404,other-locales
/ja/crop-image,404,text/html; charset=utf-8,[],Hidden registry tool; existing launch policy returns 404,[],"noindex, nofollow",,[],ja,/crop-image,0,,,Not public; not asserted working,"Review capability, impressions and backlinks before any future removal",False,EXISTING_404,other-locales
/ja/crop-pdf,200,text/html; charset=utf-8,[],Public PDF tool,"[""https://pdfpilot.net/ja/crop-pdf""]","noindex, follow",,[],ja,/crop-pdf,2,,,26 English upload checks; representative parsed conversions; Portuguese upload checks where approved,Incomplete language coverage or Portuguese demand/capability not validated,False,NOINDEX,other-locales
/ja/csv-cleaner,404,text/html; charset=utf-8,[],Hidden registry tool; existing launch policy returns 404,[],"noindex, nofollow",,[],ja,/csv-cleaner,0,,,Not public; not asserted working,"Review capability, impressions and backlinks before any future removal",False,EXISTING_404,other-locales
/ja/csv-formatter,404,text/html; charset=utf-8,[],Hidden registry tool; existing launch policy returns 404,[],"noindex, nofollow",,[],ja,/csv-formatter,0,,,Not public; not asserted working,"Review capability, impressions and backlinks before any future removal",False,EXISTING_404,other-locales
/ja/csv-splitter,404,text/html; charset=utf-8,[],Hidden registry tool; existing launch policy returns 404,[],"noindex, nofollow",,[],ja,/csv-splitter,0,,,Not public; not asserted working,"Review capability, impressions and backlinks before any future removal",False,EXISTING_404,other-locales
/ja/csv-to-excel,404,text/html; charset=utf-8,[],Hidden registry tool; existing launch policy returns 404,[],"noindex, nofollow",,[],ja,/csv-to-excel,0,,,Not public; not asserted working,"Review capability, impressions and backlinks before any future removal",False,EXISTING_404,other-locales
/ja/csv-to-json,404,text/html; charset=utf-8,[],Hidden registry tool; existing launch policy returns 404,[],"noindex, nofollow",,[],ja,/csv-to-json,0,,,Not public; not asserted working,"Review capability, impressions and backlinks before any future removal",False,EXISTING_404,other-locales
/ja/csv-to-markdown-table,404,text/html; charset=utf-8,[],Hidden registry tool; existing launch policy returns 404,[],"noindex, nofollow",,[],ja,/csv-to-markdown-table,0,,,Not public; not asserted working,"Review capability, impressions and backlinks before any future removal",False,EXISTING_404,other-locales
/ja/csv-to-tsv,404,text/html; charset=utf-8,[],Hidden registry tool; existing launch policy returns 404,[],"noindex, nofollow",,[],ja,/csv-to-tsv,0,,,Not public; not asserted working,"Review capability, impressions and backlinks before any future removal",False,EXISTING_404,other-locales
/ja/csv-to-xml,404,text/html; charset=utf-8,[],Hidden registry tool; existing launch policy returns 404,[],"noindex, nofollow",,[],ja,/csv-to-xml,0,,,Not public; not asserted working,"Review capability, impressions and backlinks before any future removal",False,EXISTING_404,other-locales
/ja/delete-pages,200,text/html; charset=utf-8,[],Public PDF tool,"[""https://pdfpilot.net/ja/delete-pages""]","noindex, follow",,[],ja,/delete-pages,2,,,26 English upload checks; representative parsed conversions; Portuguese upload checks where approved,Incomplete language coverage or Portuguese demand/capability not validated,False,NOINDEX,other-locales
/ja/docx-merge,404,text/html; charset=utf-8,[],Hidden registry tool; existing launch policy returns 404,[],"noindex, nofollow",,[],ja,/docx-merge,0,,,Not public; not asserted working,"Review capability, impressions and backlinks before any future removal",False,EXISTING_404,other-locales
/ja/duplicate-pages,404,text/html; charset=utf-8,[],Hidden registry tool; existing launch policy returns 404,[],"noindex, nofollow",,[],ja,/duplicate-pages,0,,,Not public; not asserted working,"Review capability, impressions and backlinks before any future removal",False,EXISTING_404,other-locales
/ja/duplicate-row-remover,404,text/html; charset=utf-8,[],Hidden registry tool; existing launch policy returns 404,[],"noindex, nofollow",,[],ja,/duplicate-row-remover,0,,,Not public; not asserted working,"Review capability, impressions and backlinks before any future removal",False,EXISTING_404,other-locales
/ja/edit-pdf,200,text/html; charset=utf-8,[],Public PDF tool,"[""https://pdfpilot.net/ja/edit-pdf""]","noindex, follow",,[],ja,/edit-pdf,2,,,26 English upload checks; representative parsed conversions; Portuguese upload checks where approved,Incomplete language coverage or Portuguese demand/capability not validated,False,NOINDEX,other-locales
/ja/excel-sheet-extractor,404,text/html; charset=utf-8,[],Hidden registry tool; existing launch policy returns 404,[],"noindex, nofollow",,[],ja,/excel-sheet-extractor,0,,,Not public; not asserted working,"Review capability, impressions and backlinks before any future removal",False,EXISTING_404,other-locales
/ja/excel-to-csv,404,text/html; charset=utf-8,[],Hidden registry tool; existing launch policy returns 404,[],"noindex, nofollow",,[],ja,/excel-to-csv,0,,,Not public; not asserted working,"Review capability, impressions and backlinks before any future removal",False,EXISTING_404,other-locales
/ja/excel-to-json,404,text/html; charset=utf-8,[],Hidden registry tool; existing launch policy returns 404,[],"noindex, nofollow",,[],ja,/excel-to-json,0,,,Not public; not asserted working,"Review capability, impressions and backlinks before any future removal",False,EXISTING_404,other-locales
/ja/excel-to-pdf,200,text/html; charset=utf-8,[],Public PDF tool,"[""https://pdfpilot.net/ja/excel-to-pdf""]","noindex, follow",,[],ja,/excel-to-pdf,31,,,26 English upload checks; representative parsed conversions; Portuguese upload checks where approved,Incomplete language coverage or Portuguese demand/capability not validated,False,NOINDEX,other-locales
/ja/excel-to-tsv,404,text/html; charset=utf-8,[],Hidden registry tool; existing launch policy returns 404,[],"noindex, nofollow",,[],ja,/excel-to-tsv,0,,,Not public; not asserted working,"Review capability, impressions and backlinks before any future removal",False,EXISTING_404,other-locales
/ja/excel-to-xml,200,text/html; charset=utf-8,[],Public PDF tool,"[""https://pdfpilot.net/ja/excel-to-xml""]","noindex, follow",,[],ja,/excel-to-xml,2,,,26 English upload checks; representative parsed conversions; Portuguese upload checks where approved,Incomplete language coverage or Portuguese demand/capability not validated,False,NOINDEX,other-locales
/ja/extract-pages,200,text/html; charset=utf-8,[],Public PDF tool,"[""https://pdfpilot.net/ja/extract-pages""]","noindex, follow",,[],ja,/extract-pages,2,,,26 English upload checks; representative parsed conversions; Portuguese upload checks where approved,Incomplete language coverage or Portuguese demand/capability not validated,False,NOINDEX,other-locales
/ja/fill-pdf,200,text/html; charset=utf-8,[],Public PDF tool,"[""https://pdfpilot.net/ja/fill-pdf""]","noindex, follow",,[],ja,/fill-pdf,2,,,26 English upload checks; representative parsed conversions; Portuguese upload checks where approved,Incomplete language coverage or Portuguese demand/capability not validated,False,NOINDEX,other-locales
/ja/flatten-pdf,404,text/html; charset=utf-8,[],Hidden registry tool; existing launch policy returns 404,[],"noindex, nofollow",,[],ja,/flatten-pdf,0,,,Not public; not asserted working,"Review capability, impressions and backlinks before any future removal",False,EXISTING_404,other-locales
/ja/heic-to-jpg,404,text/html; charset=utf-8,[],Hidden registry tool; existing launch policy returns 404,[],"noindex, nofollow",,[],ja,/heic-to-jpg,0,,,Not public; not asserted working,"Review capability, impressions and backlinks before any future removal",False,EXISTING_404,other-locales
/ja/heic-to-png,404,text/html; charset=utf-8,[],Hidden registry tool; existing launch policy returns 404,[],"noindex, nofollow",,[],ja,/heic-to-png,0,,,Not public; not asserted working,"Review capability, impressions and backlinks before any future removal",False,EXISTING_404,other-locales
/ja/html-to-markdown,404,text/html; charset=utf-8,[],Hidden registry tool; existing launch policy returns 404,[],"noindex, nofollow",,[],ja,/html-to-markdown,0,,,Not public; not asserted working,"Review capability, impressions and backlinks before any future removal",False,EXISTING_404,other-locales
/ja/html-to-pdf,200,text/html; charset=utf-8,[],Public PDF tool,"[""https://pdfpilot.net/ja/html-to-pdf""]","noindex, follow",,[],ja,/html-to-pdf,2,,,26 English upload checks; representative parsed conversions; Portuguese upload checks where approved,Incomplete language coverage or Portuguese demand/capability not validated,False,NOINDEX,other-locales
/ja/image-metadata,404,text/html; charset=utf-8,[],Hidden registry tool; existing launch policy returns 404,[],"noindex, nofollow",,[],ja,/image-metadata,0,,,Not public; not asserted working,"Review capability, impressions and backlinks before any future removal",False,EXISTING_404,other-locales
/ja/image-watermark,404,text/html; charset=utf-8,[],Hidden registry tool; existing launch policy returns 404,[],"noindex, nofollow",,[],ja,/image-watermark,0,,,Not public; not asserted working,"Review capability, impressions and backlinks before any future removal",False,EXISTING_404,other-locales
/ja/insert-pages,404,text/html; charset=utf-8,[],Hidden registry tool; existing launch policy returns 404,[],"noindex, nofollow",,[],ja,/insert-pages,0,,,Not public; not asserted working,"Review capability, impressions and backlinks before any future removal",False,EXISTING_404,other-locales
/ja/jpg-pdf-henkan,200,text/html; charset=utf-8,[],Public PDF tool,"[""https://pdfpilot.net/ja/jpg-pdf-henkan""]","index, follow (default)",,"[""/sitemaps/families/locales.xml""]",ja,/jpg-to-pdf,31,,,26 English upload checks; representative parsed conversions; Portuguese upload checks where approved,Reviewed SSR help and accurate capability limits,True,KEEP,other-locales
/ja/jpg-to-pdf,308,text/html; charset=utf-8,"[{""from"": ""http://127.0.0.1:4368/ja/jpg-to-pdf"", ""status"": 308, ""to"": ""http://127.0.0.1:4368/ja/jpg-pdf-henkan""}]",Alias redirected to its existing equivalent,"[""https://pdfpilot.net/ja/jpg-pdf-henkan""]","index, follow (default)",,[],ja,/jpg-to-pdf,1,,,One-hop HTTP redirect,One canonical destination,False,REDIRECT,other-locales
/ja/json-diff,404,text/html; charset=utf-8,[],Hidden registry tool; existing launch policy returns 404,[],"noindex, nofollow",,[],ja,/json-diff,0,,,Not public; not asserted working,"Review capability, impressions and backlinks before any future removal",False,EXISTING_404,other-locales
/ja/json-formatter,404,text/html; charset=utf-8,[],Hidden registry tool; existing launch policy returns 404,[],"noindex, nofollow",,[],ja,/json-formatter,0,,,Not public; not asserted working,"Review capability, impressions and backlinks before any future removal",False,EXISTING_404,other-locales
/ja/json-minifier,404,text/html; charset=utf-8,[],Hidden registry tool; existing launch policy returns 404,[],"noindex, nofollow",,[],ja,/json-minifier,0,,,Not public; not asserted working,"Review capability, impressions and backlinks before any future removal",False,EXISTING_404,other-locales
/ja/json-to-csv,404,text/html; charset=utf-8,[],Hidden registry tool; existing launch policy returns 404,[],"noindex, nofollow",,[],ja,/json-to-csv,0,,,Not public; not asserted working,"Review capability, impressions and backlinks before any future removal",False,EXISTING_404,other-locales
/ja/json-to-excel,404,text/html; charset=utf-8,[],Hidden registry tool; existing launch policy returns 404,[],"noindex, nofollow",,[],ja,/json-to-excel,0,,,Not public; not asserted working,"Review capability, impressions and backlinks before any future removal",False,EXISTING_404,other-locales
/ja/json-to-sql,404,text/html; charset=utf-8,[],Hidden registry tool; existing launch policy returns 404,[],"noindex, nofollow",,[],ja,/json-to-sql,0,,,Not public; not asserted working,"Review capability, impressions and backlinks before any future removal",False,EXISTING_404,other-locales
/ja/json-to-yaml,404,text/html; charset=utf-8,[],Hidden registry tool; existing launch policy returns 404,[],"noindex, nofollow",,[],ja,/json-to-yaml,0,,,Not public; not asserted working,"Review capability, impressions and backlinks before any future removal",False,EXISTING_404,other-locales
/ja/json-validator,404,text/html; charset=utf-8,[],Hidden registry tool; existing launch policy returns 404,[],"noindex, nofollow",,[],ja,/json-validator,0,,,Not public; not asserted working,"Review capability, impressions and backlinks before any future removal",False,EXISTING_404,other-locales
/ja/lock-pdf,404,text/html; charset=utf-8,[],Hidden registry tool; existing launch policy returns 404,[],"noindex, nofollow",,[],ja,/lock-pdf,0,,,Not public; not asserted working,"Review capability, impressions and backlinks before any future removal",False,EXISTING_404,other-locales
/ja/markdown-table-to-csv,404,text/html; charset=utf-8,[],Hidden registry tool; existing launch policy returns 404,[],"noindex, nofollow",,[],ja,/markdown-table-to-csv,0,,,Not public; not asserted working,"Review capability, impressions and backlinks before any future removal",False,EXISTING_404,other-locales
/ja/markdown-to-html,404,text/html; charset=utf-8,[],Hidden registry tool; existing launch policy returns 404,[],"noindex, nofollow",,[],ja,/markdown-to-html,0,,,Not public; not asserted working,"Review capability, impressions and backlinks before any future removal",False,EXISTING_404,other-locales
/ja/markdown-to-pdf,404,text/html; charset=utf-8,[],Hidden registry tool; existing launch policy returns 404,[],"noindex, nofollow",,[],ja,/markdown-to-pdf,0,,,Not public; not asserted working,"Review capability, impressions and backlinks before any future removal",False,EXISTING_404,other-locales
/ja/merge-pdf,308,text/html; charset=utf-8,"[{""from"": ""http://127.0.0.1:4368/ja/merge-pdf"", ""status"": 308, ""to"": ""http://127.0.0.1:4368/ja/pdf-ketsugo""}]",Alias redirected to its existing equivalent,"[""https://pdfpilot.net/ja/pdf-ketsugo""]","index, follow (default)",,[],ja,/merge-pdf,1,,,One-hop HTTP redirect,One canonical destination,False,REDIRECT,other-locales
/ja/ocr-image,404,text/html; charset=utf-8,[],Hidden registry tool; existing launch policy returns 404,[],"noindex, nofollow",,[],ja,/ocr-image,0,,,Not public; not asserted working,"Review capability, impressions and backlinks before any future removal",False,EXISTING_404,other-locales
/ja/ocr-pdf,200,text/html; charset=utf-8,[],Public PDF tool,"[""https://pdfpilot.net/ja/ocr-pdf""]","noindex, follow",,[],ja,/ocr-pdf,2,,,26 English upload checks; representative parsed conversions; Portuguese upload checks where approved,Incomplete language coverage or Portuguese demand/capability not validated,False,NOINDEX,other-locales
/ja/organize-pdf,200,text/html; charset=utf-8,[],Public PDF tool,"[""https://pdfpilot.net/ja/organize-pdf""]","noindex, follow",,[],ja,/organize-pdf,2,,,26 English upload checks; representative parsed conversions; Portuguese upload checks where approved,Incomplete language coverage or Portuguese demand/capability not validated,False,NOINDEX,other-locales
/ja/pdf-asshuku,200,text/html; charset=utf-8,[],Public PDF tool,"[""https://pdfpilot.net/ja/pdf-asshuku""]","index, follow (default)",,"[""/sitemaps/families/locales.xml""]",ja,/compress-pdf,33,,,26 English upload checks; representative parsed conversions; Portuguese upload checks where approved,Reviewed SSR help and accurate capability limits,True,KEEP,other-locales
/ja/pdf-bunkatsu,200,text/html; charset=utf-8,[],Public PDF tool,"[""https://pdfpilot.net/ja/pdf-bunkatsu""]","index, follow (default)",,"[""/sitemaps/families/locales.xml""]",ja,/split-pdf,33,,,26 English upload checks; representative parsed conversions; Portuguese upload checks where approved,Reviewed SSR help and accurate capability limits,True,KEEP,other-locales
/ja/pdf-jpg-henkan,200,text/html; charset=utf-8,[],Public PDF tool,"[""https://pdfpilot.net/ja/pdf-jpg-henkan""]","index, follow (default)",,"[""/sitemaps/families/locales.xml""]",ja,/pdf-to-jpg,31,,,26 English upload checks; representative parsed conversions; Portuguese upload checks where approved,Reviewed SSR help and accurate capability limits,True,KEEP,other-locales
/ja/pdf-ketsugo,200,text/html; charset=utf-8,[],Public PDF tool,"[""https://pdfpilot.net/ja/pdf-ketsugo""]","index, follow (default)",,"[""/sitemaps/families/locales.xml""]",ja,/merge-pdf,33,,,26 English upload checks; representative parsed conversions; Portuguese upload checks where approved,Reviewed SSR help and accurate capability limits,True,KEEP,other-locales
/ja/pdf-metadata-editor,404,text/html; charset=utf-8,[],Hidden registry tool; existing launch policy returns 404,[],"noindex, nofollow",,[],ja,/pdf-metadata-editor,0,,,Not public; not asserted working,"Review capability, impressions and backlinks before any future removal",False,EXISTING_404,other-locales
/ja/pdf-to-excel,200,text/html; charset=utf-8,[],Public PDF tool,"[""https://pdfpilot.net/ja/pdf-to-excel""]","noindex, follow",,[],ja,/pdf-to-excel,2,,,26 English upload checks; representative parsed conversions; Portuguese upload checks where approved,Incomplete language coverage or Portuguese demand/capability not validated,False,NOINDEX,other-locales
/ja/pdf-to-jpg,308,text/html; charset=utf-8,"[{""from"": ""http://127.0.0.1:4368/ja/pdf-to-jpg"", ""status"": 308, ""to"": ""http://127.0.0.1:4368/ja/pdf-jpg-henkan""}]",Alias redirected to its existing equivalent,"[""https://pdfpilot.net/ja/pdf-jpg-henkan""]","index, follow (default)",,[],ja,/pdf-to-jpg,1,,,One-hop HTTP redirect,One canonical destination,False,REDIRECT,other-locales
/ja/pdf-to-pdfa,200,text/html; charset=utf-8,[],Public PDF tool,"[""https://pdfpilot.net/ja/pdf-to-pdfa""]","noindex, follow",,[],ja,/pdf-to-pdfa,2,,,26 English upload checks; representative parsed conversions; Portuguese upload checks where approved,Incomplete language coverage or Portuguese demand/capability not validated,False,NOINDEX,other-locales
/ja/pdf-to-powerpoint,200,text/html; charset=utf-8,[],Public PDF tool,"[""https://pdfpilot.net/ja/pdf-to-powerpoint""]","noindex, follow",,[],ja,/pdf-to-powerpoint,2,,,26 English upload checks; representative parsed conversions; Portuguese upload checks where approved,Incomplete language coverage or Portuguese demand/capability not validated,False,NOINDEX,other-locales
/ja/pdf-to-word,200,text/html; charset=utf-8,[],Public PDF tool,"[""https://pdfpilot.net/ja/pdf-to-word""]","noindex, follow",,[],ja,/pdf-to-word,2,,,26 English upload checks; representative parsed conversions; Portuguese upload checks where approved,Incomplete language coverage or Portuguese demand/capability not validated,False,NOINDEX,other-locales
/ja/powerpoint-to-pdf,200,text/html; charset=utf-8,[],Public PDF tool,"[""https://pdfpilot.net/ja/powerpoint-to-pdf""]","noindex, follow",,[],ja,/powerpoint-to-pdf,31,,,26 English upload checks; representative parsed conversions; Portuguese upload checks where approved,Incomplete language coverage or Portuguese demand/capability not validated,False,NOINDEX,other-locales
/ja/repair-pdf,200,text/html; charset=utf-8,[],Public PDF tool,"[""https://pdfpilot.net/ja/repair-pdf""]","noindex, follow",,[],ja,/repair-pdf,2,,,26 English upload checks; representative parsed conversions; Portuguese upload checks where approved,Incomplete language coverage or Portuguese demand/capability not validated,False,NOINDEX,other-locales
/ja/resize-image,404,text/html; charset=utf-8,[],Hidden registry tool; existing launch policy returns 404,[],"noindex, nofollow",,[],ja,/resize-image,0,,,Not public; not asserted working,"Review capability, impressions and backlinks before any future removal",False,EXISTING_404,other-locales
/ja/rotate-image,404,text/html; charset=utf-8,[],Hidden registry tool; existing launch policy returns 404,[],"noindex, nofollow",,[],ja,/rotate-image,0,,,Not public; not asserted working,"Review capability, impressions and backlinks before any future removal",False,EXISTING_404,other-locales
/ja/rotate-pdf,200,text/html; charset=utf-8,[],Public PDF tool,"[""https://pdfpilot.net/ja/rotate-pdf""]","noindex, follow",,[],ja,/rotate-pdf,2,,,26 English upload checks; representative parsed conversions; Portuguese upload checks where approved,Incomplete language coverage or Portuguese demand/capability not validated,False,NOINDEX,other-locales
/ja/scan-pdf,200,text/html; charset=utf-8,[],Public PDF tool,"[""https://pdfpilot.net/ja/scan-pdf""]","noindex, follow",,[],ja,/scan-pdf,2,,,26 English upload checks; representative parsed conversions; Portuguese upload checks where approved,Incomplete language coverage or Portuguese demand/capability not validated,False,NOINDEX,other-locales
/ja/split-pdf,308,text/html; charset=utf-8,"[{""from"": ""http://127.0.0.1:4368/ja/split-pdf"", ""status"": 308, ""to"": ""http://127.0.0.1:4368/ja/pdf-bunkatsu""}]",Alias redirected to its existing equivalent,"[""https://pdfpilot.net/ja/pdf-bunkatsu""]","index, follow (default)",,[],ja,/split-pdf,1,,,One-hop HTTP redirect,One canonical destination,False,REDIRECT,other-locales
/ja/sql-to-csv,404,text/html; charset=utf-8,[],Hidden registry tool; existing launch policy returns 404,[],"noindex, nofollow",,[],ja,/sql-to-csv,0,,,Not public; not asserted working,"Review capability, impressions and backlinks before any future removal",False,EXISTING_404,other-locales
/ja/summary-generator,404,text/html; charset=utf-8,[],Hidden registry tool; existing launch policy returns 404,[],"noindex, nofollow",,[],ja,/summary-generator,0,,,Not public; not asserted working,"Review capability, impressions and backlinks before any future removal",False,EXISTING_404,other-locales
/ja/svg-to-pdf,404,text/html; charset=utf-8,[],Hidden registry tool; existing launch policy returns 404,[],"noindex, nofollow",,[],ja,/svg-to-pdf,0,,,Not public; not asserted working,"Review capability, impressions and backlinks before any future removal",False,EXISTING_404,other-locales
/ja/text-to-html,404,text/html; charset=utf-8,[],Hidden registry tool; existing launch policy returns 404,[],"noindex, nofollow",,[],ja,/text-to-html,0,,,Not public; not asserted working,"Review capability, impressions and backlinks before any future removal",False,EXISTING_404,other-locales
/ja/tsv-to-excel,404,text/html; charset=utf-8,[],Hidden registry tool; existing launch policy returns 404,[],"noindex, nofollow",,[],ja,/tsv-to-excel,0,,,Not public; not asserted working,"Review capability, impressions and backlinks before any future removal",False,EXISTING_404,other-locales
/ja/txt-to-pdf,404,text/html; charset=utf-8,[],Hidden registry tool; existing launch policy returns 404,[],"noindex, nofollow",,[],ja,/txt-to-pdf,0,,,Not public; not asserted working,"Review capability, impressions and backlinks before any future removal",False,EXISTING_404,other-locales
/ja/url-decode,404,text/html; charset=utf-8,[],Hidden registry tool; existing launch policy returns 404,[],"noindex, nofollow",,[],ja,/url-decode,0,,,Not public; not asserted working,"Review capability, impressions and backlinks before any future removal",False,EXISTING_404,other-locales
/ja/url-encode,404,text/html; charset=utf-8,[],Hidden registry tool; existing launch policy returns 404,[],"noindex, nofollow",,[],ja,/url-encode,0,,,Not public; not asserted working,"Review capability, impressions and backlinks before any future removal",False,EXISTING_404,other-locales
/ja/watermark-pdf,200,text/html; charset=utf-8,[],Public PDF tool,"[""https://pdfpilot.net/ja/watermark-pdf""]","noindex, follow",,[],ja,/watermark-pdf,2,,,26 English upload checks; representative parsed conversions; Portuguese upload checks where approved,Incomplete language coverage or Portuguese demand/capability not validated,False,NOINDEX,other-locales
/ja/word-to-pdf,200,text/html; charset=utf-8,[],Public PDF tool,"[""https://pdfpilot.net/ja/word-to-pdf""]","noindex, follow",,[],ja,/word-to-pdf,31,,,26 English upload checks; representative parsed conversions; Portuguese upload checks where approved,Incomplete language coverage or Portuguese demand/capability not validated,False,NOINDEX,other-locales
/ja/xml-formatter,404,text/html; charset=utf-8,[],Hidden registry tool; existing launch policy returns 404,[],"noindex, nofollow",,[],ja,/xml-formatter,0,,,Not public; not asserted working,"Review capability, impressions and backlinks before any future removal",False,EXISTING_404,other-locales
/ja/xml-to-csv,404,text/html; charset=utf-8,[],Hidden registry tool; existing launch policy returns 404,[],"noindex, nofollow",,[],ja,/xml-to-csv,0,,,Not public; not asserted working,"Review capability, impressions and backlinks before any future removal",False,EXISTING_404,other-locales
/ja/xml-to-excel,404,text/html; charset=utf-8,[],Hidden registry tool; existing launch policy returns 404,[],"noindex, nofollow",,[],ja,/xml-to-excel,0,,,Not public; not asserted working,"Review capability, impressions and backlinks before any future removal",False,EXISTING_404,other-locales
/ja/xml-to-yaml,404,text/html; charset=utf-8,[],Hidden registry tool; existing launch policy returns 404,[],"noindex, nofollow",,[],ja,/xml-to-yaml,0,,,Not public; not asserted working,"Review capability, impressions and backlinks before any future removal",False,EXISTING_404,other-locales
/ja/xml-validator,404,text/html; charset=utf-8,[],Hidden registry tool; existing launch policy returns 404,[],"noindex, nofollow",,[],ja,/xml-validator,0,,,Not public; not asserted working,"Review capability, impressions and backlinks before any future removal",False,EXISTING_404,other-locales
/ja/yaml-to-json,404,text/html; charset=utf-8,[],Hidden registry tool; existing launch policy returns 404,[],"noindex, nofollow",,[],ja,/yaml-to-json,0,,,Not public; not asserted working,"Review capability, impressions and backlinks before any future removal",False,EXISTING_404,other-locales
/ja/yaml-to-xml,404,text/html; charset=utf-8,[],Hidden registry tool; existing launch policy returns 404,[],"noindex, nofollow",,[],ja,/yaml-to-xml,0,,,Not public; not asserted working,"Review capability, impressions and backlinks before any future removal",False,EXISTING_404,other-locales
/jpg-to-pdf,200,text/html; charset=utf-8,[],Public PDF tool,"[""https://pdfpilot.net/jpg-to-pdf""]","index, follow (default)",,"[""/sitemaps/families/core.xml""]",en,/jpg-to-pdf,178,,,26 English upload checks; representative parsed conversions; Portuguese upload checks where approved,Reviewed SSR help and accurate capability limits,True,KEEP,core
/jpg-to-pdf-whatsapp-images,200,text/html; charset=utf-8,[],Reviewed distinct task: WhatsApp Images to PDF,"[""https://pdfpilot.net/jpg-to-pdf-whatsapp-images""]","index, follow",,"[""/sitemaps/pseo/use-case-0.xml""]",en,jpg-to-pdf,25,https://pdfpilot.net/jpg-to-pdf-whatsapp-images,,Parsed upload/process/download browser evidence,Distinct task guidance and real tool; editorial gate passed,True,KEEP,pseo-en
/json-diff,404,text/html; charset=utf-8,[],Hidden registry tool; existing launch policy returns 404,[],"noindex, nofollow",,[],en,/json-diff,0,,,Not public; not asserted working,"Review capability, impressions and backlinks before any future removal",False,EXISTING_404,resources
/json-formatter,404,text/html; charset=utf-8,[],Hidden registry tool; existing launch policy returns 404,[],"noindex, nofollow",,[],en,/json-formatter,0,,,Not public; not asserted working,"Review capability, impressions and backlinks before any future removal",False,EXISTING_404,resources
/json-minifier,404,text/html; charset=utf-8,[],Hidden registry tool; existing launch policy returns 404,[],"noindex, nofollow",,[],en,/json-minifier,0,,,Not public; not asserted working,"Review capability, impressions and backlinks before any future removal",False,EXISTING_404,resources
/json-to-csv,404,text/html; charset=utf-8,[],Hidden registry tool; existing launch policy returns 404,[],"noindex, nofollow",,[],en,/json-to-csv,0,,,Not public; not asserted working,"Review capability, impressions and backlinks before any future removal",False,EXISTING_404,resources
/json-to-excel,404,text/html; charset=utf-8,[],Hidden registry tool; existing launch policy returns 404,[],"noindex, nofollow",,[],en,/json-to-excel,0,,,Not public; not asserted working,"Review capability, impressions and backlinks before any future removal",False,EXISTING_404,resources
/json-to-sql,404,text/html; charset=utf-8,[],Hidden registry tool; existing launch policy returns 404,[],"noindex, nofollow",,[],en,/json-to-sql,0,,,Not public; not asserted working,"Review capability, impressions and backlinks before any future removal",False,EXISTING_404,resources
/json-to-xml,404,text/html; charset=utf-8,[],Hidden registry tool; existing launch policy returns 404,[],"noindex, nofollow",,[],en,/json-to-xml,0,,,Not public; not asserted working,"Review capability, impressions and backlinks before any future removal",False,EXISTING_404,resources
/json-to-yaml,404,text/html; charset=utf-8,[],Hidden registry tool; existing launch policy returns 404,[],"noindex, nofollow",,[],en,/json-to-yaml,0,,,Not public; not asserted working,"Review capability, impressions and backlinks before any future removal",False,EXISTING_404,resources
/json-validator,404,text/html; charset=utf-8,[],Hidden registry tool; existing launch policy returns 404,[],"noindex, nofollow",,[],en,/json-validator,0,,,Not public; not asserted working,"Review capability, impressions and backlinks before any future removal",False,EXISTING_404,resources
/jwt-decode,404,text/html; charset=utf-8,[],Hidden registry tool; existing launch policy returns 404,[],"noindex, nofollow",,[],en,/jwt-decode,0,,,Not public; not asserted working,"Review capability, impressions and backlinks before any future removal",False,EXISTING_404,resources
/ko,200,text/html; charset=utf-8,[],"Public hub, resource or utility","[""https://pdfpilot.net/ko""]","index, follow (default)",,"[""/sitemaps/families/locales.xml""]",ko,,33,,,HTTP and link checks; not every instructional claim or template manually executed,Keep subject to per-route content review; no ranking guarantee,True,KEEP,other-locales
/ko/add-page-numbers,200,text/html; charset=utf-8,[],Public PDF tool,"[""https://pdfpilot.net/ko/add-page-numbers""]","noindex, follow",,[],ko,/add-page-numbers,2,,,26 English upload checks; representative parsed conversions; Portuguese upload checks where approved,Incomplete language coverage or Portuguese demand/capability not validated,False,NOINDEX,other-locales
/ko/base64-decode,404,text/html; charset=utf-8,[],Hidden registry tool; existing launch policy returns 404,[],"noindex, nofollow",,[],ko,/base64-decode,0,,,Not public; not asserted working,"Review capability, impressions and backlinks before any future removal",False,EXISTING_404,other-locales
/ko/base64-encode,404,text/html; charset=utf-8,[],Hidden registry tool; existing launch policy returns 404,[],"noindex, nofollow",,[],ko,/base64-encode,0,,,Not public; not asserted working,"Review capability, impressions and backlinks before any future removal",False,EXISTING_404,other-locales
/ko/column-extractor,404,text/html; charset=utf-8,[],Hidden registry tool; existing launch policy returns 404,[],"noindex, nofollow",,[],ko,/column-extractor,0,,,Not public; not asserted working,"Review capability, impressions and backlinks before any future removal",False,EXISTING_404,other-locales
/ko/compare-pdf,404,text/html; charset=utf-8,[],Hidden registry tool; existing launch policy returns 404,[],"noindex, nofollow",,[],ko,/compare-pdf,0,,,Not public; not asserted working,"Review capability, impressions and backlinks before any future removal",False,EXISTING_404,other-locales
/ko/compress-pdf,308,text/html; charset=utf-8,"[{""from"": ""http://127.0.0.1:4368/ko/compress-pdf"", ""status"": 308, ""to"": ""http://127.0.0.1:4368/ko/pdf-apchuk""}]",Alias redirected to its existing equivalent,"[""https://pdfpilot.net/ko/pdf-apchuk""]","index, follow (default)",,[],ko,/compress-pdf,1,,,One-hop HTTP redirect,One canonical destination,False,REDIRECT,other-locales
/ko/convert-image,404,text/html; charset=utf-8,[],Hidden registry tool; existing launch policy returns 404,[],"noindex, nofollow",,[],ko,/convert-image,0,,,Not public; not asserted working,"Review capability, impressions and backlinks before any future removal",False,EXISTING_404,other-locales
/ko/crop-image,404,text/html; charset=utf-8,[],Hidden registry tool; existing launch policy returns 404,[],"noindex, nofollow",,[],ko,/crop-image,0,,,Not public; not asserted working,"Review capability, impressions and backlinks before any future removal",False,EXISTING_404,other-locales
/ko/crop-pdf,200,text/html; charset=utf-8,[],Public PDF tool,"[""https://pdfpilot.net/ko/crop-pdf""]","noindex, follow",,[],ko,/crop-pdf,2,,,26 English upload checks; representative parsed conversions; Portuguese upload checks where approved,Incomplete language coverage or Portuguese demand/capability not validated,False,NOINDEX,other-locales
/ko/csv-formatter,404,text/html; charset=utf-8,[],Hidden registry tool; existing launch policy returns 404,[],"noindex, nofollow",,[],ko,/csv-formatter,0,,,Not public; not asserted working,"Review capability, impressions and backlinks before any future removal",False,EXISTING_404,other-locales
/ko/csv-merger,404,text/html; charset=utf-8,[],Hidden registry tool; existing launch policy returns 404,[],"noindex, nofollow",,[],ko,/csv-merger,0,,,Not public; not asserted working,"Review capability, impressions and backlinks before any future removal",False,EXISTING_404,other-locales
/ko/csv-splitter,404,text/html; charset=utf-8,[],Hidden registry tool; existing launch policy returns 404,[],"noindex, nofollow",,[],ko,/csv-splitter,0,,,Not public; not asserted working,"Review capability, impressions and backlinks before any future removal",False,EXISTING_404,other-locales
/ko/csv-to-excel,404,text/html; charset=utf-8,[],Hidden registry tool; existing launch policy returns 404,[],"noindex, nofollow",,[],ko,/csv-to-excel,0,,,Not public; not asserted working,"Review capability, impressions and backlinks before any future removal",False,EXISTING_404,other-locales
/ko/csv-to-json,404,text/html; charset=utf-8,[],Hidden registry tool; existing launch policy returns 404,[],"noindex, nofollow",,[],ko,/csv-to-json,0,,,Not public; not asserted working,"Review capability, impressions and backlinks before any future removal",False,EXISTING_404,other-locales
/ko/csv-to-markdown-table,404,text/html; charset=utf-8,[],Hidden registry tool; existing launch policy returns 404,[],"noindex, nofollow",,[],ko,/csv-to-markdown-table,0,,,Not public; not asserted working,"Review capability, impressions and backlinks before any future removal",False,EXISTING_404,other-locales
/ko/csv-to-pdf,404,text/html; charset=utf-8,[],Hidden registry tool; existing launch policy returns 404,[],"noindex, nofollow",,[],ko,/csv-to-pdf,0,,,Not public; not asserted working,"Review capability, impressions and backlinks before any future removal",False,EXISTING_404,other-locales
/ko/csv-to-sql,404,text/html; charset=utf-8,[],Hidden registry tool; existing launch policy returns 404,[],"noindex, nofollow",,[],ko,/csv-to-sql,0,,,Not public; not asserted working,"Review capability, impressions and backlinks before any future removal",False,EXISTING_404,other-locales
/ko/csv-to-tsv,404,text/html; charset=utf-8,[],Hidden registry tool; existing launch policy returns 404,[],"noindex, nofollow",,[],ko,/csv-to-tsv,0,,,Not public; not asserted working,"Review capability, impressions and backlinks before any future removal",False,EXISTING_404,other-locales
/ko/csv-to-xml,404,text/html; charset=utf-8,[],Hidden registry tool; existing launch policy returns 404,[],"noindex, nofollow",,[],ko,/csv-to-xml,0,,,Not public; not asserted working,"Review capability, impressions and backlinks before any future removal",False,EXISTING_404,other-locales
/ko/delete-pages,200,text/html; charset=utf-8,[],Public PDF tool,"[""https://pdfpilot.net/ko/delete-pages""]","noindex, follow",,[],ko,/delete-pages,2,,,26 English upload checks; representative parsed conversions; Portuguese upload checks where approved,Incomplete language coverage or Portuguese demand/capability not validated,False,NOINDEX,other-locales
/ko/duplicate-pages,404,text/html; charset=utf-8,[],Hidden registry tool; existing launch policy returns 404,[],"noindex, nofollow",,[],ko,/duplicate-pages,0,,,Not public; not asserted working,"Review capability, impressions and backlinks before any future removal",False,EXISTING_404,other-locales
/ko/duplicate-row-remover,404,text/html; charset=utf-8,[],Hidden registry tool; existing launch policy returns 404,[],"noindex, nofollow",,[],ko,/duplicate-row-remover,0,,,Not public; not asserted working,"Review capability, impressions and backlinks before any future removal",False,EXISTING_404,other-locales
/ko/edit-pdf,200,text/html; charset=utf-8,[],Public PDF tool,"[""https://pdfpilot.net/ko/edit-pdf""]","noindex, follow",,[],ko,/edit-pdf,2,,,26 English upload checks; representative parsed conversions; Portuguese upload checks where approved,Incomplete language coverage or Portuguese demand/capability not validated,False,NOINDEX,other-locales
/ko/excel-sheet-extractor,404,text/html; charset=utf-8,[],Hidden registry tool; existing launch policy returns 404,[],"noindex, nofollow",,[],ko,/excel-sheet-extractor,0,,,Not public; not asserted working,"Review capability, impressions and backlinks before any future removal",False,EXISTING_404,other-locales
/ko/excel-sheet-merger,404,text/html; charset=utf-8,[],Hidden registry tool; existing launch policy returns 404,[],"noindex, nofollow",,[],ko,/excel-sheet-merger,0,,,Not public; not asserted working,"Review capability, impressions and backlinks before any future removal",False,EXISTING_404,other-locales
/ko/excel-to-csv,404,text/html; charset=utf-8,[],Hidden registry tool; existing launch policy returns 404,[],"noindex, nofollow",,[],ko,/excel-to-csv,0,,,Not public; not asserted working,"Review capability, impressions and backlinks before any future removal",False,EXISTING_404,other-locales
/ko/excel-to-pdf,200,text/html; charset=utf-8,[],Public PDF tool,"[""https://pdfpilot.net/ko/excel-to-pdf""]","noindex, follow",,[],ko,/excel-to-pdf,31,,,26 English upload checks; representative parsed conversions; Portuguese upload checks where approved,Incomplete language coverage or Portuguese demand/capability not validated,False,NOINDEX,other-locales
/ko/excel-to-tsv,404,text/html; charset=utf-8,[],Hidden registry tool; existing launch policy returns 404,[],"noindex, nofollow",,[],ko,/excel-to-tsv,0,,,Not public; not asserted working,"Review capability, impressions and backlinks before any future removal",False,EXISTING_404,other-locales
/ko/excel-to-xml,200,text/html; charset=utf-8,[],Public PDF tool,"[""https://pdfpilot.net/ko/excel-to-xml""]","noindex, follow",,[],ko,/excel-to-xml,2,,,26 English upload checks; representative parsed conversions; Portuguese upload checks where approved,Incomplete language coverage or Portuguese demand/capability not validated,False,NOINDEX,other-locales
/ko/extract-pages,200,text/html; charset=utf-8,[],Public PDF tool,"[""https://pdfpilot.net/ko/extract-pages""]","noindex, follow",,[],ko,/extract-pages,2,,,26 English upload checks; representative parsed conversions; Portuguese upload checks where approved,Incomplete language coverage or Portuguese demand/capability not validated,False,NOINDEX,other-locales
/ko/fill-pdf,200,text/html; charset=utf-8,[],Public PDF tool,"[""https://pdfpilot.net/ko/fill-pdf""]","noindex, follow",,[],ko,/fill-pdf,2,,,26 English upload checks; representative parsed conversions; Portuguese upload checks where approved,Incomplete language coverage or Portuguese demand/capability not validated,False,NOINDEX,other-locales
/ko/heic-to-jpg,404,text/html; charset=utf-8,[],Hidden registry tool; existing launch policy returns 404,[],"noindex, nofollow",,[],ko,/heic-to-jpg,0,,,Not public; not asserted working,"Review capability, impressions and backlinks before any future removal",False,EXISTING_404,other-locales
/ko/heic-to-png,404,text/html; charset=utf-8,[],Hidden registry tool; existing launch policy returns 404,[],"noindex, nofollow",,[],ko,/heic-to-png,0,,,Not public; not asserted working,"Review capability, impressions and backlinks before any future removal",False,EXISTING_404,other-locales
/ko/html-to-markdown,404,text/html; charset=utf-8,[],Hidden registry tool; existing launch policy returns 404,[],"noindex, nofollow",,[],ko,/html-to-markdown,0,,,Not public; not asserted working,"Review capability, impressions and backlinks before any future removal",False,EXISTING_404,other-locales
/ko/html-to-pdf,200,text/html; charset=utf-8,[],Public PDF tool,"[""https://pdfpilot.net/ko/html-to-pdf""]","noindex, follow",,[],ko,/html-to-pdf,2,,,26 English upload checks; representative parsed conversions; Portuguese upload checks where approved,Incomplete language coverage or Portuguese demand/capability not validated,False,NOINDEX,other-locales
/ko/html-to-text,404,text/html; charset=utf-8,[],Hidden registry tool; existing launch policy returns 404,[],"noindex, nofollow",,[],ko,/html-to-text,0,,,Not public; not asserted working,"Review capability, impressions and backlinks before any future removal",False,EXISTING_404,other-locales
/ko/image-metadata,404,text/html; charset=utf-8,[],Hidden registry tool; existing launch policy returns 404,[],"noindex, nofollow",,[],ko,/image-metadata,0,,,Not public; not asserted working,"Review capability, impressions and backlinks before any future removal",False,EXISTING_404,other-locales
/ko/image-watermark,404,text/html; charset=utf-8,[],Hidden registry tool; existing launch policy returns 404,[],"noindex, nofollow",,[],ko,/image-watermark,0,,,Not public; not asserted working,"Review capability, impressions and backlinks before any future removal",False,EXISTING_404,other-locales
/ko/insert-pages,404,text/html; charset=utf-8,[],Hidden registry tool; existing launch policy returns 404,[],"noindex, nofollow",,[],ko,/insert-pages,0,,,Not public; not asserted working,"Review capability, impressions and backlinks before any future removal",False,EXISTING_404,other-locales
/ko/jpg-pdf-byeonhwan,200,text/html; charset=utf-8,[],Public PDF tool,"[""https://pdfpilot.net/ko/jpg-pdf-byeonhwan""]","index, follow (default)",,"[""/sitemaps/families/locales.xml""]",ko,/jpg-to-pdf,31,,,26 English upload checks; representative parsed conversions; Portuguese upload checks where approved,Reviewed SSR help and accurate capability limits,True,KEEP,other-locales
/ko/jpg-to-pdf,308,text/html; charset=utf-8,"[{""from"": ""http://127.0.0.1:4368/ko/jpg-to-pdf"", ""status"": 308, ""to"": ""http://127.0.0.1:4368/ko/jpg-pdf-byeonhwan""}]",Alias redirected to its existing equivalent,"[""https://pdfpilot.net/ko/jpg-pdf-byeonhwan""]","index, follow (default)",,[],ko,/jpg-to-pdf,1,,,One-hop HTTP redirect,One canonical destination,False,REDIRECT,other-locales
/ko/json-diff,404,text/html; charset=utf-8,[],Hidden registry tool; existing launch policy returns 404,[],"noindex, nofollow",,[],ko,/json-diff,0,,,Not public; not asserted working,"Review capability, impressions and backlinks before any future removal",False,EXISTING_404,other-locales
/ko/json-formatter,404,text/html; charset=utf-8,[],Hidden registry tool; existing launch policy returns 404,[],"noindex, nofollow",,[],ko,/json-formatter,0,,,Not public; not asserted working,"Review capability, impressions and backlinks before any future removal",False,EXISTING_404,other-locales
/ko/json-to-csv,404,text/html; charset=utf-8,[],Hidden registry tool; existing launch policy returns 404,[],"noindex, nofollow",,[],ko,/json-to-csv,0,,,Not public; not asserted working,"Review capability, impressions and backlinks before any future removal",False,EXISTING_404,other-locales
/ko/json-to-excel,404,text/html; charset=utf-8,[],Hidden registry tool; existing launch policy returns 404,[],"noindex, nofollow",,[],ko,/json-to-excel,0,,,Not public; not asserted working,"Review capability, impressions and backlinks before any future removal",False,EXISTING_404,other-locales
/ko/json-to-sql,404,text/html; charset=utf-8,[],Hidden registry tool; existing launch policy returns 404,[],"noindex, nofollow",,[],ko,/json-to-sql,0,,,Not public; not asserted working,"Review capability, impressions and backlinks before any future removal",False,EXISTING_404,other-locales
/ko/json-to-xml,404,text/html; charset=utf-8,[],Hidden registry tool; existing launch policy returns 404,[],"noindex, nofollow",,[],ko,/json-to-xml,0,,,Not public; not asserted working,"Review capability, impressions and backlinks before any future removal",False,EXISTING_404,other-locales
/ko/json-to-yaml,404,text/html; charset=utf-8,[],Hidden registry tool; existing launch policy returns 404,[],"noindex, nofollow",,[],ko,/json-to-yaml,0,,,Not public; not asserted working,"Review capability, impressions and backlinks before any future removal",False,EXISTING_404,other-locales
/ko/json-validator,404,text/html; charset=utf-8,[],Hidden registry tool; existing launch policy returns 404,[],"noindex, nofollow",,[],ko,/json-validator,0,,,Not public; not asserted working,"Review capability, impressions and backlinks before any future removal",False,EXISTING_404,other-locales
/ko/lock-pdf,404,text/html; charset=utf-8,[],Hidden registry tool; existing launch policy returns 404,[],"noindex, nofollow",,[],ko,/lock-pdf,0,,,Not public; not asserted working,"Review capability, impressions and backlinks before any future removal",False,EXISTING_404,other-locales
/ko/markdown-to-html,404,text/html; charset=utf-8,[],Hidden registry tool; existing launch policy returns 404,[],"noindex, nofollow",,[],ko,/markdown-to-html,0,,,Not public; not asserted working,"Review capability, impressions and backlinks before any future removal",False,EXISTING_404,other-locales
/ko/markdown-to-pdf,404,text/html; charset=utf-8,[],Hidden registry tool; existing launch policy returns 404,[],"noindex, nofollow",,[],ko,/markdown-to-pdf,0,,,Not public; not asserted working,"Review capability, impressions and backlinks before any future removal",False,EXISTING_404,other-locales
/ko/merge-pdf,308,text/html; charset=utf-8,"[{""from"": ""http://127.0.0.1:4368/ko/merge-pdf"", ""status"": 308, ""to"": ""http://127.0.0.1:4368/ko/pdf-habchigi""}]",Alias redirected to its existing equivalent,"[""https://pdfpilot.net/ko/pdf-habchigi""]","index, follow (default)",,[],ko,/merge-pdf,1,,,One-hop HTTP redirect,One canonical destination,False,REDIRECT,other-locales
/ko/ocr-image,404,text/html; charset=utf-8,[],Hidden registry tool; existing launch policy returns 404,[],"noindex, nofollow",,[],ko,/ocr-image,0,,,Not public; not asserted working,"Review capability, impressions and backlinks before any future removal",False,EXISTING_404,other-locales
/ko/ocr-pdf,200,text/html; charset=utf-8,[],Public PDF tool,"[""https://pdfpilot.net/ko/ocr-pdf""]","noindex, follow",,[],ko,/ocr-pdf,2,,,26 English upload checks; representative parsed conversions; Portuguese upload checks where approved,Incomplete language coverage or Portuguese demand/capability not validated,False,NOINDEX,other-locales
/ko/organize-pdf,200,text/html; charset=utf-8,[],Public PDF tool,"[""https://pdfpilot.net/ko/organize-pdf""]","noindex, follow",,[],ko,/organize-pdf,2,,,26 English upload checks; representative parsed conversions; Portuguese upload checks where approved,Incomplete language coverage or Portuguese demand/capability not validated,False,NOINDEX,other-locales
/ko/pdf-apchuk,200,text/html; charset=utf-8,[],Public PDF tool,"[""https://pdfpilot.net/ko/pdf-apchuk""]","index, follow (default)",,"[""/sitemaps/families/locales.xml""]",ko,/compress-pdf,33,,,26 English upload checks; representative parsed conversions; Portuguese upload checks where approved,Reviewed SSR help and accurate capability limits,True,KEEP,other-locales
/ko/pdf-bunhal,200,text/html; charset=utf-8,[],Public PDF tool,"[""https://pdfpilot.net/ko/pdf-bunhal""]","index, follow (default)",,"[""/sitemaps/families/locales.xml""]",ko,/split-pdf,33,,,26 English upload checks; representative parsed conversions; Portuguese upload checks where approved,Reviewed SSR help and accurate capability limits,True,KEEP,other-locales
/ko/pdf-habchigi,200,text/html; charset=utf-8,[],Public PDF tool,"[""https://pdfpilot.net/ko/pdf-habchigi""]","index, follow (default)",,"[""/sitemaps/families/locales.xml""]",ko,/merge-pdf,33,,,26 English upload checks; representative parsed conversions; Portuguese upload checks where approved,Reviewed SSR help and accurate capability limits,True,KEEP,other-locales
/ko/pdf-jpg-byeonhwan,200,text/html; charset=utf-8,[],Public PDF tool,"[""https://pdfpilot.net/ko/pdf-jpg-byeonhwan""]","index, follow (default)",,"[""/sitemaps/families/locales.xml""]",ko,/pdf-to-jpg,31,,,26 English upload checks; representative parsed conversions; Portuguese upload checks where approved,Reviewed SSR help and accurate capability limits,True,KEEP,other-locales
/ko/pdf-metadata-editor,404,text/html; charset=utf-8,[],Hidden registry tool; existing launch policy returns 404,[],"noindex, nofollow",,[],ko,/pdf-metadata-editor,0,,,Not public; not asserted working,"Review capability, impressions and backlinks before any future removal",False,EXISTING_404,other-locales
/ko/pdf-to-excel,200,text/html; charset=utf-8,[],Public PDF tool,"[""https://pdfpilot.net/ko/pdf-to-excel""]","noindex, follow",,[],ko,/pdf-to-excel,2,,,26 English upload checks; representative parsed conversions; Portuguese upload checks where approved,Incomplete language coverage or Portuguese demand/capability not validated,False,NOINDEX,other-locales
/ko/pdf-to-jpg,308,text/html; charset=utf-8,"[{""from"": ""http://127.0.0.1:4368/ko/pdf-to-jpg"", ""status"": 308, ""to"": ""http://127.0.0.1:4368/ko/pdf-jpg-byeonhwan""}]",Alias redirected to its existing equivalent,"[""https://pdfpilot.net/ko/pdf-jpg-byeonhwan""]","index, follow (default)",,[],ko,/pdf-to-jpg,1,,,One-hop HTTP redirect,One canonical destination,False,REDIRECT,other-locales
/ko/pdf-to-pdfa,200,text/html; charset=utf-8,[],Public PDF tool,"[""https://pdfpilot.net/ko/pdf-to-pdfa""]","noindex, follow",,[],ko,/pdf-to-pdfa,2,,,26 English upload checks; representative parsed conversions; Portuguese upload checks where approved,Incomplete language coverage or Portuguese demand/capability not validated,False,NOINDEX,other-locales
/ko/pdf-to-powerpoint,200,text/html; charset=utf-8,[],Public PDF tool,"[""https://pdfpilot.net/ko/pdf-to-powerpoint""]","noindex, follow",,[],ko,/pdf-to-powerpoint,2,,,26 English upload checks; representative parsed conversions; Portuguese upload checks where approved,Incomplete language coverage or Portuguese demand/capability not validated,False,NOINDEX,other-locales
/ko/pdf-to-word,200,text/html; charset=utf-8,[],Public PDF tool,"[""https://pdfpilot.net/ko/pdf-to-word""]","noindex, follow",,[],ko,/pdf-to-word,2,,,26 English upload checks; representative parsed conversions; Portuguese upload checks where approved,Incomplete language coverage or Portuguese demand/capability not validated,False,NOINDEX,other-locales
/ko/powerpoint-to-pdf,200,text/html; charset=utf-8,[],Public PDF tool,"[""https://pdfpilot.net/ko/powerpoint-to-pdf""]","noindex, follow",,[],ko,/powerpoint-to-pdf,31,,,26 English upload checks; representative parsed conversions; Portuguese upload checks where approved,Incomplete language coverage or Portuguese demand/capability not validated,False,NOINDEX,other-locales
/ko/repair-pdf,200,text/html; charset=utf-8,[],Public PDF tool,"[""https://pdfpilot.net/ko/repair-pdf""]","noindex, follow",,[],ko,/repair-pdf,2,,,26 English upload checks; representative parsed conversions; Portuguese upload checks where approved,Incomplete language coverage or Portuguese demand/capability not validated,False,NOINDEX,other-locales
/ko/resize-image,404,text/html; charset=utf-8,[],Hidden registry tool; existing launch policy returns 404,[],"noindex, nofollow",,[],ko,/resize-image,0,,,Not public; not asserted working,"Review capability, impressions and backlinks before any future removal",False,EXISTING_404,other-locales
/ko/rotate-image,404,text/html; charset=utf-8,[],Hidden registry tool; existing launch policy returns 404,[],"noindex, nofollow",,[],ko,/rotate-image,0,,,Not public; not asserted working,"Review capability, impressions and backlinks before any future removal",False,EXISTING_404,other-locales
/ko/rotate-pdf,200,text/html; charset=utf-8,[],Public PDF tool,"[""https://pdfpilot.net/ko/rotate-pdf""]","noindex, follow",,[],ko,/rotate-pdf,2,,,26 English upload checks; representative parsed conversions; Portuguese upload checks where approved,Incomplete language coverage or Portuguese demand/capability not validated,False,NOINDEX,other-locales
/ko/scan-pdf,200,text/html; charset=utf-8,[],Public PDF tool,"[""https://pdfpilot.net/ko/scan-pdf""]","noindex, follow",,[],ko,/scan-pdf,2,,,26 English upload checks; representative parsed conversions; Portuguese upload checks where approved,Incomplete language coverage or Portuguese demand/capability not validated,False,NOINDEX,other-locales
/ko/split-pdf,308,text/html; charset=utf-8,"[{""from"": ""http://127.0.0.1:4368/ko/split-pdf"", ""status"": 308, ""to"": ""http://127.0.0.1:4368/ko/pdf-bunhal""}]",Alias redirected to its existing equivalent,"[""https://pdfpilot.net/ko/pdf-bunhal""]","index, follow (default)",,[],ko,/split-pdf,1,,,One-hop HTTP redirect,One canonical destination,False,REDIRECT,other-locales
/ko/sql-to-csv,404,text/html; charset=utf-8,[],Hidden registry tool; existing launch policy returns 404,[],"noindex, nofollow",,[],ko,/sql-to-csv,0,,,Not public; not asserted working,"Review capability, impressions and backlinks before any future removal",False,EXISTING_404,other-locales
/ko/sql-to-json,404,text/html; charset=utf-8,[],Hidden registry tool; existing launch policy returns 404,[],"noindex, nofollow",,[],ko,/sql-to-json,0,,,Not public; not asserted working,"Review capability, impressions and backlinks before any future removal",False,EXISTING_404,other-locales
/ko/summary-generator,404,text/html; charset=utf-8,[],Hidden registry tool; existing launch policy returns 404,[],"noindex, nofollow",,[],ko,/summary-generator,0,,,Not public; not asserted working,"Review capability, impressions and backlinks before any future removal",False,EXISTING_404,other-locales
/ko/text-to-html,404,text/html; charset=utf-8,[],Hidden registry tool; existing launch policy returns 404,[],"noindex, nofollow",,[],ko,/text-to-html,0,,,Not public; not asserted working,"Review capability, impressions and backlinks before any future removal",False,EXISTING_404,other-locales
/ko/tsv-to-csv,404,text/html; charset=utf-8,[],Hidden registry tool; existing launch policy returns 404,[],"noindex, nofollow",,[],ko,/tsv-to-csv,0,,,Not public; not asserted working,"Review capability, impressions and backlinks before any future removal",False,EXISTING_404,other-locales
/ko/tsv-to-excel,404,text/html; charset=utf-8,[],Hidden registry tool; existing launch policy returns 404,[],"noindex, nofollow",,[],ko,/tsv-to-excel,0,,,Not public; not asserted working,"Review capability, impressions and backlinks before any future removal",False,EXISTING_404,other-locales
/ko/txt-to-pdf,404,text/html; charset=utf-8,[],Hidden registry tool; existing launch policy returns 404,[],"noindex, nofollow",,[],ko,/txt-to-pdf,0,,,Not public; not asserted working,"Review capability, impressions and backlinks before any future removal",False,EXISTING_404,other-locales
/ko/unlock-pdf,404,text/html; charset=utf-8,[],Hidden registry tool; existing launch policy returns 404,[],"noindex, nofollow",,[],ko,/unlock-pdf,0,,,Not public; not asserted working,"Review capability, impressions and backlinks before any future removal",False,EXISTING_404,other-locales
/ko/url-decode,404,text/html; charset=utf-8,[],Hidden registry tool; existing launch policy returns 404,[],"noindex, nofollow",,[],ko,/url-decode,0,,,Not public; not asserted working,"Review capability, impressions and backlinks before any future removal",False,EXISTING_404,other-locales
/ko/url-encode,404,text/html; charset=utf-8,[],Hidden registry tool; existing launch policy returns 404,[],"noindex, nofollow",,[],ko,/url-encode,0,,,Not public; not asserted working,"Review capability, impressions and backlinks before any future removal",False,EXISTING_404,other-locales
/ko/watermark-pdf,200,text/html; charset=utf-8,[],Public PDF tool,"[""https://pdfpilot.net/ko/watermark-pdf""]","noindex, follow",,[],ko,/watermark-pdf,2,,,26 English upload checks; representative parsed conversions; Portuguese upload checks where approved,Incomplete language coverage or Portuguese demand/capability not validated,False,NOINDEX,other-locales
/ko/word-to-pdf,200,text/html; charset=utf-8,[],Public PDF tool,"[""https://pdfpilot.net/ko/word-to-pdf""]","noindex, follow",,[],ko,/word-to-pdf,31,,,26 English upload checks; representative parsed conversions; Portuguese upload checks where approved,Incomplete language coverage or Portuguese demand/capability not validated,False,NOINDEX,other-locales
/ko/xml-to-csv,404,text/html; charset=utf-8,[],Hidden registry tool; existing launch policy returns 404,[],"noindex, nofollow",,[],ko,/xml-to-csv,0,,,Not public; not asserted working,"Review capability, impressions and backlinks before any future removal",False,EXISTING_404,other-locales
/ko/xml-to-excel,404,text/html; charset=utf-8,[],Hidden registry tool; existing launch policy returns 404,[],"noindex, nofollow",,[],ko,/xml-to-excel,0,,,Not public; not asserted working,"Review capability, impressions and backlinks before any future removal",False,EXISTING_404,other-locales
/ko/xml-to-json,404,text/html; charset=utf-8,[],Hidden registry tool; existing launch policy returns 404,[],"noindex, nofollow",,[],ko,/xml-to-json,0,,,Not public; not asserted working,"Review capability, impressions and backlinks before any future removal",False,EXISTING_404,other-locales
/ko/xml-to-yaml,404,text/html; charset=utf-8,[],Hidden registry tool; existing launch policy returns 404,[],"noindex, nofollow",,[],ko,/xml-to-yaml,0,,,Not public; not asserted working,"Review capability, impressions and backlinks before any future removal",False,EXISTING_404,other-locales
/ko/xml-validator,404,text/html; charset=utf-8,[],Hidden registry tool; existing launch policy returns 404,[],"noindex, nofollow",,[],ko,/xml-validator,0,,,Not public; not asserted working,"Review capability, impressions and backlinks before any future removal",False,EXISTING_404,other-locales
/ko/yaml-to-json,404,text/html; charset=utf-8,[],Hidden registry tool; existing launch policy returns 404,[],"noindex, nofollow",,[],ko,/yaml-to-json,0,,,Not public; not asserted working,"Review capability, impressions and backlinks before any future removal",False,EXISTING_404,other-locales
/ko/yaml-to-xml,404,text/html; charset=utf-8,[],Hidden registry tool; existing launch policy returns 404,[],"noindex, nofollow",,[],ko,/yaml-to-xml,0,,,Not public; not asserted working,"Review capability, impressions and backlinks before any future removal",False,EXISTING_404,other-locales
/lock-pdf,404,text/html; charset=utf-8,[],Hidden registry tool; existing launch policy returns 404,[],"noindex, nofollow",,[],en,/lock-pdf,0,,,Not public; not asserted working,"Review capability, impressions and backlinks before any future removal",False,EXISTING_404,resources
/markdown-table-to-csv,404,text/html; charset=utf-8,[],Hidden registry tool; existing launch policy returns 404,[],"noindex, nofollow",,[],en,/markdown-table-to-csv,0,,,Not public; not asserted working,"Review capability, impressions and backlinks before any future removal",False,EXISTING_404,resources
/markdown-to-html,404,text/html; charset=utf-8,[],Hidden registry tool; existing launch policy returns 404,[],"noindex, nofollow",,[],en,/markdown-to-html,0,,,Not public; not asserted working,"Review capability, impressions and backlinks before any future removal",False,EXISTING_404,resources
/markdown-to-pdf,404,text/html; charset=utf-8,[],Hidden registry tool; existing launch policy returns 404,[],"noindex, nofollow",,[],en,/markdown-to-pdf,0,,,Not public; not asserted working,"Review capability, impressions and backlinks before any future removal",False,EXISTING_404,resources
/merge-pdf,200,text/html; charset=utf-8,[],Public PDF tool,"[""https://pdfpilot.net/merge-pdf""]","index, follow (default)",,"[""/sitemaps/families/core.xml""]",en,/merge-pdf,180,,,26 English upload checks; representative parsed conversions; Portuguese upload checks where approved,Reviewed SSR help and accurate capability limits,True,KEEP,core
/ocr-image,404,text/html; charset=utf-8,[],Hidden registry tool; existing launch policy returns 404,[],"noindex, nofollow",,[],en,/ocr-image,0,,,Not public; not asserted working,"Review capability, impressions and backlinks before any future removal",False,EXISTING_404,resources
/ocr-pdf,200,text/html; charset=utf-8,[],Public PDF tool,"[""https://pdfpilot.net/ocr-pdf""]","index, follow (default)",,"[""/sitemaps/families/core.xml""]",en,/ocr-pdf,5,,,26 English upload checks; representative parsed conversions; Portuguese upload checks where approved,Reviewed SSR help and accurate capability limits,True,KEEP,core
/organize-pdf,200,text/html; charset=utf-8,[],Public PDF tool,"[""https://pdfpilot.net/organize-pdf""]","index, follow (default)",,"[""/sitemaps/families/core.xml""]",en,/organize-pdf,3,,,26 English upload checks; representative parsed conversions; Portuguese upload checks where approved,Reviewed SSR help and accurate capability limits,True,KEEP,core
/pdf-metadata-editor,404,text/html; charset=utf-8,[],Hidden registry tool; existing launch policy returns 404,[],"noindex, nofollow",,[],en,/pdf-metadata-editor,0,,,Not public; not asserted working,"Review capability, impressions and backlinks before any future removal",False,EXISTING_404,resources
/pdf-to-excel,200,text/html; charset=utf-8,[],Public PDF tool,"[""https://pdfpilot.net/pdf-to-excel""]","index, follow (default)",,"[""/sitemaps/families/core.xml""]",en,/pdf-to-excel,5,,,26 English upload checks; representative parsed conversions; Portuguese upload checks where approved,Reviewed SSR help and accurate capability limits,True,KEEP,core
/pdf-to-excel-bank-statements,200,text/html; charset=utf-8,[],Reviewed distinct task: Bank Statement PDF to Excel,"[""https://pdfpilot.net/pdf-to-excel-bank-statements""]","index, follow",,"[""/sitemaps/pseo/use-case-0.xml""]",en,pdf-to-excel,14,https://pdfpilot.net/pdf-to-excel-bank-statements,,Parsed upload/process/download browser evidence,Distinct task guidance and real tool; editorial gate passed,True,KEEP,pseo-en
/pdf-to-jpg,200,text/html; charset=utf-8,[],Public PDF tool,"[""https://pdfpilot.net/pdf-to-jpg""]","index, follow (default)",,"[""/sitemaps/families/core.xml""]",en,/pdf-to-jpg,178,,,26 English upload checks; representative parsed conversions; Portuguese upload checks where approved,Reviewed SSR help and accurate capability limits,True,KEEP,core
/pdf-to-pdfa,200,text/html; charset=utf-8,[],Public PDF tool,"[""https://pdfpilot.net/pdf-to-pdfa""]","index, follow (default)",,"[""/sitemaps/families/core.xml""]",en,/pdf-to-pdfa,4,,,26 English upload checks; representative parsed conversions; Portuguese upload checks where approved,Reviewed SSR help and accurate capability limits,True,KEEP,core
/pdf-to-powerpoint,200,text/html; charset=utf-8,[],Public PDF tool,"[""https://pdfpilot.net/pdf-to-powerpoint""]","index, follow (default)",,"[""/sitemaps/families/core.xml""]",en,/pdf-to-powerpoint,5,,,26 English upload checks; representative parsed conversions; Portuguese upload checks where approved,Reviewed SSR help and accurate capability limits,True,KEEP,core
/pdf-to-powerpoint-on-mac,200,text/html; charset=utf-8,[],Reviewed distinct task: PDF to PowerPoint on Mac,"[""https://pdfpilot.net/pdf-to-powerpoint-on-mac""]","index, follow",,"[""/sitemaps/pseo/platform-0.xml""]",en,pdf-to-powerpoint,14,https://pdfpilot.net/pdf-to-powerpoint-on-mac,,Parsed upload/process/download browser evidence,Distinct task guidance and real tool; editorial gate passed,True,KEEP,pseo-en
/pdf-to-word,200,text/html; charset=utf-8,[],Public PDF tool,"[""https://pdfpilot.net/pdf-to-word""]","index, follow (default)",,"[""/sitemaps/families/core.xml""]",en,/pdf-to-word,8,,,26 English upload checks; representative parsed conversions; Portuguese upload checks where approved,Reviewed SSR help and accurate capability limits,True,KEEP,core
/pdf-to-word-on-mac,200,text/html; charset=utf-8,[],Reviewed distinct task: PDF to Word on Mac,"[""https://pdfpilot.net/pdf-to-word-on-mac""]","index, follow",,"[""/sitemaps/pseo/platform-0.xml""]",en,pdf-to-word,15,https://pdfpilot.net/pdf-to-word-on-mac,,Parsed upload/process/download browser evidence,Distinct task guidance and real tool; editorial gate passed,True,KEEP,pseo-en
/pdf-to-word-scanned,200,text/html; charset=utf-8,[],Reviewed distinct task: Scanned PDF to Word with OCR,"[""https://pdfpilot.net/pdf-to-word-scanned""]","index, follow",,"[""/sitemaps/pseo/use-case-0.xml""]",en,pdf-to-word,15,https://pdfpilot.net/pdf-to-word-scanned,,Parsed upload/process/download browser evidence,Distinct task guidance and real tool; editorial gate passed,True,KEEP,pseo-en
/pdf-workflows,200,text/html; charset=utf-8,[],"Public hub, resource or utility","[""https://pdfpilot.net/pdf-workflows""]","index, follow (default)",,"[""/sitemaps/families/workflows-templates.xml""]",en,,607,,,HTTP and link checks; not every instructional claim or template manually executed,Keep subject to per-route content review; no ranking guarantee,True,KEEP,workflows-templates
/pdf-workflows/combine-word-documents-to-pdf,200,text/html; charset=utf-8,[],"Public hub, resource or utility","[""https://pdfpilot.net/pdf-workflows/combine-word-documents-to-pdf""]","index, follow (default)",,"[""/sitemaps/families/workflows-templates.xml""]",en,,42,,,HTTP and link checks; not every instructional claim or template manually executed,Keep subject to per-route content review; no ranking guarantee,True,KEEP,workflows-templates
/pdf-workflows/extract-and-compress-pdf,200,text/html; charset=utf-8,[],"Public hub, resource or utility","[""https://pdfpilot.net/pdf-workflows/extract-and-compress-pdf""]","index, follow (default)",,"[""/sitemaps/families/workflows-templates.xml""]",en,,40,,,HTTP and link checks; not every instructional claim or template manually executed,Keep subject to per-route content review; no ranking guarantee,True,KEEP,workflows-templates
/pdf-workflows/merge-and-compress-pdf,200,text/html; charset=utf-8,[],"Public hub, resource or utility","[""https://pdfpilot.net/pdf-workflows/merge-and-compress-pdf""]","index, follow (default)",,"[""/sitemaps/families/workflows-templates.xml""]",en,,58,,,HTTP and link checks; not every instructional claim or template manually executed,Keep subject to per-route content review; no ranking guarantee,True,KEEP,workflows-templates
/pdf-workflows/merge-pdf-and-add-page-numbers,200,text/html; charset=utf-8,[],"Public hub, resource or utility","[""https://pdfpilot.net/pdf-workflows/merge-pdf-and-add-page-numbers""]","index, follow (default)",,"[""/sitemaps/families/workflows-templates.xml""]",en,,43,,,HTTP and link checks; not every instructional claim or template manually executed,Keep subject to per-route content review; no ranking guarantee,True,KEEP,workflows-templates
/pdf-workflows/merge-pdf-and-watermark,200,text/html; charset=utf-8,[],"Public hub, resource or utility","[""https://pdfpilot.net/pdf-workflows/merge-pdf-and-watermark""]","index, follow (default)",,"[""/sitemaps/families/workflows-templates.xml""]",en,,43,,,HTTP and link checks; not every instructional claim or template manually executed,Keep subject to per-route content review; no ranking guarantee,True,KEEP,workflows-templates
/pdf-workflows/word-to-pdf-and-compress,200,text/html; charset=utf-8,[],"Public hub, resource or utility","[""https://pdfpilot.net/pdf-workflows/word-to-pdf-and-compress""]","index, follow (default)",,"[""/sitemaps/families/workflows-templates.xml""]",en,,42,,,HTTP and link checks; not every instructional claim or template manually executed,Keep subject to per-route content review; no ranking guarantee,True,KEEP,workflows-templates
/png-to-pdf,200,text/html; charset=utf-8,[],Reviewed distinct task: PNG to PDF,"[""https://pdfpilot.net/png-to-pdf""]","index, follow",,"[""/sitemaps/pseo/format-0.xml""]",en,jpg-to-pdf,26,https://pdfpilot.net/png-to-pdf,,Parsed upload/process/download browser evidence,Distinct task guidance and real tool; editorial gate passed,True,KEEP,pseo-en
/powerpoint-to-pdf,200,text/html; charset=utf-8,[],Public PDF tool,"[""https://pdfpilot.net/powerpoint-to-pdf""]","index, follow (default)",,"[""/sitemaps/families/core.xml""]",en,/powerpoint-to-pdf,177,,,26 English upload checks; representative parsed conversions; Portuguese upload checks where approved,Reviewed SSR help and accurate capability limits,True,KEEP,core
/privacy,200,text/html; charset=utf-8,[],"Public hub, resource or utility","[""https://pdfpilot.net/privacy""]","index, follow (default)",,"[""/sitemaps/families/core.xml""]",en,,503,,,HTTP and link checks; not every instructional claim or template manually executed,Keep subject to per-route content review; no ranking guarantee,True,KEEP,core
/pt-br,200,text/html; charset=utf-8,[],"Public hub, resource or utility","[""https://pdfpilot.net/pt-br""]","index, follow (default)",,"[""/sitemaps/families/pt-br.xml""]",pt-BR,,35,,,HTTP and link checks; not every instructional claim or template manually executed,Keep subject to per-route content review; no ranking guarantee,True,KEEP,pt-br
/pt-br/add-page-numbers,200,text/html; charset=utf-8,[],Public PDF tool,"[""https://pdfpilot.net/pt-br/add-page-numbers""]","noindex, follow",,[],pt-BR,/add-page-numbers,2,,,26 English upload checks; representative parsed conversions; Portuguese upload checks where approved,Incomplete language coverage or Portuguese demand/capability not validated,False,NOINDEX,pt-br
/pt-br/base64-decode,404,text/html; charset=utf-8,[],Hidden registry tool; existing launch policy returns 404,[],"noindex, nofollow",,[],pt-BR,/base64-decode,0,,,Not public; not asserted working,"Review capability, impressions and backlinks before any future removal",False,EXISTING_404,pt-br
/pt-br/base64-encode,404,text/html; charset=utf-8,[],Hidden registry tool; existing launch policy returns 404,[],"noindex, nofollow",,[],pt-BR,/base64-encode,0,,,Not public; not asserted working,"Review capability, impressions and backlinks before any future removal",False,EXISTING_404,pt-br
/pt-br/column-extractor,404,text/html; charset=utf-8,[],Hidden registry tool; existing launch policy returns 404,[],"noindex, nofollow",,[],pt-BR,/column-extractor,0,,,Not public; not asserted working,"Review capability, impressions and backlinks before any future removal",False,EXISTING_404,pt-br
/pt-br/compare-pdf,404,text/html; charset=utf-8,[],Hidden registry tool; existing launch policy returns 404,[],"noindex, nofollow",,[],pt-BR,/compare-pdf,0,,,Not public; not asserted working,"Review capability, impressions and backlinks before any future removal",False,EXISTING_404,pt-br
/pt-br/compress-pdf,308,text/html; charset=utf-8,"[{""from"": ""http://127.0.0.1:4368/pt-br/compress-pdf"", ""status"": 308, ""to"": ""http://127.0.0.1:4368/pt-br/comprimir-pdf""}]",Alias redirected to its existing equivalent,"[""https://pdfpilot.net/pt-br/comprimir-pdf""]","index, follow (default)",,[],pt-BR,/compress-pdf,1,,,One-hop HTTP redirect,One canonical destination,False,REDIRECT,pt-br
/pt-br/comprimir-pdf,200,text/html; charset=utf-8,[],Public PDF tool,"[""https://pdfpilot.net/pt-br/comprimir-pdf""]","index, follow (default)",,"[""/sitemaps/families/pt-br.xml""]",pt-BR,/compress-pdf,35,,,26 English upload checks; representative parsed conversions; Portuguese upload checks where approved,Reviewed SSR help and accurate capability limits,True,KEEP,pt-br
/pt-br/convert-image,404,text/html; charset=utf-8,[],Hidden registry tool; existing launch policy returns 404,[],"noindex, nofollow",,[],pt-BR,/convert-image,0,,,Not public; not asserted working,"Review capability, impressions and backlinks before any future removal",False,EXISTING_404,pt-br
/pt-br/crop-image,404,text/html; charset=utf-8,[],Hidden registry tool; existing launch policy returns 404,[],"noindex, nofollow",,[],pt-BR,/crop-image,0,,,Not public; not asserted working,"Review capability, impressions and backlinks before any future removal",False,EXISTING_404,pt-br
/pt-br/crop-pdf,200,text/html; charset=utf-8,[],Public PDF tool,"[""https://pdfpilot.net/pt-br/crop-pdf""]","index, follow",,"[""/sitemaps/families/pt-br.xml""]",pt-BR,/crop-pdf,2,,,26 English upload checks; representative parsed conversions; Portuguese upload checks where approved,Reviewed SSR help and accurate capability limits,True,KEEP,pt-br
/pt-br/csv-cleaner,404,text/html; charset=utf-8,[],Hidden registry tool; existing launch policy returns 404,[],"noindex, nofollow",,[],pt-BR,/csv-cleaner,0,,,Not public; not asserted working,"Review capability, impressions and backlinks before any future removal",False,EXISTING_404,pt-br
/pt-br/csv-formatter,404,text/html; charset=utf-8,[],Hidden registry tool; existing launch policy returns 404,[],"noindex, nofollow",,[],pt-BR,/csv-formatter,0,,,Not public; not asserted working,"Review capability, impressions and backlinks before any future removal",False,EXISTING_404,pt-br
/pt-br/csv-merger,404,text/html; charset=utf-8,[],Hidden registry tool; existing launch policy returns 404,[],"noindex, nofollow",,[],pt-BR,/csv-merger,0,,,Not public; not asserted working,"Review capability, impressions and backlinks before any future removal",False,EXISTING_404,pt-br
/pt-br/csv-splitter,404,text/html; charset=utf-8,[],Hidden registry tool; existing launch policy returns 404,[],"noindex, nofollow",,[],pt-BR,/csv-splitter,0,,,Not public; not asserted working,"Review capability, impressions and backlinks before any future removal",False,EXISTING_404,pt-br
/pt-br/csv-to-excel,404,text/html; charset=utf-8,[],Hidden registry tool; existing launch policy returns 404,[],"noindex, nofollow",,[],pt-BR,/csv-to-excel,0,,,Not public; not asserted working,"Review capability, impressions and backlinks before any future removal",False,EXISTING_404,pt-br
/pt-br/csv-to-markdown-table,404,text/html; charset=utf-8,[],Hidden registry tool; existing launch policy returns 404,[],"noindex, nofollow",,[],pt-BR,/csv-to-markdown-table,0,,,Not public; not asserted working,"Review capability, impressions and backlinks before any future removal",False,EXISTING_404,pt-br
/pt-br/csv-to-pdf,404,text/html; charset=utf-8,[],Hidden registry tool; existing launch policy returns 404,[],"noindex, nofollow",,[],pt-BR,/csv-to-pdf,0,,,Not public; not asserted working,"Review capability, impressions and backlinks before any future removal",False,EXISTING_404,pt-br
/pt-br/csv-to-sql,404,text/html; charset=utf-8,[],Hidden registry tool; existing launch policy returns 404,[],"noindex, nofollow",,[],pt-BR,/csv-to-sql,0,,,Not public; not asserted working,"Review capability, impressions and backlinks before any future removal",False,EXISTING_404,pt-br
/pt-br/csv-to-tsv,404,text/html; charset=utf-8,[],Hidden registry tool; existing launch policy returns 404,[],"noindex, nofollow",,[],pt-BR,/csv-to-tsv,0,,,Not public; not asserted working,"Review capability, impressions and backlinks before any future removal",False,EXISTING_404,pt-br
/pt-br/csv-to-xml,404,text/html; charset=utf-8,[],Hidden registry tool; existing launch policy returns 404,[],"noindex, nofollow",,[],pt-BR,/csv-to-xml,0,,,Not public; not asserted working,"Review capability, impressions and backlinks before any future removal",False,EXISTING_404,pt-br
/pt-br/delete-pages,200,text/html; charset=utf-8,[],Public PDF tool,"[""https://pdfpilot.net/pt-br/delete-pages""]","index, follow",,"[""/sitemaps/families/pt-br.xml""]",pt-BR,/delete-pages,2,,,26 English upload checks; representative parsed conversions; Portuguese upload checks where approved,Reviewed SSR help and accurate capability limits,True,KEEP,pt-br
/pt-br/dividir-pdf,200,text/html; charset=utf-8,[],Public PDF tool,"[""https://pdfpilot.net/pt-br/dividir-pdf""]","index, follow (default)",,"[""/sitemaps/families/pt-br.xml""]",pt-BR,/split-pdf,35,,,26 English upload checks; representative parsed conversions; Portuguese upload checks where approved,Reviewed SSR help and accurate capability limits,True,KEEP,pt-br
/pt-br/docx-merge,404,text/html; charset=utf-8,[],Hidden registry tool; existing launch policy returns 404,[],"noindex, nofollow",,[],pt-BR,/docx-merge,0,,,Not public; not asserted working,"Review capability, impressions and backlinks before any future removal",False,EXISTING_404,pt-br
/pt-br/duplicate-pages,404,text/html; charset=utf-8,[],Hidden registry tool; existing launch policy returns 404,[],"noindex, nofollow",,[],pt-BR,/duplicate-pages,0,,,Not public; not asserted working,"Review capability, impressions and backlinks before any future removal",False,EXISTING_404,pt-br
/pt-br/duplicate-row-remover,404,text/html; charset=utf-8,[],Hidden registry tool; existing launch policy returns 404,[],"noindex, nofollow",,[],pt-BR,/duplicate-row-remover,0,,,Not public; not asserted working,"Review capability, impressions and backlinks before any future removal",False,EXISTING_404,pt-br
/pt-br/edit-pdf,200,text/html; charset=utf-8,[],Public PDF tool,"[""https://pdfpilot.net/pt-br/edit-pdf""]","index, follow",,"[""/sitemaps/families/pt-br.xml""]",pt-BR,/edit-pdf,3,,,26 English upload checks; representative parsed conversions; Portuguese upload checks where approved,Reviewed SSR help and accurate capability limits,True,KEEP,pt-br
/pt-br/editar-curriculo-pdf,200,text/html; charset=utf-8,[],Reviewed distinct task: Editar currículo em PDF,"[""https://pdfpilot.net/pt-br/editar-curriculo-pdf""]","index, follow",,"[""/sitemaps/pseo/pt-br-use-case-0.xml""]",pt-BR,edit-pdf,3,https://pdfpilot.net/pt-br/editar-curriculo-pdf,,Parsed upload/process/download browser evidence,Distinct task guidance and real tool; editorial gate passed,True,KEEP,pseo-pt-BR
/pt-br/excel-sheet-extractor,404,text/html; charset=utf-8,[],Hidden registry tool; existing launch policy returns 404,[],"noindex, nofollow",,[],pt-BR,/excel-sheet-extractor,0,,,Not public; not asserted working,"Review capability, impressions and backlinks before any future removal",False,EXISTING_404,pt-br
/pt-br/excel-sheet-merger,404,text/html; charset=utf-8,[],Hidden registry tool; existing launch policy returns 404,[],"noindex, nofollow",,[],pt-BR,/excel-sheet-merger,0,,,Not public; not asserted working,"Review capability, impressions and backlinks before any future removal",False,EXISTING_404,pt-br
/pt-br/excel-to-csv,404,text/html; charset=utf-8,[],Hidden registry tool; existing launch policy returns 404,[],"noindex, nofollow",,[],pt-BR,/excel-to-csv,0,,,Not public; not asserted working,"Review capability, impressions and backlinks before any future removal",False,EXISTING_404,pt-br
/pt-br/excel-to-json,404,text/html; charset=utf-8,[],Hidden registry tool; existing launch policy returns 404,[],"noindex, nofollow",,[],pt-BR,/excel-to-json,0,,,Not public; not asserted working,"Review capability, impressions and backlinks before any future removal",False,EXISTING_404,pt-br
/pt-br/excel-to-pdf,200,text/html; charset=utf-8,[],Public PDF tool,"[""https://pdfpilot.net/pt-br/excel-to-pdf""]","index, follow",,"[""/sitemaps/families/pt-br.xml""]",pt-BR,/excel-to-pdf,33,,,26 English upload checks; representative parsed conversions; Portuguese upload checks where approved,Reviewed SSR help and accurate capability limits,True,KEEP,pt-br
/pt-br/excel-to-tsv,404,text/html; charset=utf-8,[],Hidden registry tool; existing launch policy returns 404,[],"noindex, nofollow",,[],pt-BR,/excel-to-tsv,0,,,Not public; not asserted working,"Review capability, impressions and backlinks before any future removal",False,EXISTING_404,pt-br
/pt-br/excel-to-xml,200,text/html; charset=utf-8,[],Public PDF tool,"[""https://pdfpilot.net/pt-br/excel-to-xml""]","noindex, follow",,[],pt-BR,/excel-to-xml,2,,,26 English upload checks; representative parsed conversions; Portuguese upload checks where approved,Incomplete language coverage or Portuguese demand/capability not validated,False,NOINDEX,pt-br
/pt-br/extract-pages,200,text/html; charset=utf-8,[],Public PDF tool,"[""https://pdfpilot.net/pt-br/extract-pages""]","noindex, follow",,[],pt-BR,/extract-pages,2,,,26 English upload checks; representative parsed conversions; Portuguese upload checks where approved,Incomplete language coverage or Portuguese demand/capability not validated,False,NOINDEX,pt-br
/pt-br/fill-pdf,200,text/html; charset=utf-8,[],Public PDF tool,"[""https://pdfpilot.net/pt-br/fill-pdf""]","index, follow",,"[""/sitemaps/families/pt-br.xml""]",pt-BR,/fill-pdf,2,,,26 English upload checks; representative parsed conversions; Portuguese upload checks where approved,Reviewed SSR help and accurate capability limits,True,KEEP,pt-br
/pt-br/flatten-pdf,404,text/html; charset=utf-8,[],Hidden registry tool; existing launch policy returns 404,[],"noindex, nofollow",,[],pt-BR,/flatten-pdf,0,,,Not public; not asserted working,"Review capability, impressions and backlinks before any future removal",False,EXISTING_404,pt-br
/pt-br/heic-to-png,404,text/html; charset=utf-8,[],Hidden registry tool; existing launch policy returns 404,[],"noindex, nofollow",,[],pt-BR,/heic-to-png,0,,,Not public; not asserted working,"Review capability, impressions and backlinks before any future removal",False,EXISTING_404,pt-br
/pt-br/html-to-markdown,404,text/html; charset=utf-8,[],Hidden registry tool; existing launch policy returns 404,[],"noindex, nofollow",,[],pt-BR,/html-to-markdown,0,,,Not public; not asserted working,"Review capability, impressions and backlinks before any future removal",False,EXISTING_404,pt-br
/pt-br/html-to-pdf,200,text/html; charset=utf-8,[],Public PDF tool,"[""https://pdfpilot.net/pt-br/html-to-pdf""]","index, follow",,"[""/sitemaps/families/pt-br.xml""]",pt-BR,/html-to-pdf,2,,,26 English upload checks; representative parsed conversions; Portuguese upload checks where approved,Reviewed SSR help and accurate capability limits,True,KEEP,pt-br
/pt-br/html-to-text,404,text/html; charset=utf-8,[],Hidden registry tool; existing launch policy returns 404,[],"noindex, nofollow",,[],pt-BR,/html-to-text,0,,,Not public; not asserted working,"Review capability, impressions and backlinks before any future removal",False,EXISTING_404,pt-br
/pt-br/image-metadata,404,text/html; charset=utf-8,[],Hidden registry tool; existing launch policy returns 404,[],"noindex, nofollow",,[],pt-BR,/image-metadata,0,,,Not public; not asserted working,"Review capability, impressions and backlinks before any future removal",False,EXISTING_404,pt-br
/pt-br/image-watermark,404,text/html; charset=utf-8,[],Hidden registry tool; existing launch policy returns 404,[],"noindex, nofollow",,[],pt-BR,/image-watermark,0,,,Not public; not asserted working,"Review capability, impressions and backlinks before any future removal",False,EXISTING_404,pt-br
/pt-br/insert-pages,404,text/html; charset=utf-8,[],Hidden registry tool; existing launch policy returns 404,[],"noindex, nofollow",,[],pt-BR,/insert-pages,0,,,Not public; not asserted working,"Review capability, impressions and backlinks before any future removal",False,EXISTING_404,pt-br
/pt-br/jpg-para-pdf,200,text/html; charset=utf-8,[],Public PDF tool,"[""https://pdfpilot.net/pt-br/jpg-para-pdf""]","index, follow (default)",,"[""/sitemaps/families/pt-br.xml""]",pt-BR,/jpg-to-pdf,33,,,26 English upload checks; representative parsed conversions; Portuguese upload checks where approved,Reviewed SSR help and accurate capability limits,True,KEEP,pt-br
/pt-br/jpg-to-pdf,308,text/html; charset=utf-8,"[{""from"": ""http://127.0.0.1:4368/pt-br/jpg-to-pdf"", ""status"": 308, ""to"": ""http://127.0.0.1:4368/pt-br/jpg-para-pdf""}]",Alias redirected to its existing equivalent,"[""https://pdfpilot.net/pt-br/jpg-para-pdf""]","index, follow (default)",,[],pt-BR,/jpg-to-pdf,1,,,One-hop HTTP redirect,One canonical destination,False,REDIRECT,pt-br
/pt-br/json-diff,404,text/html; charset=utf-8,[],Hidden registry tool; existing launch policy returns 404,[],"noindex, nofollow",,[],pt-BR,/json-diff,0,,,Not public; not asserted working,"Review capability, impressions and backlinks before any future removal",False,EXISTING_404,pt-br
/pt-br/json-minifier,404,text/html; charset=utf-8,[],Hidden registry tool; existing launch policy returns 404,[],"noindex, nofollow",,[],pt-BR,/json-minifier,0,,,Not public; not asserted working,"Review capability, impressions and backlinks before any future removal",False,EXISTING_404,pt-br
/pt-br/json-to-excel,404,text/html; charset=utf-8,[],Hidden registry tool; existing launch policy returns 404,[],"noindex, nofollow",,[],pt-BR,/json-to-excel,0,,,Not public; not asserted working,"Review capability, impressions and backlinks before any future removal",False,EXISTING_404,pt-br
/pt-br/json-to-sql,404,text/html; charset=utf-8,[],Hidden registry tool; existing launch policy returns 404,[],"noindex, nofollow",,[],pt-BR,/json-to-sql,0,,,Not public; not asserted working,"Review capability, impressions and backlinks before any future removal",False,EXISTING_404,pt-br
/pt-br/json-to-yaml,404,text/html; charset=utf-8,[],Hidden registry tool; existing launch policy returns 404,[],"noindex, nofollow",,[],pt-BR,/json-to-yaml,0,,,Not public; not asserted working,"Review capability, impressions and backlinks before any future removal",False,EXISTING_404,pt-br
/pt-br/json-validator,404,text/html; charset=utf-8,[],Hidden registry tool; existing launch policy returns 404,[],"noindex, nofollow",,[],pt-BR,/json-validator,0,,,Not public; not asserted working,"Review capability, impressions and backlinks before any future removal",False,EXISTING_404,pt-br
/pt-br/juntar-pdf,200,text/html; charset=utf-8,[],Public PDF tool,"[""https://pdfpilot.net/pt-br/juntar-pdf""]","index, follow (default)",,"[""/sitemaps/families/pt-br.xml""]",pt-BR,/merge-pdf,35,,,26 English upload checks; representative parsed conversions; Portuguese upload checks where approved,Reviewed SSR help and accurate capability limits,True,KEEP,pt-br
/pt-br/jwt-decode,404,text/html; charset=utf-8,[],Hidden registry tool; existing launch policy returns 404,[],"noindex, nofollow",,[],pt-BR,/jwt-decode,0,,,Not public; not asserted working,"Review capability, impressions and backlinks before any future removal",False,EXISTING_404,pt-br
/pt-br/lock-pdf,404,text/html; charset=utf-8,[],Hidden registry tool; existing launch policy returns 404,[],"noindex, nofollow",,[],pt-BR,/lock-pdf,0,,,Not public; not asserted working,"Review capability, impressions and backlinks before any future removal",False,EXISTING_404,pt-br
/pt-br/markdown-table-to-csv,404,text/html; charset=utf-8,[],Hidden registry tool; existing launch policy returns 404,[],"noindex, nofollow",,[],pt-BR,/markdown-table-to-csv,0,,,Not public; not asserted working,"Review capability, impressions and backlinks before any future removal",False,EXISTING_404,pt-br
/pt-br/markdown-to-html,404,text/html; charset=utf-8,[],Hidden registry tool; existing launch policy returns 404,[],"noindex, nofollow",,[],pt-BR,/markdown-to-html,0,,,Not public; not asserted working,"Review capability, impressions and backlinks before any future removal",False,EXISTING_404,pt-br
/pt-br/markdown-to-pdf,404,text/html; charset=utf-8,[],Hidden registry tool; existing launch policy returns 404,[],"noindex, nofollow",,[],pt-BR,/markdown-to-pdf,0,,,Not public; not asserted working,"Review capability, impressions and backlinks before any future removal",False,EXISTING_404,pt-br
/pt-br/merge-pdf,308,text/html; charset=utf-8,"[{""from"": ""http://127.0.0.1:4368/pt-br/merge-pdf"", ""status"": 308, ""to"": ""http://127.0.0.1:4368/pt-br/juntar-pdf""}]",Alias redirected to its existing equivalent,"[""https://pdfpilot.net/pt-br/juntar-pdf""]","index, follow (default)",,[],pt-BR,/merge-pdf,1,,,One-hop HTTP redirect,One canonical destination,False,REDIRECT,pt-br
/pt-br/ocr-image,404,text/html; charset=utf-8,[],Hidden registry tool; existing launch policy returns 404,[],"noindex, nofollow",,[],pt-BR,/ocr-image,0,,,Not public; not asserted working,"Review capability, impressions and backlinks before any future removal",False,EXISTING_404,pt-br
/pt-br/ocr-pdf,200,text/html; charset=utf-8,[],Public PDF tool,"[""https://pdfpilot.net/pt-br/ocr-pdf""]","noindex, follow",,[],pt-BR,/ocr-pdf,2,,,26 English upload checks; representative parsed conversions; Portuguese upload checks where approved,Incomplete language coverage or Portuguese demand/capability not validated,False,NOINDEX,pt-br
/pt-br/organize-pdf,200,text/html; charset=utf-8,[],Public PDF tool,"[""https://pdfpilot.net/pt-br/organize-pdf""]","index, follow",,"[""/sitemaps/families/pt-br.xml""]",pt-BR,/organize-pdf,4,,,26 English upload checks; representative parsed conversions; Portuguese upload checks where approved,Reviewed SSR help and accurate capability limits,True,KEEP,pt-br
/pt-br/pdf-metadata-editor,404,text/html; charset=utf-8,[],Hidden registry tool; existing launch policy returns 404,[],"noindex, nofollow",,[],pt-BR,/pdf-metadata-editor,0,,,Not public; not asserted working,"Review capability, impressions and backlinks before any future removal",False,EXISTING_404,pt-br
/pt-br/pdf-para-jpg,200,text/html; charset=utf-8,[],Public PDF tool,"[""https://pdfpilot.net/pt-br/pdf-para-jpg""]","index, follow (default)",,"[""/sitemaps/families/pt-br.xml""]",pt-BR,/pdf-to-jpg,33,,,26 English upload checks; representative parsed conversions; Portuguese upload checks where approved,Reviewed SSR help and accurate capability limits,True,KEEP,pt-br
/pt-br/pdf-to-excel,200,text/html; charset=utf-8,[],Public PDF tool,"[""https://pdfpilot.net/pt-br/pdf-to-excel""]","index, follow",,"[""/sitemaps/families/pt-br.xml""]",pt-BR,/pdf-to-excel,2,,,26 English upload checks; representative parsed conversions; Portuguese upload checks where approved,Reviewed SSR help and accurate capability limits,True,KEEP,pt-br
/pt-br/pdf-to-jpg,308,text/html; charset=utf-8,"[{""from"": ""http://127.0.0.1:4368/pt-br/pdf-to-jpg"", ""status"": 308, ""to"": ""http://127.0.0.1:4368/pt-br/pdf-para-jpg""}]",Alias redirected to its existing equivalent,"[""https://pdfpilot.net/pt-br/pdf-para-jpg""]","index, follow (default)",,[],pt-BR,/pdf-to-jpg,1,,,One-hop HTTP redirect,One canonical destination,False,REDIRECT,pt-br
/pt-br/pdf-to-pdfa,200,text/html; charset=utf-8,[],Public PDF tool,"[""https://pdfpilot.net/pt-br/pdf-to-pdfa""]","index, follow",,"[""/sitemaps/families/pt-br.xml""]",pt-BR,/pdf-to-pdfa,2,,,26 English upload checks; representative parsed conversions; Portuguese upload checks where approved,Reviewed SSR help and accurate capability limits,True,KEEP,pt-br
/pt-br/pdf-to-powerpoint,200,text/html; charset=utf-8,[],Public PDF tool,"[""https://pdfpilot.net/pt-br/pdf-to-powerpoint""]","index, follow",,"[""/sitemaps/families/pt-br.xml""]",pt-BR,/pdf-to-powerpoint,2,,,26 English upload checks; representative parsed conversions; Portuguese upload checks where approved,Reviewed SSR help and accurate capability limits,True,KEEP,pt-br
/pt-br/pdf-to-word,200,text/html; charset=utf-8,[],Public PDF tool,"[""https://pdfpilot.net/pt-br/pdf-to-word""]","index, follow",,"[""/sitemaps/families/pt-br.xml""]",pt-BR,/pdf-to-word,2,,,26 English upload checks; representative parsed conversions; Portuguese upload checks where approved,Reviewed SSR help and accurate capability limits,True,KEEP,pt-br
/pt-br/png-para-pdf,200,text/html; charset=utf-8,[],Reviewed distinct task: PNG para PDF,"[""https://pdfpilot.net/pt-br/png-para-pdf""]","index, follow",,"[""/sitemaps/pseo/pt-br-format-0.xml""]",pt-BR,jpg-to-pdf,4,https://pdfpilot.net/pt-br/png-para-pdf,,Parsed upload/process/download browser evidence,Distinct task guidance and real tool; editorial gate passed,True,KEEP,pseo-pt-BR
/pt-br/powerpoint-to-pdf,200,text/html; charset=utf-8,[],Public PDF tool,"[""https://pdfpilot.net/pt-br/powerpoint-to-pdf""]","index, follow",,"[""/sitemaps/families/pt-br.xml""]",pt-BR,/powerpoint-to-pdf,33,,,26 English upload checks; representative parsed conversions; Portuguese upload checks where approved,Reviewed SSR help and accurate capability limits,True,KEEP,pt-br
/pt-br/repair-pdf,200,text/html; charset=utf-8,[],Public PDF tool,"[""https://pdfpilot.net/pt-br/repair-pdf""]","noindex, follow",,[],pt-BR,/repair-pdf,2,,,26 English upload checks; representative parsed conversions; Portuguese upload checks where approved,Incomplete language coverage or Portuguese demand/capability not validated,False,NOINDEX,pt-br
/pt-br/rotate-image,404,text/html; charset=utf-8,[],Hidden registry tool; existing launch policy returns 404,[],"noindex, nofollow",,[],pt-BR,/rotate-image,0,,,Not public; not asserted working,"Review capability, impressions and backlinks before any future removal",False,EXISTING_404,pt-br
/pt-br/rotate-pdf,200,text/html; charset=utf-8,[],Public PDF tool,"[""https://pdfpilot.net/pt-br/rotate-pdf""]","index, follow",,"[""/sitemaps/families/pt-br.xml""]",pt-BR,/rotate-pdf,2,,,26 English upload checks; representative parsed conversions; Portuguese upload checks where approved,Reviewed SSR help and accurate capability limits,True,KEEP,pt-br
/pt-br/scan-pdf,200,text/html; charset=utf-8,[],Public PDF tool,"[""https://pdfpilot.net/pt-br/scan-pdf""]","index, follow",,"[""/sitemaps/families/pt-br.xml""]",pt-BR,/scan-pdf,2,,,26 English upload checks; representative parsed conversions; Portuguese upload checks where approved,Reviewed SSR help and accurate capability limits,True,KEEP,pt-br
/pt-br/split-pdf,308,text/html; charset=utf-8,"[{""from"": ""http://127.0.0.1:4368/pt-br/split-pdf"", ""status"": 308, ""to"": ""http://127.0.0.1:4368/pt-br/dividir-pdf""}]",Alias redirected to its existing equivalent,"[""https://pdfpilot.net/pt-br/dividir-pdf""]","index, follow (default)",,[],pt-BR,/split-pdf,1,,,One-hop HTTP redirect,One canonical destination,False,REDIRECT,pt-br
/pt-br/sql-to-csv,404,text/html; charset=utf-8,[],Hidden registry tool; existing launch policy returns 404,[],"noindex, nofollow",,[],pt-BR,/sql-to-csv,0,,,Not public; not asserted working,"Review capability, impressions and backlinks before any future removal",False,EXISTING_404,pt-br
/pt-br/sql-to-json,404,text/html; charset=utf-8,[],Hidden registry tool; existing launch policy returns 404,[],"noindex, nofollow",,[],pt-BR,/sql-to-json,0,,,Not public; not asserted working,"Review capability, impressions and backlinks before any future removal",False,EXISTING_404,pt-br
/pt-br/summary-generator,404,text/html; charset=utf-8,[],Hidden registry tool; existing launch policy returns 404,[],"noindex, nofollow",,[],pt-BR,/summary-generator,0,,,Not public; not asserted working,"Review capability, impressions and backlinks before any future removal",False,EXISTING_404,pt-br
/pt-br/svg-to-pdf,404,text/html; charset=utf-8,[],Hidden registry tool; existing launch policy returns 404,[],"noindex, nofollow",,[],pt-BR,/svg-to-pdf,0,,,Not public; not asserted working,"Review capability, impressions and backlinks before any future removal",False,EXISTING_404,pt-br
/pt-br/text-to-html,404,text/html; charset=utf-8,[],Hidden registry tool; existing launch policy returns 404,[],"noindex, nofollow",,[],pt-BR,/text-to-html,0,,,Not public; not asserted working,"Review capability, impressions and backlinks before any future removal",False,EXISTING_404,pt-br
/pt-br/tsv-to-excel,404,text/html; charset=utf-8,[],Hidden registry tool; existing launch policy returns 404,[],"noindex, nofollow",,[],pt-BR,/tsv-to-excel,0,,,Not public; not asserted working,"Review capability, impressions and backlinks before any future removal",False,EXISTING_404,pt-br
/pt-br/txt-to-pdf,404,text/html; charset=utf-8,[],Hidden registry tool; existing launch policy returns 404,[],"noindex, nofollow",,[],pt-BR,/txt-to-pdf,0,,,Not public; not asserted working,"Review capability, impressions and backlinks before any future removal",False,EXISTING_404,pt-br
/pt-br/unlock-pdf,404,text/html; charset=utf-8,[],Hidden registry tool; existing launch policy returns 404,[],"noindex, nofollow",,[],pt-BR,/unlock-pdf,0,,,Not public; not asserted working,"Review capability, impressions and backlinks before any future removal",False,EXISTING_404,pt-br
/pt-br/url-decode,404,text/html; charset=utf-8,[],Hidden registry tool; existing launch policy returns 404,[],"noindex, nofollow",,[],pt-BR,/url-decode,0,,,Not public; not asserted working,"Review capability, impressions and backlinks before any future removal",False,EXISTING_404,pt-br
/pt-br/url-encode,404,text/html; charset=utf-8,[],Hidden registry tool; existing launch policy returns 404,[],"noindex, nofollow",,[],pt-BR,/url-encode,0,,,Not public; not asserted working,"Review capability, impressions and backlinks before any future removal",False,EXISTING_404,pt-br
/pt-br/watermark-pdf,200,text/html; charset=utf-8,[],Public PDF tool,"[""https://pdfpilot.net/pt-br/watermark-pdf""]","noindex, follow",,[],pt-BR,/watermark-pdf,2,,,26 English upload checks; representative parsed conversions; Portuguese upload checks where approved,Incomplete language coverage or Portuguese demand/capability not validated,False,NOINDEX,pt-br
/pt-br/word-to-pdf,200,text/html; charset=utf-8,[],Public PDF tool,"[""https://pdfpilot.net/pt-br/word-to-pdf""]","index, follow",,"[""/sitemaps/families/pt-br.xml""]",pt-BR,/word-to-pdf,33,,,26 English upload checks; representative parsed conversions; Portuguese upload checks where approved,Reviewed SSR help and accurate capability limits,True,KEEP,pt-br
/pt-br/xml-formatter,404,text/html; charset=utf-8,[],Hidden registry tool; existing launch policy returns 404,[],"noindex, nofollow",,[],pt-BR,/xml-formatter,0,,,Not public; not asserted working,"Review capability, impressions and backlinks before any future removal",False,EXISTING_404,pt-br
/pt-br/xml-to-csv,404,text/html; charset=utf-8,[],Hidden registry tool; existing launch policy returns 404,[],"noindex, nofollow",,[],pt-BR,/xml-to-csv,0,,,Not public; not asserted working,"Review capability, impressions and backlinks before any future removal",False,EXISTING_404,pt-br
/pt-br/xml-to-json,404,text/html; charset=utf-8,[],Hidden registry tool; existing launch policy returns 404,[],"noindex, nofollow",,[],pt-BR,/xml-to-json,0,,,Not public; not asserted working,"Review capability, impressions and backlinks before any future removal",False,EXISTING_404,pt-br
/pt-br/xml-to-yaml,404,text/html; charset=utf-8,[],Hidden registry tool; existing launch policy returns 404,[],"noindex, nofollow",,[],pt-BR,/xml-to-yaml,0,,,Not public; not asserted working,"Review capability, impressions and backlinks before any future removal",False,EXISTING_404,pt-br
/pt-br/xml-validator,404,text/html; charset=utf-8,[],Hidden registry tool; existing launch policy returns 404,[],"noindex, nofollow",,[],pt-BR,/xml-validator,0,,,Not public; not asserted working,"Review capability, impressions and backlinks before any future removal",False,EXISTING_404,pt-br
/pt-br/yaml-to-json,404,text/html; charset=utf-8,[],Hidden registry tool; existing launch policy returns 404,[],"noindex, nofollow",,[],pt-BR,/yaml-to-json,0,,,Not public; not asserted working,"Review capability, impressions and backlinks before any future removal",False,EXISTING_404,pt-br
/pt-br/yaml-to-xml,404,text/html; charset=utf-8,[],Hidden registry tool; existing launch policy returns 404,[],"noindex, nofollow",,[],pt-BR,/yaml-to-xml,0,,,Not public; not asserted working,"Review capability, impressions and backlinks before any future removal",False,EXISTING_404,pt-br
/rearrange-pages,404,text/html; charset=utf-8,[],Hidden registry tool; existing launch policy returns 404,[],"noindex, nofollow",,[],en,/rearrange-pages,0,,,Not public; not asserted working,"Review capability, impressions and backlinks before any future removal",False,EXISTING_404,resources
/remove-pages,307,text/html; charset=utf-8,"[{""from"": ""http://127.0.0.1:4368/remove-pages"", ""status"": 307, ""to"": ""http://127.0.0.1:4368/delete-pages""}]",Alias redirected to its existing equivalent,"[""https://pdfpilot.net/delete-pages""]","index, follow (default)",,[],en,,1,,,One-hop HTTP redirect,One canonical destination,False,REDIRECT,resources
/repair-pdf,200,text/html; charset=utf-8,[],Public PDF tool,"[""https://pdfpilot.net/repair-pdf""]","index, follow (default)",,"[""/sitemaps/families/core.xml""]",en,/repair-pdf,2,,,26 English upload checks; representative parsed conversions; Portuguese upload checks where approved,Reviewed SSR help and accurate capability limits,True,KEEP,core
/resize-image,404,text/html; charset=utf-8,[],Hidden registry tool; existing launch policy returns 404,[],"noindex, nofollow",,[],en,/resize-image,0,,,Not public; not asserted working,"Review capability, impressions and backlinks before any future removal",False,EXISTING_404,resources
/rotate-image,404,text/html; charset=utf-8,[],Hidden registry tool; existing launch policy returns 404,[],"noindex, nofollow",,[],en,/rotate-image,0,,,Not public; not asserted working,"Review capability, impressions and backlinks before any future removal",False,EXISTING_404,resources
/rotate-pdf,200,text/html; charset=utf-8,[],Public PDF tool,"[""https://pdfpilot.net/rotate-pdf""]","index, follow (default)",,"[""/sitemaps/families/core.xml""]",en,/rotate-pdf,5,,,26 English upload checks; representative parsed conversions; Portuguese upload checks where approved,Reviewed SSR help and accurate capability limits,True,KEEP,core
/ru,200,text/html; charset=utf-8,[],"Public hub, resource or utility","[""https://pdfpilot.net/ru""]","index, follow (default)",,"[""/sitemaps/families/locales.xml""]",ru,,33,,,HTTP and link checks; not every instructional claim or template manually executed,Keep subject to per-route content review; no ranking guarantee,True,KEEP,other-locales
/ru/add-page-numbers,200,text/html; charset=utf-8,[],Public PDF tool,"[""https://pdfpilot.net/ru/add-page-numbers""]","noindex, follow",,[],ru,/add-page-numbers,2,,,26 English upload checks; representative parsed conversions; Portuguese upload checks where approved,Incomplete language coverage or Portuguese demand/capability not validated,False,NOINDEX,other-locales
/ru/base64-decode,404,text/html; charset=utf-8,[],Hidden registry tool; existing launch policy returns 404,[],"noindex, nofollow",,[],ru,/base64-decode,0,,,Not public; not asserted working,"Review capability, impressions and backlinks before any future removal",False,EXISTING_404,other-locales
/ru/base64-encode,404,text/html; charset=utf-8,[],Hidden registry tool; existing launch policy returns 404,[],"noindex, nofollow",,[],ru,/base64-encode,0,,,Not public; not asserted working,"Review capability, impressions and backlinks before any future removal",False,EXISTING_404,other-locales
/ru/column-extractor,404,text/html; charset=utf-8,[],Hidden registry tool; existing launch policy returns 404,[],"noindex, nofollow",,[],ru,/column-extractor,0,,,Not public; not asserted working,"Review capability, impressions and backlinks before any future removal",False,EXISTING_404,other-locales
/ru/compare-pdf,404,text/html; charset=utf-8,[],Hidden registry tool; existing launch policy returns 404,[],"noindex, nofollow",,[],ru,/compare-pdf,0,,,Not public; not asserted working,"Review capability, impressions and backlinks before any future removal",False,EXISTING_404,other-locales
/ru/compress-image,404,text/html; charset=utf-8,[],Hidden registry tool; existing launch policy returns 404,[],"noindex, nofollow",,[],ru,/compress-image,0,,,Not public; not asserted working,"Review capability, impressions and backlinks before any future removal",False,EXISTING_404,other-locales
/ru/compress-pdf,308,text/html; charset=utf-8,"[{""from"": ""http://127.0.0.1:4368/ru/compress-pdf"", ""status"": 308, ""to"": ""http://127.0.0.1:4368/ru/szhat-pdf""}]",Alias redirected to its existing equivalent,"[""https://pdfpilot.net/ru/szhat-pdf""]","index, follow (default)",,[],ru,/compress-pdf,1,,,One-hop HTTP redirect,One canonical destination,False,REDIRECT,other-locales
/ru/convert-image,404,text/html; charset=utf-8,[],Hidden registry tool; existing launch policy returns 404,[],"noindex, nofollow",,[],ru,/convert-image,0,,,Not public; not asserted working,"Review capability, impressions and backlinks before any future removal",False,EXISTING_404,other-locales
/ru/crop-pdf,200,text/html; charset=utf-8,[],Public PDF tool,"[""https://pdfpilot.net/ru/crop-pdf""]","noindex, follow",,[],ru,/crop-pdf,2,,,26 English upload checks; representative parsed conversions; Portuguese upload checks where approved,Incomplete language coverage or Portuguese demand/capability not validated,False,NOINDEX,other-locales
/ru/csv-cleaner,404,text/html; charset=utf-8,[],Hidden registry tool; existing launch policy returns 404,[],"noindex, nofollow",,[],ru,/csv-cleaner,0,,,Not public; not asserted working,"Review capability, impressions and backlinks before any future removal",False,EXISTING_404,other-locales
/ru/csv-formatter,404,text/html; charset=utf-8,[],Hidden registry tool; existing launch policy returns 404,[],"noindex, nofollow",,[],ru,/csv-formatter,0,,,Not public; not asserted working,"Review capability, impressions and backlinks before any future removal",False,EXISTING_404,other-locales
/ru/csv-merger,404,text/html; charset=utf-8,[],Hidden registry tool; existing launch policy returns 404,[],"noindex, nofollow",,[],ru,/csv-merger,0,,,Not public; not asserted working,"Review capability, impressions and backlinks before any future removal",False,EXISTING_404,other-locales
/ru/csv-splitter,404,text/html; charset=utf-8,[],Hidden registry tool; existing launch policy returns 404,[],"noindex, nofollow",,[],ru,/csv-splitter,0,,,Not public; not asserted working,"Review capability, impressions and backlinks before any future removal",False,EXISTING_404,other-locales
/ru/csv-to-json,404,text/html; charset=utf-8,[],Hidden registry tool; existing launch policy returns 404,[],"noindex, nofollow",,[],ru,/csv-to-json,0,,,Not public; not asserted working,"Review capability, impressions and backlinks before any future removal",False,EXISTING_404,other-locales
/ru/csv-to-markdown-table,404,text/html; charset=utf-8,[],Hidden registry tool; existing launch policy returns 404,[],"noindex, nofollow",,[],ru,/csv-to-markdown-table,0,,,Not public; not asserted working,"Review capability, impressions and backlinks before any future removal",False,EXISTING_404,other-locales
/ru/csv-to-pdf,404,text/html; charset=utf-8,[],Hidden registry tool; existing launch policy returns 404,[],"noindex, nofollow",,[],ru,/csv-to-pdf,0,,,Not public; not asserted working,"Review capability, impressions and backlinks before any future removal",False,EXISTING_404,other-locales
/ru/csv-to-sql,404,text/html; charset=utf-8,[],Hidden registry tool; existing launch policy returns 404,[],"noindex, nofollow",,[],ru,/csv-to-sql,0,,,Not public; not asserted working,"Review capability, impressions and backlinks before any future removal",False,EXISTING_404,other-locales
/ru/csv-to-tsv,404,text/html; charset=utf-8,[],Hidden registry tool; existing launch policy returns 404,[],"noindex, nofollow",,[],ru,/csv-to-tsv,0,,,Not public; not asserted working,"Review capability, impressions and backlinks before any future removal",False,EXISTING_404,other-locales
/ru/csv-to-xml,404,text/html; charset=utf-8,[],Hidden registry tool; existing launch policy returns 404,[],"noindex, nofollow",,[],ru,/csv-to-xml,0,,,Not public; not asserted working,"Review capability, impressions and backlinks before any future removal",False,EXISTING_404,other-locales
/ru/delete-pages,200,text/html; charset=utf-8,[],Public PDF tool,"[""https://pdfpilot.net/ru/delete-pages""]","noindex, follow",,[],ru,/delete-pages,2,,,26 English upload checks; representative parsed conversions; Portuguese upload checks where approved,Incomplete language coverage or Portuguese demand/capability not validated,False,NOINDEX,other-locales
/ru/docx-merge,404,text/html; charset=utf-8,[],Hidden registry tool; existing launch policy returns 404,[],"noindex, nofollow",,[],ru,/docx-merge,0,,,Not public; not asserted working,"Review capability, impressions and backlinks before any future removal",False,EXISTING_404,other-locales
/ru/duplicate-pages,404,text/html; charset=utf-8,[],Hidden registry tool; existing launch policy returns 404,[],"noindex, nofollow",,[],ru,/duplicate-pages,0,,,Not public; not asserted working,"Review capability, impressions and backlinks before any future removal",False,EXISTING_404,other-locales
/ru/duplicate-row-remover,404,text/html; charset=utf-8,[],Hidden registry tool; existing launch policy returns 404,[],"noindex, nofollow",,[],ru,/duplicate-row-remover,0,,,Not public; not asserted working,"Review capability, impressions and backlinks before any future removal",False,EXISTING_404,other-locales
/ru/edit-pdf,200,text/html; charset=utf-8,[],Public PDF tool,"[""https://pdfpilot.net/ru/edit-pdf""]","noindex, follow",,[],ru,/edit-pdf,2,,,26 English upload checks; representative parsed conversions; Portuguese upload checks where approved,Incomplete language coverage or Portuguese demand/capability not validated,False,NOINDEX,other-locales
/ru/excel-sheet-extractor,404,text/html; charset=utf-8,[],Hidden registry tool; existing launch policy returns 404,[],"noindex, nofollow",,[],ru,/excel-sheet-extractor,0,,,Not public; not asserted working,"Review capability, impressions and backlinks before any future removal",False,EXISTING_404,other-locales
/ru/excel-sheet-merger,404,text/html; charset=utf-8,[],Hidden registry tool; existing launch policy returns 404,[],"noindex, nofollow",,[],ru,/excel-sheet-merger,0,,,Not public; not asserted working,"Review capability, impressions and backlinks before any future removal",False,EXISTING_404,other-locales
/ru/excel-to-csv,404,text/html; charset=utf-8,[],Hidden registry tool; existing launch policy returns 404,[],"noindex, nofollow",,[],ru,/excel-to-csv,0,,,Not public; not asserted working,"Review capability, impressions and backlinks before any future removal",False,EXISTING_404,other-locales
/ru/excel-to-json,404,text/html; charset=utf-8,[],Hidden registry tool; existing launch policy returns 404,[],"noindex, nofollow",,[],ru,/excel-to-json,0,,,Not public; not asserted working,"Review capability, impressions and backlinks before any future removal",False,EXISTING_404,other-locales
/ru/excel-to-pdf,200,text/html; charset=utf-8,[],Public PDF tool,"[""https://pdfpilot.net/ru/excel-to-pdf""]","noindex, follow",,[],ru,/excel-to-pdf,31,,,26 English upload checks; representative parsed conversions; Portuguese upload checks where approved,Incomplete language coverage or Portuguese demand/capability not validated,False,NOINDEX,other-locales
/ru/excel-to-xml,200,text/html; charset=utf-8,[],Public PDF tool,"[""https://pdfpilot.net/ru/excel-to-xml""]","noindex, follow",,[],ru,/excel-to-xml,2,,,26 English upload checks; representative parsed conversions; Portuguese upload checks where approved,Incomplete language coverage or Portuguese demand/capability not validated,False,NOINDEX,other-locales
/ru/extract-pages,200,text/html; charset=utf-8,[],Public PDF tool,"[""https://pdfpilot.net/ru/extract-pages""]","noindex, follow",,[],ru,/extract-pages,2,,,26 English upload checks; representative parsed conversions; Portuguese upload checks where approved,Incomplete language coverage or Portuguese demand/capability not validated,False,NOINDEX,other-locales
/ru/fill-pdf,200,text/html; charset=utf-8,[],Public PDF tool,"[""https://pdfpilot.net/ru/fill-pdf""]","noindex, follow",,[],ru,/fill-pdf,2,,,26 English upload checks; representative parsed conversions; Portuguese upload checks where approved,Incomplete language coverage or Portuguese demand/capability not validated,False,NOINDEX,other-locales
/ru/flatten-pdf,404,text/html; charset=utf-8,[],Hidden registry tool; existing launch policy returns 404,[],"noindex, nofollow",,[],ru,/flatten-pdf,0,,,Not public; not asserted working,"Review capability, impressions and backlinks before any future removal",False,EXISTING_404,other-locales
/ru/heic-to-jpg,404,text/html; charset=utf-8,[],Hidden registry tool; existing launch policy returns 404,[],"noindex, nofollow",,[],ru,/heic-to-jpg,0,,,Not public; not asserted working,"Review capability, impressions and backlinks before any future removal",False,EXISTING_404,other-locales
/ru/heic-to-png,404,text/html; charset=utf-8,[],Hidden registry tool; existing launch policy returns 404,[],"noindex, nofollow",,[],ru,/heic-to-png,0,,,Not public; not asserted working,"Review capability, impressions and backlinks before any future removal",False,EXISTING_404,other-locales
/ru/html-to-markdown,404,text/html; charset=utf-8,[],Hidden registry tool; existing launch policy returns 404,[],"noindex, nofollow",,[],ru,/html-to-markdown,0,,,Not public; not asserted working,"Review capability, impressions and backlinks before any future removal",False,EXISTING_404,other-locales
/ru/html-to-pdf,200,text/html; charset=utf-8,[],Public PDF tool,"[""https://pdfpilot.net/ru/html-to-pdf""]","noindex, follow",,[],ru,/html-to-pdf,2,,,26 English upload checks; representative parsed conversions; Portuguese upload checks where approved,Incomplete language coverage or Portuguese demand/capability not validated,False,NOINDEX,other-locales
/ru/html-to-text,404,text/html; charset=utf-8,[],Hidden registry tool; existing launch policy returns 404,[],"noindex, nofollow",,[],ru,/html-to-text,0,,,Not public; not asserted working,"Review capability, impressions and backlinks before any future removal",False,EXISTING_404,other-locales
/ru/image-watermark,404,text/html; charset=utf-8,[],Hidden registry tool; existing launch policy returns 404,[],"noindex, nofollow",,[],ru,/image-watermark,0,,,Not public; not asserted working,"Review capability, impressions and backlinks before any future removal",False,EXISTING_404,other-locales
/ru/insert-pages,404,text/html; charset=utf-8,[],Hidden registry tool; existing launch policy returns 404,[],"noindex, nofollow",,[],ru,/insert-pages,0,,,Not public; not asserted working,"Review capability, impressions and backlinks before any future removal",False,EXISTING_404,other-locales
/ru/jpg-to-pdf,308,text/html; charset=utf-8,"[{""from"": ""http://127.0.0.1:4368/ru/jpg-to-pdf"", ""status"": 308, ""to"": ""http://127.0.0.1:4368/ru/jpg-v-pdf""}]",Alias redirected to its existing equivalent,"[""https://pdfpilot.net/ru/jpg-v-pdf""]","index, follow (default)",,[],ru,/jpg-to-pdf,1,,,One-hop HTTP redirect,One canonical destination,False,REDIRECT,other-locales
/ru/jpg-v-pdf,200,text/html; charset=utf-8,[],Public PDF tool,"[""https://pdfpilot.net/ru/jpg-v-pdf""]","index, follow (default)",,"[""/sitemaps/families/locales.xml""]",ru,/jpg-to-pdf,31,,,26 English upload checks; representative parsed conversions; Portuguese upload checks where approved,Reviewed SSR help and accurate capability limits,True,KEEP,other-locales
/ru/json-diff,404,text/html; charset=utf-8,[],Hidden registry tool; existing launch policy returns 404,[],"noindex, nofollow",,[],ru,/json-diff,0,,,Not public; not asserted working,"Review capability, impressions and backlinks before any future removal",False,EXISTING_404,other-locales
/ru/json-to-csv,404,text/html; charset=utf-8,[],Hidden registry tool; existing launch policy returns 404,[],"noindex, nofollow",,[],ru,/json-to-csv,0,,,Not public; not asserted working,"Review capability, impressions and backlinks before any future removal",False,EXISTING_404,other-locales
/ru/json-to-sql,404,text/html; charset=utf-8,[],Hidden registry tool; existing launch policy returns 404,[],"noindex, nofollow",,[],ru,/json-to-sql,0,,,Not public; not asserted working,"Review capability, impressions and backlinks before any future removal",False,EXISTING_404,other-locales
/ru/json-to-xml,404,text/html; charset=utf-8,[],Hidden registry tool; existing launch policy returns 404,[],"noindex, nofollow",,[],ru,/json-to-xml,0,,,Not public; not asserted working,"Review capability, impressions and backlinks before any future removal",False,EXISTING_404,other-locales
/ru/jwt-decode,404,text/html; charset=utf-8,[],Hidden registry tool; existing launch policy returns 404,[],"noindex, nofollow",,[],ru,/jwt-decode,0,,,Not public; not asserted working,"Review capability, impressions and backlinks before any future removal",False,EXISTING_404,other-locales
/ru/lock-pdf,404,text/html; charset=utf-8,[],Hidden registry tool; existing launch policy returns 404,[],"noindex, nofollow",,[],ru,/lock-pdf,0,,,Not public; not asserted working,"Review capability, impressions and backlinks before any future removal",False,EXISTING_404,other-locales
/ru/markdown-table-to-csv,404,text/html; charset=utf-8,[],Hidden registry tool; existing launch policy returns 404,[],"noindex, nofollow",,[],ru,/markdown-table-to-csv,0,,,Not public; not asserted working,"Review capability, impressions and backlinks before any future removal",False,EXISTING_404,other-locales
/ru/markdown-to-html,404,text/html; charset=utf-8,[],Hidden registry tool; existing launch policy returns 404,[],"noindex, nofollow",,[],ru,/markdown-to-html,0,,,Not public; not asserted working,"Review capability, impressions and backlinks before any future removal",False,EXISTING_404,other-locales
/ru/markdown-to-pdf,404,text/html; charset=utf-8,[],Hidden registry tool; existing launch policy returns 404,[],"noindex, nofollow",,[],ru,/markdown-to-pdf,0,,,Not public; not asserted working,"Review capability, impressions and backlinks before any future removal",False,EXISTING_404,other-locales
/ru/merge-pdf,308,text/html; charset=utf-8,"[{""from"": ""http://127.0.0.1:4368/ru/merge-pdf"", ""status"": 308, ""to"": ""http://127.0.0.1:4368/ru/obedinit-pdf""}]",Alias redirected to its existing equivalent,"[""https://pdfpilot.net/ru/obedinit-pdf""]","index, follow (default)",,[],ru,/merge-pdf,1,,,One-hop HTTP redirect,One canonical destination,False,REDIRECT,other-locales
/ru/obedinit-pdf,200,text/html; charset=utf-8,[],Public PDF tool,"[""https://pdfpilot.net/ru/obedinit-pdf""]","index, follow (default)",,"[""/sitemaps/families/locales.xml""]",ru,/merge-pdf,33,,,26 English upload checks; representative parsed conversions; Portuguese upload checks where approved,Reviewed SSR help and accurate capability limits,True,KEEP,other-locales
/ru/ocr-image,404,text/html; charset=utf-8,[],Hidden registry tool; existing launch policy returns 404,[],"noindex, nofollow",,[],ru,/ocr-image,0,,,Not public; not asserted working,"Review capability, impressions and backlinks before any future removal",False,EXISTING_404,other-locales
/ru/ocr-pdf,200,text/html; charset=utf-8,[],Public PDF tool,"[""https://pdfpilot.net/ru/ocr-pdf""]","noindex, follow",,[],ru,/ocr-pdf,2,,,26 English upload checks; representative parsed conversions; Portuguese upload checks where approved,Incomplete language coverage or Portuguese demand/capability not validated,False,NOINDEX,other-locales
/ru/organize-pdf,200,text/html; charset=utf-8,[],Public PDF tool,"[""https://pdfpilot.net/ru/organize-pdf""]","noindex, follow",,[],ru,/organize-pdf,2,,,26 English upload checks; representative parsed conversions; Portuguese upload checks where approved,Incomplete language coverage or Portuguese demand/capability not validated,False,NOINDEX,other-locales
/ru/pdf-metadata-editor,404,text/html; charset=utf-8,[],Hidden registry tool; existing launch policy returns 404,[],"noindex, nofollow",,[],ru,/pdf-metadata-editor,0,,,Not public; not asserted working,"Review capability, impressions and backlinks before any future removal",False,EXISTING_404,other-locales
/ru/pdf-to-excel,200,text/html; charset=utf-8,[],Public PDF tool,"[""https://pdfpilot.net/ru/pdf-to-excel""]","noindex, follow",,[],ru,/pdf-to-excel,2,,,26 English upload checks; representative parsed conversions; Portuguese upload checks where approved,Incomplete language coverage or Portuguese demand/capability not validated,False,NOINDEX,other-locales
/ru/pdf-to-jpg,308,text/html; charset=utf-8,"[{""from"": ""http://127.0.0.1:4368/ru/pdf-to-jpg"", ""status"": 308, ""to"": ""http://127.0.0.1:4368/ru/pdf-v-jpg""}]",Alias redirected to its existing equivalent,"[""https://pdfpilot.net/ru/pdf-v-jpg""]","index, follow (default)",,[],ru,/pdf-to-jpg,1,,,One-hop HTTP redirect,One canonical destination,False,REDIRECT,other-locales
/ru/pdf-to-pdfa,200,text/html; charset=utf-8,[],Public PDF tool,"[""https://pdfpilot.net/ru/pdf-to-pdfa""]","noindex, follow",,[],ru,/pdf-to-pdfa,2,,,26 English upload checks; representative parsed conversions; Portuguese upload checks where approved,Incomplete language coverage or Portuguese demand/capability not validated,False,NOINDEX,other-locales
/ru/pdf-to-powerpoint,200,text/html; charset=utf-8,[],Public PDF tool,"[""https://pdfpilot.net/ru/pdf-to-powerpoint""]","noindex, follow",,[],ru,/pdf-to-powerpoint,2,,,26 English upload checks; representative parsed conversions; Portuguese upload checks where approved,Incomplete language coverage or Portuguese demand/capability not validated,False,NOINDEX,other-locales
/ru/pdf-to-word,200,text/html; charset=utf-8,[],Public PDF tool,"[""https://pdfpilot.net/ru/pdf-to-word""]","noindex, follow",,[],ru,/pdf-to-word,2,,,26 English upload checks; representative parsed conversions; Portuguese upload checks where approved,Incomplete language coverage or Portuguese demand/capability not validated,False,NOINDEX,other-locales
/ru/pdf-v-jpg,200,text/html; charset=utf-8,[],Public PDF tool,"[""https://pdfpilot.net/ru/pdf-v-jpg""]","index, follow (default)",,"[""/sitemaps/families/locales.xml""]",ru,/pdf-to-jpg,31,,,26 English upload checks; representative parsed conversions; Portuguese upload checks where approved,Reviewed SSR help and accurate capability limits,True,KEEP,other-locales
/ru/powerpoint-to-pdf,200,text/html; charset=utf-8,[],Public PDF tool,"[""https://pdfpilot.net/ru/powerpoint-to-pdf""]","noindex, follow",,[],ru,/powerpoint-to-pdf,31,,,26 English upload checks; representative parsed conversions; Portuguese upload checks where approved,Incomplete language coverage or Portuguese demand/capability not validated,False,NOINDEX,other-locales
/ru/razdelit-pdf,200,text/html; charset=utf-8,[],Public PDF tool,"[""https://pdfpilot.net/ru/razdelit-pdf""]","index, follow (default)",,"[""/sitemaps/families/locales.xml""]",ru,/split-pdf,33,,,26 English upload checks; representative parsed conversions; Portuguese upload checks where approved,Reviewed SSR help and accurate capability limits,True,KEEP,other-locales
/ru/rearrange-pages,404,text/html; charset=utf-8,[],Hidden registry tool; existing launch policy returns 404,[],"noindex, nofollow",,[],ru,/rearrange-pages,0,,,Not public; not asserted working,"Review capability, impressions and backlinks before any future removal",False,EXISTING_404,other-locales
/ru/repair-pdf,200,text/html; charset=utf-8,[],Public PDF tool,"[""https://pdfpilot.net/ru/repair-pdf""]","noindex, follow",,[],ru,/repair-pdf,2,,,26 English upload checks; representative parsed conversions; Portuguese upload checks where approved,Incomplete language coverage or Portuguese demand/capability not validated,False,NOINDEX,other-locales
/ru/resize-image,404,text/html; charset=utf-8,[],Hidden registry tool; existing launch policy returns 404,[],"noindex, nofollow",,[],ru,/resize-image,0,,,Not public; not asserted working,"Review capability, impressions and backlinks before any future removal",False,EXISTING_404,other-locales
/ru/rotate-image,404,text/html; charset=utf-8,[],Hidden registry tool; existing launch policy returns 404,[],"noindex, nofollow",,[],ru,/rotate-image,0,,,Not public; not asserted working,"Review capability, impressions and backlinks before any future removal",False,EXISTING_404,other-locales
/ru/rotate-pdf,200,text/html; charset=utf-8,[],Public PDF tool,"[""https://pdfpilot.net/ru/rotate-pdf""]","noindex, follow",,[],ru,/rotate-pdf,2,,,26 English upload checks; representative parsed conversions; Portuguese upload checks where approved,Incomplete language coverage or Portuguese demand/capability not validated,False,NOINDEX,other-locales
/ru/scan-pdf,200,text/html; charset=utf-8,[],Public PDF tool,"[""https://pdfpilot.net/ru/scan-pdf""]","noindex, follow",,[],ru,/scan-pdf,2,,,26 English upload checks; representative parsed conversions; Portuguese upload checks where approved,Incomplete language coverage or Portuguese demand/capability not validated,False,NOINDEX,other-locales
/ru/split-pdf,308,text/html; charset=utf-8,"[{""from"": ""http://127.0.0.1:4368/ru/split-pdf"", ""status"": 308, ""to"": ""http://127.0.0.1:4368/ru/razdelit-pdf""}]",Alias redirected to its existing equivalent,"[""https://pdfpilot.net/ru/razdelit-pdf""]","index, follow (default)",,[],ru,/split-pdf,1,,,One-hop HTTP redirect,One canonical destination,False,REDIRECT,other-locales
/ru/sql-to-csv,404,text/html; charset=utf-8,[],Hidden registry tool; existing launch policy returns 404,[],"noindex, nofollow",,[],ru,/sql-to-csv,0,,,Not public; not asserted working,"Review capability, impressions and backlinks before any future removal",False,EXISTING_404,other-locales
/ru/sql-to-json,404,text/html; charset=utf-8,[],Hidden registry tool; existing launch policy returns 404,[],"noindex, nofollow",,[],ru,/sql-to-json,0,,,Not public; not asserted working,"Review capability, impressions and backlinks before any future removal",False,EXISTING_404,other-locales
/ru/summary-generator,404,text/html; charset=utf-8,[],Hidden registry tool; existing launch policy returns 404,[],"noindex, nofollow",,[],ru,/summary-generator,0,,,Not public; not asserted working,"Review capability, impressions and backlinks before any future removal",False,EXISTING_404,other-locales
/ru/svg-to-pdf,404,text/html; charset=utf-8,[],Hidden registry tool; existing launch policy returns 404,[],"noindex, nofollow",,[],ru,/svg-to-pdf,0,,,Not public; not asserted working,"Review capability, impressions and backlinks before any future removal",False,EXISTING_404,other-locales
/ru/szhat-pdf,200,text/html; charset=utf-8,[],Public PDF tool,"[""https://pdfpilot.net/ru/szhat-pdf""]","index, follow (default)",,"[""/sitemaps/families/locales.xml""]",ru,/compress-pdf,33,,,26 English upload checks; representative parsed conversions; Portuguese upload checks where approved,Reviewed SSR help and accurate capability limits,True,KEEP,other-locales
/ru/text-to-html,404,text/html; charset=utf-8,[],Hidden registry tool; existing launch policy returns 404,[],"noindex, nofollow",,[],ru,/text-to-html,0,,,Not public; not asserted working,"Review capability, impressions and backlinks before any future removal",False,EXISTING_404,other-locales
/ru/txt-to-pdf,404,text/html; charset=utf-8,[],Hidden registry tool; existing launch policy returns 404,[],"noindex, nofollow",,[],ru,/txt-to-pdf,0,,,Not public; not asserted working,"Review capability, impressions and backlinks before any future removal",False,EXISTING_404,other-locales
/ru/unlock-pdf,404,text/html; charset=utf-8,[],Hidden registry tool; existing launch policy returns 404,[],"noindex, nofollow",,[],ru,/unlock-pdf,0,,,Not public; not asserted working,"Review capability, impressions and backlinks before any future removal",False,EXISTING_404,other-locales
/ru/url-decode,404,text/html; charset=utf-8,[],Hidden registry tool; existing launch policy returns 404,[],"noindex, nofollow",,[],ru,/url-decode,0,,,Not public; not asserted working,"Review capability, impressions and backlinks before any future removal",False,EXISTING_404,other-locales
/ru/watermark-pdf,200,text/html; charset=utf-8,[],Public PDF tool,"[""https://pdfpilot.net/ru/watermark-pdf""]","noindex, follow",,[],ru,/watermark-pdf,2,,,26 English upload checks; representative parsed conversions; Portuguese upload checks where approved,Incomplete language coverage or Portuguese demand/capability not validated,False,NOINDEX,other-locales
/ru/word-to-pdf,200,text/html; charset=utf-8,[],Public PDF tool,"[""https://pdfpilot.net/ru/word-to-pdf""]","noindex, follow",,[],ru,/word-to-pdf,31,,,26 English upload checks; representative parsed conversions; Portuguese upload checks where approved,Incomplete language coverage or Portuguese demand/capability not validated,False,NOINDEX,other-locales
/ru/xml-formatter,404,text/html; charset=utf-8,[],Hidden registry tool; existing launch policy returns 404,[],"noindex, nofollow",,[],ru,/xml-formatter,0,,,Not public; not asserted working,"Review capability, impressions and backlinks before any future removal",False,EXISTING_404,other-locales
/ru/xml-minifier,404,text/html; charset=utf-8,[],Hidden registry tool; existing launch policy returns 404,[],"noindex, nofollow",,[],ru,/xml-minifier,0,,,Not public; not asserted working,"Review capability, impressions and backlinks before any future removal",False,EXISTING_404,other-locales
/ru/xml-to-excel,404,text/html; charset=utf-8,[],Hidden registry tool; existing launch policy returns 404,[],"noindex, nofollow",,[],ru,/xml-to-excel,0,,,Not public; not asserted working,"Review capability, impressions and backlinks before any future removal",False,EXISTING_404,other-locales
/ru/xml-to-json,404,text/html; charset=utf-8,[],Hidden registry tool; existing launch policy returns 404,[],"noindex, nofollow",,[],ru,/xml-to-json,0,,,Not public; not asserted working,"Review capability, impressions and backlinks before any future removal",False,EXISTING_404,other-locales
/ru/xml-to-yaml,404,text/html; charset=utf-8,[],Hidden registry tool; existing launch policy returns 404,[],"noindex, nofollow",,[],ru,/xml-to-yaml,0,,,Not public; not asserted working,"Review capability, impressions and backlinks before any future removal",False,EXISTING_404,other-locales
/ru/yaml-to-json,404,text/html; charset=utf-8,[],Hidden registry tool; existing launch policy returns 404,[],"noindex, nofollow",,[],ru,/yaml-to-json,0,,,Not public; not asserted working,"Review capability, impressions and backlinks before any future removal",False,EXISTING_404,other-locales
/ru/yaml-to-xml,404,text/html; charset=utf-8,[],Hidden registry tool; existing launch policy returns 404,[],"noindex, nofollow",,[],ru,/yaml-to-xml,0,,,Not public; not asserted working,"Review capability, impressions and backlinks before any future removal",False,EXISTING_404,other-locales
/scan-pdf,200,text/html; charset=utf-8,[],Public PDF tool,"[""https://pdfpilot.net/scan-pdf""]","index, follow (default)",,"[""/sitemaps/families/core.xml""]",en,/scan-pdf,3,,,26 English upload checks; representative parsed conversions; Portuguese upload checks where approved,Reviewed SSR help and accurate capability limits,True,KEEP,core
/split-pdf,200,text/html; charset=utf-8,[],Public PDF tool,"[""https://pdfpilot.net/split-pdf""]","index, follow (default)",,"[""/sitemaps/families/core.xml""]",en,/split-pdf,180,,,26 English upload checks; representative parsed conversions; Portuguese upload checks where approved,Reviewed SSR help and accurate capability limits,True,KEEP,core
/sql-to-csv,404,text/html; charset=utf-8,[],Hidden registry tool; existing launch policy returns 404,[],"noindex, nofollow",,[],en,/sql-to-csv,0,,,Not public; not asserted working,"Review capability, impressions and backlinks before any future removal",False,EXISTING_404,resources
/sql-to-json,404,text/html; charset=utf-8,[],Hidden registry tool; existing launch policy returns 404,[],"noindex, nofollow",,[],en,/sql-to-json,0,,,Not public; not asserted working,"Review capability, impressions and backlinks before any future removal",False,EXISTING_404,resources
/summary-generator,404,text/html; charset=utf-8,[],Hidden registry tool; existing launch policy returns 404,[],"noindex, nofollow",,[],en,/summary-generator,0,,,Not public; not asserted working,"Review capability, impressions and backlinks before any future removal",False,EXISTING_404,resources
/svg-to-pdf,404,text/html; charset=utf-8,[],Hidden registry tool; existing launch policy returns 404,[],"noindex, nofollow",,[],en,/svg-to-pdf,0,,,Not public; not asserted working,"Review capability, impressions and backlinks before any future removal",False,EXISTING_404,resources
/templates,200,text/html; charset=utf-8,[],"Public hub, resource or utility","[""https://pdfpilot.net/templates""]","index, follow (default)",,"[""/sitemaps/families/workflows-templates.xml""]",en,,503,,,HTTP and link checks; not every instructional claim or template manually executed,Keep subject to per-route content review; no ranking guarantee,True,KEEP,workflows-templates
/templates/attendance-sheet-template,200,text/html; charset=utf-8,[],Free Attendance sheet PDF Template,"[""https://pdfpilot.net/templates/attendance-sheet-template""]","index, follow (default)",,"[""/sitemaps/families/workflows-templates.xml""]",en,,10,,/templates/attendance-sheet-template,HTTP and link checks; not every instructional claim or template manually executed,Keep subject to per-route content review; no ranking guarantee,True,KEEP,workflows-templates
/templates/collections/personal,200,text/html; charset=utf-8,[],"Public hub, resource or utility","[""https://pdfpilot.net/templates/collections/personal""]","index, follow (default)",,"[""/sitemaps/families/workflows-templates.xml""]",en,,8,,,HTTP and link checks; not every instructional claim or template manually executed,Keep subject to per-route content review; no ranking guarantee,True,KEEP,workflows-templates
/templates/collections/planning,200,text/html; charset=utf-8,[],"Public hub, resource or utility","[""https://pdfpilot.net/templates/collections/planning""]","index, follow (default)",,"[""/sitemaps/families/workflows-templates.xml""]",en,,10,,,HTTP and link checks; not every instructional claim or template manually executed,Keep subject to per-route content review; no ranking guarantee,True,KEEP,workflows-templates
/templates/collections/records,200,text/html; charset=utf-8,[],"Public hub, resource or utility","[""https://pdfpilot.net/templates/collections/records""]","index, follow (default)",,"[""/sitemaps/families/workflows-templates.xml""]",en,,11,,,HTTP and link checks; not every instructional claim or template manually executed,Keep subject to per-route content review; no ranking guarantee,True,KEEP,workflows-templates
/templates/collections/work,200,text/html; charset=utf-8,[],"Public hub, resource or utility","[""https://pdfpilot.net/templates/collections/work""]","index, follow (default)",,"[""/sitemaps/families/workflows-templates.xml""]",en,,12,,,HTTP and link checks; not every instructional claim or template manually executed,Keep subject to per-route content review; no ranking guarantee,True,KEEP,workflows-templates
/templates/contact-list-template,200,text/html; charset=utf-8,[],Free Contact list PDF Template,"[""https://pdfpilot.net/templates/contact-list-template""]","index, follow (default)",,"[""/sitemaps/families/workflows-templates.xml""]",en,,10,,/templates/contact-list-template,HTTP and link checks; not every instructional claim or template manually executed,Keep subject to per-route content review; no ranking guarantee,True,KEEP,workflows-templates
/templates/conversions,200,text/html; charset=utf-8,[],"Public hub, resource or utility","[""https://pdfpilot.net/templates/conversions""]","index, follow (default)",,"[""/sitemaps/families/workflows-templates.xml""]",en,,503,,,HTTP and link checks; not every instructional claim or template manually executed,Keep subject to per-route content review; no ranking guarantee,True,KEEP,workflows-templates
/templates/conversions/jpg-to-pdf,200,text/html; charset=utf-8,[],"Public hub, resource or utility","[""https://pdfpilot.net/templates/conversions/jpg-to-pdf""]","index, follow (default)",,"[""/sitemaps/families/workflows-templates.xml""]",en,,36,,,HTTP and link checks; not every instructional claim or template manually executed,Keep subject to per-route content review; no ranking guarantee,True,KEEP,workflows-templates
/templates/conversions/jpg-to-pdf/a4-landscape,200,text/html; charset=utf-8,[],"Public hub, resource or utility","[""https://pdfpilot.net/templates/conversions/jpg-to-pdf/a4-landscape""]","index, follow (default)",,"[""/sitemaps/families/workflows-templates.xml""]",en,,34,,,HTTP and link checks; not every instructional claim or template manually executed,Keep subject to per-route content review; no ranking guarantee,True,KEEP,workflows-templates
/templates/conversions/jpg-to-pdf/a4-portrait,200,text/html; charset=utf-8,[],"Public hub, resource or utility","[""https://pdfpilot.net/templates/conversions/jpg-to-pdf/a4-portrait""]","index, follow (default)",,"[""/sitemaps/families/workflows-templates.xml""]",en,,34,,,HTTP and link checks; not every instructional claim or template manually executed,Keep subject to per-route content review; no ranking guarantee,True,KEEP,workflows-templates
/templates/conversions/jpg-to-pdf/a4-wide-margins,200,text/html; charset=utf-8,[],"Public hub, resource or utility","[""https://pdfpilot.net/templates/conversions/jpg-to-pdf/a4-wide-margins""]","index, follow (default)",,"[""/sitemaps/families/workflows-templates.xml""]",en,,34,,,HTTP and link checks; not every instructional claim or template manually executed,Keep subject to per-route content review; no ranking guarantee,True,KEEP,workflows-templates
/templates/conversions/jpg-to-pdf/image-size,200,text/html; charset=utf-8,[],"Public hub, resource or utility","[""https://pdfpilot.net/templates/conversions/jpg-to-pdf/image-size""]","index, follow (default)",,"[""/sitemaps/families/workflows-templates.xml""]",en,,34,,,HTTP and link checks; not every instructional claim or template manually executed,Keep subject to per-route content review; no ranking guarantee,True,KEEP,workflows-templates
/templates/conversions/jpg-to-pdf/letter-landscape,200,text/html; charset=utf-8,[],"Public hub, resource or utility","[""https://pdfpilot.net/templates/conversions/jpg-to-pdf/letter-landscape""]","index, follow (default)",,"[""/sitemaps/families/workflows-templates.xml""]",en,,34,,,HTTP and link checks; not every instructional claim or template manually executed,Keep subject to per-route content review; no ranking guarantee,True,KEEP,workflows-templates
/templates/conversions/jpg-to-pdf/letter-portrait,200,text/html; charset=utf-8,[],"Public hub, resource or utility","[""https://pdfpilot.net/templates/conversions/jpg-to-pdf/letter-portrait""]","index, follow (default)",,"[""/sitemaps/families/workflows-templates.xml""]",en,,34,,,HTTP and link checks; not every instructional claim or template manually executed,Keep subject to per-route content review; no ranking guarantee,True,KEEP,workflows-templates
/templates/conversions/jpg-to-pdf/separate-files,200,text/html; charset=utf-8,[],"Public hub, resource or utility","[""https://pdfpilot.net/templates/conversions/jpg-to-pdf/separate-files""]","index, follow (default)",,"[""/sitemaps/families/workflows-templates.xml""]",en,,34,,,HTTP and link checks; not every instructional claim or template manually executed,Keep subject to per-route content review; no ranking guarantee,True,KEEP,workflows-templates
/templates/conversions/jpg-to-pdf/transparent-png,200,text/html; charset=utf-8,[],"Public hub, resource or utility","[""https://pdfpilot.net/templates/conversions/jpg-to-pdf/transparent-png""]","index, follow (default)",,"[""/sitemaps/families/workflows-templates.xml""]",en,,34,,,HTTP and link checks; not every instructional claim or template manually executed,Keep subject to per-route content review; no ranking guarantee,True,KEEP,workflows-templates
/templates/conversions/powerpoint-to-pdf,200,text/html; charset=utf-8,[],"Public hub, resource or utility","[""https://pdfpilot.net/templates/conversions/powerpoint-to-pdf""]","index, follow (default)",,"[""/sitemaps/families/workflows-templates.xml""]",en,,22,,,HTTP and link checks; not every instructional claim or template manually executed,Keep subject to per-route content review; no ranking guarantee,True,KEEP,workflows-templates
/templates/conversions/powerpoint-to-pdf/batch-presentations,200,text/html; charset=utf-8,[],"Public hub, resource or utility","[""https://pdfpilot.net/templates/conversions/powerpoint-to-pdf/batch-presentations""]","index, follow (default)",,"[""/sitemaps/families/workflows-templates.xml""]",en,,20,,,HTTP and link checks; not every instructional claim or template manually executed,Keep subject to per-route content review; no ranking guarantee,True,KEEP,workflows-templates
/templates/conversions/powerpoint-to-pdf/standard-slides,200,text/html; charset=utf-8,[],"Public hub, resource or utility","[""https://pdfpilot.net/templates/conversions/powerpoint-to-pdf/standard-slides""]","index, follow (default)",,"[""/sitemaps/families/workflows-templates.xml""]",en,,20,,,HTTP and link checks; not every instructional claim or template manually executed,Keep subject to per-route content review; no ranking guarantee,True,KEEP,workflows-templates
/templates/conversions/powerpoint-to-pdf/vector-drawings,200,text/html; charset=utf-8,[],"Public hub, resource or utility","[""https://pdfpilot.net/templates/conversions/powerpoint-to-pdf/vector-drawings""]","index, follow (default)",,"[""/sitemaps/families/workflows-templates.xml""]",en,,20,,,HTTP and link checks; not every instructional claim or template manually executed,Keep subject to per-route content review; no ranking guarantee,True,KEEP,workflows-templates
/templates/conversions/powerpoint-to-pdf/widescreen,200,text/html; charset=utf-8,[],"Public hub, resource or utility","[""https://pdfpilot.net/templates/conversions/powerpoint-to-pdf/widescreen""]","index, follow (default)",,"[""/sitemaps/families/workflows-templates.xml""]",en,,20,,,HTTP and link checks; not every instructional claim or template manually executed,Keep subject to per-route content review; no ranking guarantee,True,KEEP,workflows-templates
/templates/conversions/word-to-pdf,200,text/html; charset=utf-8,[],"Public hub, resource or utility","[""https://pdfpilot.net/templates/conversions/word-to-pdf""]","index, follow (default)",,"[""/sitemaps/families/workflows-templates.xml""]",en,,23,,,HTTP and link checks; not every instructional claim or template manually executed,Keep subject to per-route content review; no ranking guarantee,True,KEEP,workflows-templates
/templates/conversions/word-to-pdf/batch-documents,200,text/html; charset=utf-8,[],"Public hub, resource or utility","[""https://pdfpilot.net/templates/conversions/word-to-pdf/batch-documents""]","index, follow (default)",,"[""/sitemaps/families/workflows-templates.xml""]",en,,21,,,HTTP and link checks; not every instructional claim or template manually executed,Keep subject to per-route content review; no ranking guarantee,True,KEEP,workflows-templates
/templates/conversions/word-to-pdf/embedded-images,200,text/html; charset=utf-8,[],"Public hub, resource or utility","[""https://pdfpilot.net/templates/conversions/word-to-pdf/embedded-images""]","index, follow (default)",,"[""/sitemaps/families/workflows-templates.xml""]",en,,21,,,HTTP and link checks; not every instructional claim or template manually executed,Keep subject to per-route content review; no ranking guarantee,True,KEEP,workflows-templates
/templates/conversions/word-to-pdf/google-docs-export,200,text/html; charset=utf-8,[],"Public hub, resource or utility","[""https://pdfpilot.net/templates/conversions/word-to-pdf/google-docs-export""]","index, follow (default)",,"[""/sitemaps/families/workflows-templates.xml""]",en,,21,,,HTTP and link checks; not every instructional claim or template manually executed,Keep subject to per-route content review; no ranking guarantee,True,KEEP,workflows-templates
/templates/conversions/word-to-pdf/landscape-document,200,text/html; charset=utf-8,[],"Public hub, resource or utility","[""https://pdfpilot.net/templates/conversions/word-to-pdf/landscape-document""]","index, follow (default)",,"[""/sitemaps/families/workflows-templates.xml""]",en,,21,,,HTTP and link checks; not every instructional claim or template manually executed,Keep subject to per-route content review; no ranking guarantee,True,KEEP,workflows-templates
/templates/conversions/word-to-pdf/tables,200,text/html; charset=utf-8,[],"Public hub, resource or utility","[""https://pdfpilot.net/templates/conversions/word-to-pdf/tables""]","index, follow (default)",,"[""/sitemaps/families/workflows-templates.xml""]",en,,21,,,HTTP and link checks; not every instructional claim or template manually executed,Keep subject to per-route content review; no ranking guarantee,True,KEEP,workflows-templates
/templates/daily-planner-template,200,text/html; charset=utf-8,[],Free Daily planner PDF Template,"[""https://pdfpilot.net/templates/daily-planner-template""]","index, follow (default)",,"[""/sitemaps/families/workflows-templates.xml""]",en,,9,,/templates/daily-planner-template,HTTP and link checks; not every instructional claim or template manually executed,Keep subject to per-route content review; no ranking guarantee,True,KEEP,workflows-templates
/templates/expense-log-template,200,text/html; charset=utf-8,[],Free Expense log PDF Template,"[""https://pdfpilot.net/templates/expense-log-template""]","index, follow (default)",,"[""/sitemaps/families/workflows-templates.xml""]",en,,10,,/templates/expense-log-template,HTTP and link checks; not every instructional claim or template manually executed,Keep subject to per-route content review; no ranking guarantee,True,KEEP,workflows-templates
/templates/habit-tracker-template,200,text/html; charset=utf-8,[],Free Weekly habit tracker PDF Template,"[""https://pdfpilot.net/templates/habit-tracker-template""]","index, follow (default)",,"[""/sitemaps/families/workflows-templates.xml""]",en,,9,,/templates/habit-tracker-template,HTTP and link checks; not every instructional claim or template manually executed,Keep subject to per-route content review; no ranking guarantee,True,KEEP,workflows-templates
/templates/inventory-sheet-template,200,text/html; charset=utf-8,[],Free Inventory sheet PDF Template,"[""https://pdfpilot.net/templates/inventory-sheet-template""]","index, follow (default)",,"[""/sitemaps/families/workflows-templates.xml""]",en,,10,,/templates/inventory-sheet-template,HTTP and link checks; not every instructional claim or template manually executed,Keep subject to per-route content review; no ranking guarantee,True,KEEP,workflows-templates
/templates/invoice-template,200,text/html; charset=utf-8,[],Free Invoice PDF Template,"[""https://pdfpilot.net/templates/invoice-template""]","index, follow (default)",,"[""/sitemaps/families/workflows-templates.xml""]",en,,11,,/templates/invoice-template,HTTP and link checks; not every instructional claim or template manually executed,Keep subject to per-route content review; no ranking guarantee,True,KEEP,workflows-templates
/templates/meeting-agenda-template,200,text/html; charset=utf-8,[],Free Meeting agenda PDF Template,"[""https://pdfpilot.net/templates/meeting-agenda-template""]","index, follow (default)",,"[""/sitemaps/families/workflows-templates.xml""]",en,,11,,/templates/meeting-agenda-template,HTTP and link checks; not every instructional claim or template manually executed,Keep subject to per-route content review; no ranking guarantee,True,KEEP,workflows-templates
/templates/meeting-minutes-template,200,text/html; charset=utf-8,[],Free Meeting minutes PDF Template,"[""https://pdfpilot.net/templates/meeting-minutes-template""]","index, follow (default)",,"[""/sitemaps/families/workflows-templates.xml""]",en,,11,,/templates/meeting-minutes-template,HTTP and link checks; not every instructional claim or template manually executed,Keep subject to per-route content review; no ranking guarantee,True,KEEP,workflows-templates
/templates/packing-checklist-template,200,text/html; charset=utf-8,[],Free Packing checklist PDF Template,"[""https://pdfpilot.net/templates/packing-checklist-template""]","index, follow (default)",,"[""/sitemaps/families/workflows-templates.xml""]",en,,7,,/templates/packing-checklist-template,HTTP and link checks; not every instructional claim or template manually executed,Keep subject to per-route content review; no ranking guarantee,True,KEEP,workflows-templates
/templates/project-brief-template,200,text/html; charset=utf-8,[],Free Project brief PDF Template,"[""https://pdfpilot.net/templates/project-brief-template""]","index, follow (default)",,"[""/sitemaps/families/workflows-templates.xml""]",en,,11,,/templates/project-brief-template,HTTP and link checks; not every instructional claim or template manually executed,Keep subject to per-route content review; no ranking guarantee,True,KEEP,workflows-templates
/templates/project-checklist-template,200,text/html; charset=utf-8,[],Free Project checklist PDF Template,"[""https://pdfpilot.net/templates/project-checklist-template""]","index, follow (default)",,"[""/sitemaps/families/workflows-templates.xml""]",en,,11,,/templates/project-checklist-template,HTTP and link checks; not every instructional claim or template manually executed,Keep subject to per-route content review; no ranking guarantee,True,KEEP,workflows-templates
/templates/project-proposal-template,200,text/html; charset=utf-8,[],Free Project proposal PDF Template,"[""https://pdfpilot.net/templates/project-proposal-template""]","index, follow (default)",,"[""/sitemaps/families/workflows-templates.xml""]",en,,11,,/templates/project-proposal-template,HTTP and link checks; not every instructional claim or template manually executed,Keep subject to per-route content review; no ranking guarantee,True,KEEP,workflows-templates
/templates/reading-log-template,200,text/html; charset=utf-8,[],Free Reading log PDF Template,"[""https://pdfpilot.net/templates/reading-log-template""]","index, follow (default)",,"[""/sitemaps/families/workflows-templates.xml""]",en,,7,,/templates/reading-log-template,HTTP and link checks; not every instructional claim or template manually executed,Keep subject to per-route content review; no ranking guarantee,True,KEEP,workflows-templates
/templates/study-planner-template,200,text/html; charset=utf-8,[],Free Study planner PDF Template,"[""https://pdfpilot.net/templates/study-planner-template""]","index, follow (default)",,"[""/sitemaps/families/workflows-templates.xml""]",en,,9,,/templates/study-planner-template,HTTP and link checks; not every instructional claim or template manually executed,Keep subject to per-route content review; no ranking guarantee,True,KEEP,workflows-templates
/templates/timesheet-template,200,text/html; charset=utf-8,[],Free Weekly timesheet PDF Template,"[""https://pdfpilot.net/templates/timesheet-template""]","index, follow (default)",,"[""/sitemaps/families/workflows-templates.xml""]",en,,10,,/templates/timesheet-template,HTTP and link checks; not every instructional claim or template manually executed,Keep subject to per-route content review; no ranking guarantee,True,KEEP,workflows-templates
/templates/weekly-planner-template,200,text/html; charset=utf-8,[],Free Weekly planner PDF Template,"[""https://pdfpilot.net/templates/weekly-planner-template""]","index, follow (default)",,"[""/sitemaps/families/workflows-templates.xml""]",en,,10,,/templates/weekly-planner-template,HTTP and link checks; not every instructional claim or template manually executed,Keep subject to per-route content review; no ranking guarantee,True,KEEP,workflows-templates
/terms,200,text/html; charset=utf-8,[],"Public hub, resource or utility","[""https://pdfpilot.net/terms""]","index, follow (default)",,"[""/sitemaps/families/core.xml""]",en,,503,,,HTTP and link checks; not every instructional claim or template manually executed,Keep subject to per-route content review; no ranking guarantee,True,KEEP,core
/text-to-html,404,text/html; charset=utf-8,[],Hidden registry tool; existing launch policy returns 404,[],"noindex, nofollow",,[],en,/text-to-html,0,,,Not public; not asserted working,"Review capability, impressions and backlinks before any future removal",False,EXISTING_404,resources
/tool-unavailable,404,text/html; charset=utf-8,[],Legacy or unavailable route,[],"noindex, nofollow",,[],en,,0,,,No public functionality at this URL,Not an indexable destination,False,EXISTING_404,resources
/tsv-to-csv,404,text/html; charset=utf-8,[],Hidden registry tool; existing launch policy returns 404,[],"noindex, nofollow",,[],en,/tsv-to-csv,0,,,Not public; not asserted working,"Review capability, impressions and backlinks before any future removal",False,EXISTING_404,resources
/tsv-to-excel,404,text/html; charset=utf-8,[],Hidden registry tool; existing launch policy returns 404,[],"noindex, nofollow",,[],en,/tsv-to-excel,0,,,Not public; not asserted working,"Review capability, impressions and backlinks before any future removal",False,EXISTING_404,resources
/txt-to-pdf,404,text/html; charset=utf-8,[],Hidden registry tool; existing launch policy returns 404,[],"noindex, nofollow",,[],en,/txt-to-pdf,0,,,Not public; not asserted working,"Review capability, impressions and backlinks before any future removal",False,EXISTING_404,resources
/unlock-pdf,404,text/html; charset=utf-8,[],Hidden registry tool; existing launch policy returns 404,[],"noindex, nofollow",,[],en,/unlock-pdf,0,,,Not public; not asserted working,"Review capability, impressions and backlinks before any future removal",False,EXISTING_404,resources
/url-decode,404,text/html; charset=utf-8,[],Hidden registry tool; existing launch policy returns 404,[],"noindex, nofollow",,[],en,/url-decode,0,,,Not public; not asserted working,"Review capability, impressions and backlinks before any future removal",False,EXISTING_404,resources
/url-encode,404,text/html; charset=utf-8,[],Hidden registry tool; existing launch policy returns 404,[],"noindex, nofollow",,[],en,/url-encode,0,,,Not public; not asserted working,"Review capability, impressions and backlinks before any future removal",False,EXISTING_404,resources
/use-cases/combine-bank-statements-into-one-pdf,200,text/html; charset=utf-8,[],Combine Bank Statements Into One PDF,"[""https://pdfpilot.net/use-cases/combine-bank-statements-into-one-pdf""]","index, follow (default)",,"[""/sitemaps/families/resources.xml""]",en,,1,,/use-cases/combine-bank-statements-into-one-pdf,HTTP and link checks; not every instructional claim or template manually executed,Keep subject to per-route content review; no ranking guarantee,True,KEEP,resources
/use-cases/combine-scanned-photos-into-a-single-pdf,200,text/html; charset=utf-8,[],Combine Scanned Photos Into a Single PDF,"[""https://pdfpilot.net/use-cases/combine-scanned-photos-into-a-single-pdf""]","index, follow (default)",,"[""/sitemaps/families/resources.xml""]",en,,2,,/use-cases/combine-scanned-photos-into-a-single-pdf,HTTP and link checks; not every instructional claim or template manually executed,Keep subject to per-route content review; no ranking guarantee,True,KEEP,resources
/use-cases/compress-a-resume-for-email,200,text/html; charset=utf-8,[],Compress a Resume for Email,"[""https://pdfpilot.net/use-cases/compress-a-resume-for-email""]","index, follow (default)",,"[""/sitemaps/families/resources.xml""]",en,,1,,/use-cases/compress-a-resume-for-email,HTTP and link checks; not every instructional claim or template manually executed,Keep subject to per-route content review; no ranking guarantee,True,KEEP,resources
/use-cases/create-preview-images-from-a-pdf-for-a-website,200,text/html; charset=utf-8,[],Create PDF Preview Images for a Website,"[""https://pdfpilot.net/use-cases/create-preview-images-from-a-pdf-for-a-website""]","index, follow (default)",,"[""/sitemaps/families/resources.xml""]",en,,2,,/use-cases/create-preview-images-from-a-pdf-for-a-website,HTTP and link checks; not every instructional claim or template manually executed,Keep subject to per-route content review; no ranking guarantee,True,KEEP,resources
/use-cases/extract-and-shrink-pages-from-a-large-pdf,200,text/html; charset=utf-8,[],Extract and Shrink Pages From a Large PDF,"[""https://pdfpilot.net/use-cases/extract-and-shrink-pages-from-a-large-pdf""]","index, follow (default)",,"[""/sitemaps/families/resources.xml""]",en,,2,,/use-cases/extract-and-shrink-pages-from-a-large-pdf,HTTP and link checks; not every instructional claim or template manually executed,Keep subject to per-route content review; no ranking guarantee,True,KEEP,resources
/use-cases/merge-invoices-into-one-pdf,200,text/html; charset=utf-8,[],Merge Invoices Into One PDF,"[""https://pdfpilot.net/use-cases/merge-invoices-into-one-pdf""]","index, follow (default)",,"[""/sitemaps/families/resources.xml""]",en,,1,,/use-cases/merge-invoices-into-one-pdf,HTTP and link checks; not every instructional claim or template manually executed,Keep subject to per-route content review; no ranking guarantee,True,KEEP,resources
/use-cases/migrate-a-legacy-sql-export-to-a-spreadsheet,200,text/html; charset=utf-8,[],Migrate a Legacy SQL Export to a Spreadsheet,"[""https://pdfpilot.net/use-cases/migrate-a-legacy-sql-export-to-a-spreadsheet""]","noindex, follow",,[],en,,1,,/use-cases/migrate-a-legacy-sql-export-to-a-spreadsheet,Main advertised task depends on hidden tools,Hold from search pending task restoration/review,False,NOINDEX,resources
/use-cases/prepare-a-spreadsheet-export-for-a-data-import,200,text/html; charset=utf-8,[],Prepare a Spreadsheet Export for a Data Import,"[""https://pdfpilot.net/use-cases/prepare-a-spreadsheet-export-for-a-data-import""]","index, follow (default)",,"[""/sitemaps/families/resources.xml""]",en,,1,,/use-cases/prepare-a-spreadsheet-export-for-a-data-import,HTTP and link checks; not every instructional claim or template manually executed,Keep subject to per-route content review; no ranking guarantee,True,KEEP,resources
/use-cases/prepare-api-json-data-for-a-non-technical-teammate,200,text/html; charset=utf-8,[],Prepare API JSON for Non-Technical Teams,"[""https://pdfpilot.net/use-cases/prepare-api-json-data-for-a-non-technical-teammate""]","noindex, follow",,[],en,,1,,/use-cases/prepare-api-json-data-for-a-non-technical-teammate,Main advertised task depends on hidden tools,Hold from search pending task restoration/review,False,NOINDEX,resources
/use-cases/prepare-documents-for-printing,200,text/html; charset=utf-8,[],Prepare Documents for Printing,"[""https://pdfpilot.net/use-cases/prepare-documents-for-printing""]","index, follow (default)",,"[""/sitemaps/families/resources.xml""]",en,,1,,/use-cases/prepare-documents-for-printing,HTTP and link checks; not every instructional claim or template manually executed,Keep subject to per-route content review; no ranking guarantee,True,KEEP,resources
/use-cases/prepare-iphone-photos-for-a-website,200,text/html; charset=utf-8,[],Prepare iPhone Photos for a Website,"[""https://pdfpilot.net/use-cases/prepare-iphone-photos-for-a-website""]","noindex, follow",,[],en,,1,,/use-cases/prepare-iphone-photos-for-a-website,Main advertised task depends on hidden tools,Hold from search pending task restoration/review,False,NOINDEX,resources
/use-cases/split-a-scanned-pdf-into-separate-documents,200,text/html; charset=utf-8,[],Split a Scanned PDF Into Separate Documents,"[""https://pdfpilot.net/use-cases/split-a-scanned-pdf-into-separate-documents""]","index, follow (default)",,"[""/sitemaps/families/resources.xml""]",en,,2,,/use-cases/split-a-scanned-pdf-into-separate-documents,HTTP and link checks; not every instructional claim or template manually executed,Keep subject to per-route content review; no ranking guarantee,True,KEEP,resources
/use-cases/turn-handwritten-notes-into-searchable-text,200,text/html; charset=utf-8,[],Turn Handwritten Notes Into Searchable Text,"[""https://pdfpilot.net/use-cases/turn-handwritten-notes-into-searchable-text""]","noindex, follow",,[],en,,1,,/use-cases/turn-handwritten-notes-into-searchable-text,Main advertised task depends on hidden tools,Hold from search pending task restoration/review,False,NOINDEX,resources
/use-cases/watermark-photos-before-sharing-proofs,200,text/html; charset=utf-8,[],Watermark Photos Before Sharing Proofs,"[""https://pdfpilot.net/use-cases/watermark-photos-before-sharing-proofs""]","noindex, follow",,[],en,,1,,/use-cases/watermark-photos-before-sharing-proofs,Main advertised task depends on hidden tools,Hold from search pending task restoration/review,False,NOINDEX,resources
/watermark-pdf,200,text/html; charset=utf-8,[],Public PDF tool,"[""https://pdfpilot.net/watermark-pdf""]","index, follow (default)",,"[""/sitemaps/families/core.xml""]",en,/watermark-pdf,5,,,26 English upload checks; representative parsed conversions; Portuguese upload checks where approved,Reviewed SSR help and accurate capability limits,True,KEEP,core
/word-to-pdf,200,text/html; charset=utf-8,[],Public PDF tool,"[""https://pdfpilot.net/word-to-pdf""]","index, follow (default)",,"[""/sitemaps/families/core.xml""]",en,/word-to-pdf,177,,,26 English upload checks; representative parsed conversions; Portuguese upload checks where approved,Reviewed SSR help and accurate capability limits,True,KEEP,core
/workflows,308,text/html; charset=utf-8,"[{""from"": ""http://127.0.0.1:4368/workflows"", ""status"": 308, ""to"": ""http://127.0.0.1:4368/templates/conversions""}]",Alias redirected to its existing equivalent,"[""https://pdfpilot.net/templates/conversions""]","index, follow (default)",,[],en,,1,,,One-hop HTTP redirect,One canonical destination,False,REDIRECT,resources
/xml-formatter,404,text/html; charset=utf-8,[],Hidden registry tool; existing launch policy returns 404,[],"noindex, nofollow",,[],en,/xml-formatter,0,,,Not public; not asserted working,"Review capability, impressions and backlinks before any future removal",False,EXISTING_404,resources
/xml-minifier,404,text/html; charset=utf-8,[],Hidden registry tool; existing launch policy returns 404,[],"noindex, nofollow",,[],en,/xml-minifier,0,,,Not public; not asserted working,"Review capability, impressions and backlinks before any future removal",False,EXISTING_404,resources
/xml-to-csv,404,text/html; charset=utf-8,[],Hidden registry tool; existing launch policy returns 404,[],"noindex, nofollow",,[],en,/xml-to-csv,0,,,Not public; not asserted working,"Review capability, impressions and backlinks before any future removal",False,EXISTING_404,resources
/xml-to-excel,404,text/html; charset=utf-8,[],Hidden registry tool; existing launch policy returns 404,[],"noindex, nofollow",,[],en,/xml-to-excel,0,,,Not public; not asserted working,"Review capability, impressions and backlinks before any future removal",False,EXISTING_404,resources
/xml-to-json,404,text/html; charset=utf-8,[],Hidden registry tool; existing launch policy returns 404,[],"noindex, nofollow",,[],en,/xml-to-json,0,,,Not public; not asserted working,"Review capability, impressions and backlinks before any future removal",False,EXISTING_404,resources
/xml-to-yaml,404,text/html; charset=utf-8,[],Hidden registry tool; existing launch policy returns 404,[],"noindex, nofollow",,[],en,/xml-to-yaml,0,,,Not public; not asserted working,"Review capability, impressions and backlinks before any future removal",False,EXISTING_404,resources
/xml-validator,404,text/html; charset=utf-8,[],Hidden registry tool; existing launch policy returns 404,[],"noindex, nofollow",,[],en,/xml-validator,0,,,Not public; not asserted working,"Review capability, impressions and backlinks before any future removal",False,EXISTING_404,resources
/yaml-to-json,404,text/html; charset=utf-8,[],Hidden registry tool; existing launch policy returns 404,[],"noindex, nofollow",,[],en,/yaml-to-json,0,,,Not public; not asserted working,"Review capability, impressions and backlinks before any future removal",False,EXISTING_404,resources
/yaml-to-xml,404,text/html; charset=utf-8,[],Hidden registry tool; existing launch policy returns 404,[],"noindex, nofollow",,[],en,/yaml-to-xml,0,,,Not public; not asserted working,"Review capability, impressions and backlinks before any future removal",False,EXISTING_404,resources
/zh-cn,200,text/html; charset=utf-8,[],"Public hub, resource or utility","[""https://pdfpilot.net/zh-cn""]","index, follow (default)",,"[""/sitemaps/families/locales.xml""]",zh-CN,,33,,,HTTP and link checks; not every instructional claim or template manually executed,Keep subject to per-route content review; no ranking guarantee,True,KEEP,other-locales
/zh-cn/add-page-numbers,200,text/html; charset=utf-8,[],Public PDF tool,"[""https://pdfpilot.net/zh-cn/add-page-numbers""]","noindex, follow",,[],zh-CN,/add-page-numbers,2,,,26 English upload checks; representative parsed conversions; Portuguese upload checks where approved,Incomplete language coverage or Portuguese demand/capability not validated,False,NOINDEX,other-locales
/zh-cn/base64-decode,404,text/html; charset=utf-8,[],Hidden registry tool; existing launch policy returns 404,[],"noindex, nofollow",,[],zh-CN,/base64-decode,0,,,Not public; not asserted working,"Review capability, impressions and backlinks before any future removal",False,EXISTING_404,other-locales
/zh-cn/base64-encode,404,text/html; charset=utf-8,[],Hidden registry tool; existing launch policy returns 404,[],"noindex, nofollow",,[],zh-CN,/base64-encode,0,,,Not public; not asserted working,"Review capability, impressions and backlinks before any future removal",False,EXISTING_404,other-locales
/zh-cn/chaifen-pdf,200,text/html; charset=utf-8,[],Public PDF tool,"[""https://pdfpilot.net/zh-cn/chaifen-pdf""]","index, follow (default)",,"[""/sitemaps/families/locales.xml""]",zh-CN,/split-pdf,33,,,26 English upload checks; representative parsed conversions; Portuguese upload checks where approved,Reviewed SSR help and accurate capability limits,True,KEEP,other-locales
/zh-cn/column-extractor,404,text/html; charset=utf-8,[],Hidden registry tool; existing launch policy returns 404,[],"noindex, nofollow",,[],zh-CN,/column-extractor,0,,,Not public; not asserted working,"Review capability, impressions and backlinks before any future removal",False,EXISTING_404,other-locales
/zh-cn/compress-image,404,text/html; charset=utf-8,[],Hidden registry tool; existing launch policy returns 404,[],"noindex, nofollow",,[],zh-CN,/compress-image,0,,,Not public; not asserted working,"Review capability, impressions and backlinks before any future removal",False,EXISTING_404,other-locales
/zh-cn/compress-pdf,308,text/html; charset=utf-8,"[{""from"": ""http://127.0.0.1:4368/zh-cn/compress-pdf"", ""status"": 308, ""to"": ""http://127.0.0.1:4368/zh-cn/yasuo-pdf""}]",Alias redirected to its existing equivalent,"[""https://pdfpilot.net/zh-cn/yasuo-pdf""]","index, follow (default)",,[],zh-CN,/compress-pdf,1,,,One-hop HTTP redirect,One canonical destination,False,REDIRECT,other-locales
/zh-cn/convert-image,404,text/html; charset=utf-8,[],Hidden registry tool; existing launch policy returns 404,[],"noindex, nofollow",,[],zh-CN,/convert-image,0,,,Not public; not asserted working,"Review capability, impressions and backlinks before any future removal",False,EXISTING_404,other-locales
/zh-cn/crop-pdf,200,text/html; charset=utf-8,[],Public PDF tool,"[""https://pdfpilot.net/zh-cn/crop-pdf""]","noindex, follow",,[],zh-CN,/crop-pdf,2,,,26 English upload checks; representative parsed conversions; Portuguese upload checks where approved,Incomplete language coverage or Portuguese demand/capability not validated,False,NOINDEX,other-locales
/zh-cn/csv-cleaner,404,text/html; charset=utf-8,[],Hidden registry tool; existing launch policy returns 404,[],"noindex, nofollow",,[],zh-CN,/csv-cleaner,0,,,Not public; not asserted working,"Review capability, impressions and backlinks before any future removal",False,EXISTING_404,other-locales
/zh-cn/csv-formatter,404,text/html; charset=utf-8,[],Hidden registry tool; existing launch policy returns 404,[],"noindex, nofollow",,[],zh-CN,/csv-formatter,0,,,Not public; not asserted working,"Review capability, impressions and backlinks before any future removal",False,EXISTING_404,other-locales
/zh-cn/csv-merger,404,text/html; charset=utf-8,[],Hidden registry tool; existing launch policy returns 404,[],"noindex, nofollow",,[],zh-CN,/csv-merger,0,,,Not public; not asserted working,"Review capability, impressions and backlinks before any future removal",False,EXISTING_404,other-locales
/zh-cn/csv-splitter,404,text/html; charset=utf-8,[],Hidden registry tool; existing launch policy returns 404,[],"noindex, nofollow",,[],zh-CN,/csv-splitter,0,,,Not public; not asserted working,"Review capability, impressions and backlinks before any future removal",False,EXISTING_404,other-locales
/zh-cn/csv-to-excel,404,text/html; charset=utf-8,[],Hidden registry tool; existing launch policy returns 404,[],"noindex, nofollow",,[],zh-CN,/csv-to-excel,0,,,Not public; not asserted working,"Review capability, impressions and backlinks before any future removal",False,EXISTING_404,other-locales
/zh-cn/csv-to-json,404,text/html; charset=utf-8,[],Hidden registry tool; existing launch policy returns 404,[],"noindex, nofollow",,[],zh-CN,/csv-to-json,0,,,Not public; not asserted working,"Review capability, impressions and backlinks before any future removal",False,EXISTING_404,other-locales
/zh-cn/csv-to-markdown-table,404,text/html; charset=utf-8,[],Hidden registry tool; existing launch policy returns 404,[],"noindex, nofollow",,[],zh-CN,/csv-to-markdown-table,0,,,Not public; not asserted working,"Review capability, impressions and backlinks before any future removal",False,EXISTING_404,other-locales
/zh-cn/csv-to-pdf,404,text/html; charset=utf-8,[],Hidden registry tool; existing launch policy returns 404,[],"noindex, nofollow",,[],zh-CN,/csv-to-pdf,0,,,Not public; not asserted working,"Review capability, impressions and backlinks before any future removal",False,EXISTING_404,other-locales
/zh-cn/csv-to-sql,404,text/html; charset=utf-8,[],Hidden registry tool; existing launch policy returns 404,[],"noindex, nofollow",,[],zh-CN,/csv-to-sql,0,,,Not public; not asserted working,"Review capability, impressions and backlinks before any future removal",False,EXISTING_404,other-locales
/zh-cn/csv-to-tsv,404,text/html; charset=utf-8,[],Hidden registry tool; existing launch policy returns 404,[],"noindex, nofollow",,[],zh-CN,/csv-to-tsv,0,,,Not public; not asserted working,"Review capability, impressions and backlinks before any future removal",False,EXISTING_404,other-locales
/zh-cn/csv-to-xml,404,text/html; charset=utf-8,[],Hidden registry tool; existing launch policy returns 404,[],"noindex, nofollow",,[],zh-CN,/csv-to-xml,0,,,Not public; not asserted working,"Review capability, impressions and backlinks before any future removal",False,EXISTING_404,other-locales
/zh-cn/delete-pages,200,text/html; charset=utf-8,[],Public PDF tool,"[""https://pdfpilot.net/zh-cn/delete-pages""]","noindex, follow",,[],zh-CN,/delete-pages,2,,,26 English upload checks; representative parsed conversions; Portuguese upload checks where approved,Incomplete language coverage or Portuguese demand/capability not validated,False,NOINDEX,other-locales
/zh-cn/duplicate-pages,404,text/html; charset=utf-8,[],Hidden registry tool; existing launch policy returns 404,[],"noindex, nofollow",,[],zh-CN,/duplicate-pages,0,,,Not public; not asserted working,"Review capability, impressions and backlinks before any future removal",False,EXISTING_404,other-locales
/zh-cn/duplicate-row-remover,404,text/html; charset=utf-8,[],Hidden registry tool; existing launch policy returns 404,[],"noindex, nofollow",,[],zh-CN,/duplicate-row-remover,0,,,Not public; not asserted working,"Review capability, impressions and backlinks before any future removal",False,EXISTING_404,other-locales
/zh-cn/edit-pdf,200,text/html; charset=utf-8,[],Public PDF tool,"[""https://pdfpilot.net/zh-cn/edit-pdf""]","noindex, follow",,[],zh-CN,/edit-pdf,2,,,26 English upload checks; representative parsed conversions; Portuguese upload checks where approved,Incomplete language coverage or Portuguese demand/capability not validated,False,NOINDEX,other-locales
/zh-cn/excel-sheet-extractor,404,text/html; charset=utf-8,[],Hidden registry tool; existing launch policy returns 404,[],"noindex, nofollow",,[],zh-CN,/excel-sheet-extractor,0,,,Not public; not asserted working,"Review capability, impressions and backlinks before any future removal",False,EXISTING_404,other-locales
/zh-cn/excel-sheet-merger,404,text/html; charset=utf-8,[],Hidden registry tool; existing launch policy returns 404,[],"noindex, nofollow",,[],zh-CN,/excel-sheet-merger,0,,,Not public; not asserted working,"Review capability, impressions and backlinks before any future removal",False,EXISTING_404,other-locales
/zh-cn/excel-to-csv,404,text/html; charset=utf-8,[],Hidden registry tool; existing launch policy returns 404,[],"noindex, nofollow",,[],zh-CN,/excel-to-csv,0,,,Not public; not asserted working,"Review capability, impressions and backlinks before any future removal",False,EXISTING_404,other-locales
/zh-cn/excel-to-json,404,text/html; charset=utf-8,[],Hidden registry tool; existing launch policy returns 404,[],"noindex, nofollow",,[],zh-CN,/excel-to-json,0,,,Not public; not asserted working,"Review capability, impressions and backlinks before any future removal",False,EXISTING_404,other-locales
/zh-cn/excel-to-pdf,200,text/html; charset=utf-8,[],Public PDF tool,"[""https://pdfpilot.net/zh-cn/excel-to-pdf""]","noindex, follow",,[],zh-CN,/excel-to-pdf,31,,,26 English upload checks; representative parsed conversions; Portuguese upload checks where approved,Incomplete language coverage or Portuguese demand/capability not validated,False,NOINDEX,other-locales
/zh-cn/excel-to-tsv,404,text/html; charset=utf-8,[],Hidden registry tool; existing launch policy returns 404,[],"noindex, nofollow",,[],zh-CN,/excel-to-tsv,0,,,Not public; not asserted working,"Review capability, impressions and backlinks before any future removal",False,EXISTING_404,other-locales
/zh-cn/excel-to-xml,200,text/html; charset=utf-8,[],Public PDF tool,"[""https://pdfpilot.net/zh-cn/excel-to-xml""]","noindex, follow",,[],zh-CN,/excel-to-xml,2,,,26 English upload checks; representative parsed conversions; Portuguese upload checks where approved,Incomplete language coverage or Portuguese demand/capability not validated,False,NOINDEX,other-locales
/zh-cn/extract-pages,200,text/html; charset=utf-8,[],Public PDF tool,"[""https://pdfpilot.net/zh-cn/extract-pages""]","noindex, follow",,[],zh-CN,/extract-pages,2,,,26 English upload checks; representative parsed conversions; Portuguese upload checks where approved,Incomplete language coverage or Portuguese demand/capability not validated,False,NOINDEX,other-locales
/zh-cn/fill-pdf,200,text/html; charset=utf-8,[],Public PDF tool,"[""https://pdfpilot.net/zh-cn/fill-pdf""]","noindex, follow",,[],zh-CN,/fill-pdf,2,,,26 English upload checks; representative parsed conversions; Portuguese upload checks where approved,Incomplete language coverage or Portuguese demand/capability not validated,False,NOINDEX,other-locales
/zh-cn/flatten-pdf,404,text/html; charset=utf-8,[],Hidden registry tool; existing launch policy returns 404,[],"noindex, nofollow",,[],zh-CN,/flatten-pdf,0,,,Not public; not asserted working,"Review capability, impressions and backlinks before any future removal",False,EXISTING_404,other-locales
/zh-cn/hebing-pdf,200,text/html; charset=utf-8,[],Public PDF tool,"[""https://pdfpilot.net/zh-cn/hebing-pdf""]","index, follow (default)",,"[""/sitemaps/families/locales.xml""]",zh-CN,/merge-pdf,33,,,26 English upload checks; representative parsed conversions; Portuguese upload checks where approved,Reviewed SSR help and accurate capability limits,True,KEEP,other-locales
/zh-cn/heic-to-jpg,404,text/html; charset=utf-8,[],Hidden registry tool; existing launch policy returns 404,[],"noindex, nofollow",,[],zh-CN,/heic-to-jpg,0,,,Not public; not asserted working,"Review capability, impressions and backlinks before any future removal",False,EXISTING_404,other-locales
/zh-cn/html-to-markdown,404,text/html; charset=utf-8,[],Hidden registry tool; existing launch policy returns 404,[],"noindex, nofollow",,[],zh-CN,/html-to-markdown,0,,,Not public; not asserted working,"Review capability, impressions and backlinks before any future removal",False,EXISTING_404,other-locales
/zh-cn/html-to-pdf,200,text/html; charset=utf-8,[],Public PDF tool,"[""https://pdfpilot.net/zh-cn/html-to-pdf""]","noindex, follow",,[],zh-CN,/html-to-pdf,2,,,26 English upload checks; representative parsed conversions; Portuguese upload checks where approved,Incomplete language coverage or Portuguese demand/capability not validated,False,NOINDEX,other-locales
/zh-cn/html-to-text,404,text/html; charset=utf-8,[],Hidden registry tool; existing launch policy returns 404,[],"noindex, nofollow",,[],zh-CN,/html-to-text,0,,,Not public; not asserted working,"Review capability, impressions and backlinks before any future removal",False,EXISTING_404,other-locales
/zh-cn/image-metadata,404,text/html; charset=utf-8,[],Hidden registry tool; existing launch policy returns 404,[],"noindex, nofollow",,[],zh-CN,/image-metadata,0,,,Not public; not asserted working,"Review capability, impressions and backlinks before any future removal",False,EXISTING_404,other-locales
/zh-cn/image-watermark,404,text/html; charset=utf-8,[],Hidden registry tool; existing launch policy returns 404,[],"noindex, nofollow",,[],zh-CN,/image-watermark,0,,,Not public; not asserted working,"Review capability, impressions and backlinks before any future removal",False,EXISTING_404,other-locales
/zh-cn/insert-pages,404,text/html; charset=utf-8,[],Hidden registry tool; existing launch policy returns 404,[],"noindex, nofollow",,[],zh-CN,/insert-pages,0,,,Not public; not asserted working,"Review capability, impressions and backlinks before any future removal",False,EXISTING_404,other-locales
/zh-cn/jpg-to-pdf,308,text/html; charset=utf-8,"[{""from"": ""http://127.0.0.1:4368/zh-cn/jpg-to-pdf"", ""status"": 308, ""to"": ""http://127.0.0.1:4368/zh-cn/jpg-zhuan-pdf""}]",Alias redirected to its existing equivalent,"[""https://pdfpilot.net/zh-cn/jpg-zhuan-pdf""]","index, follow (default)",,[],zh-CN,/jpg-to-pdf,1,,,One-hop HTTP redirect,One canonical destination,False,REDIRECT,other-locales
/zh-cn/jpg-zhuan-pdf,200,text/html; charset=utf-8,[],Public PDF tool,"[""https://pdfpilot.net/zh-cn/jpg-zhuan-pdf""]","index, follow (default)",,"[""/sitemaps/families/locales.xml""]",zh-CN,/jpg-to-pdf,31,,,26 English upload checks; representative parsed conversions; Portuguese upload checks where approved,Reviewed SSR help and accurate capability limits,True,KEEP,other-locales
/zh-cn/json-diff,404,text/html; charset=utf-8,[],Hidden registry tool; existing launch policy returns 404,[],"noindex, nofollow",,[],zh-CN,/json-diff,0,,,Not public; not asserted working,"Review capability, impressions and backlinks before any future removal",False,EXISTING_404,other-locales
/zh-cn/json-formatter,404,text/html; charset=utf-8,[],Hidden registry tool; existing launch policy returns 404,[],"noindex, nofollow",,[],zh-CN,/json-formatter,0,,,Not public; not asserted working,"Review capability, impressions and backlinks before any future removal",False,EXISTING_404,other-locales
/zh-cn/json-minifier,404,text/html; charset=utf-8,[],Hidden registry tool; existing launch policy returns 404,[],"noindex, nofollow",,[],zh-CN,/json-minifier,0,,,Not public; not asserted working,"Review capability, impressions and backlinks before any future removal",False,EXISTING_404,other-locales
/zh-cn/json-to-sql,404,text/html; charset=utf-8,[],Hidden registry tool; existing launch policy returns 404,[],"noindex, nofollow",,[],zh-CN,/json-to-sql,0,,,Not public; not asserted working,"Review capability, impressions and backlinks before any future removal",False,EXISTING_404,other-locales
/zh-cn/json-to-xml,404,text/html; charset=utf-8,[],Hidden registry tool; existing launch policy returns 404,[],"noindex, nofollow",,[],zh-CN,/json-to-xml,0,,,Not public; not asserted working,"Review capability, impressions and backlinks before any future removal",False,EXISTING_404,other-locales
/zh-cn/json-to-yaml,404,text/html; charset=utf-8,[],Hidden registry tool; existing launch policy returns 404,[],"noindex, nofollow",,[],zh-CN,/json-to-yaml,0,,,Not public; not asserted working,"Review capability, impressions and backlinks before any future removal",False,EXISTING_404,other-locales
/zh-cn/json-validator,404,text/html; charset=utf-8,[],Hidden registry tool; existing launch policy returns 404,[],"noindex, nofollow",,[],zh-CN,/json-validator,0,,,Not public; not asserted working,"Review capability, impressions and backlinks before any future removal",False,EXISTING_404,other-locales
/zh-cn/lock-pdf,404,text/html; charset=utf-8,[],Hidden registry tool; existing launch policy returns 404,[],"noindex, nofollow",,[],zh-CN,/lock-pdf,0,,,Not public; not asserted working,"Review capability, impressions and backlinks before any future removal",False,EXISTING_404,other-locales
/zh-cn/markdown-to-html,404,text/html; charset=utf-8,[],Hidden registry tool; existing launch policy returns 404,[],"noindex, nofollow",,[],zh-CN,/markdown-to-html,0,,,Not public; not asserted working,"Review capability, impressions and backlinks before any future removal",False,EXISTING_404,other-locales
/zh-cn/merge-pdf,308,text/html; charset=utf-8,"[{""from"": ""http://127.0.0.1:4368/zh-cn/merge-pdf"", ""status"": 308, ""to"": ""http://127.0.0.1:4368/zh-cn/hebing-pdf""}]",Alias redirected to its existing equivalent,"[""https://pdfpilot.net/zh-cn/hebing-pdf""]","index, follow (default)",,[],zh-CN,/merge-pdf,1,,,One-hop HTTP redirect,One canonical destination,False,REDIRECT,other-locales
/zh-cn/ocr-image,404,text/html; charset=utf-8,[],Hidden registry tool; existing launch policy returns 404,[],"noindex, nofollow",,[],zh-CN,/ocr-image,0,,,Not public; not asserted working,"Review capability, impressions and backlinks before any future removal",False,EXISTING_404,other-locales
/zh-cn/ocr-pdf,200,text/html; charset=utf-8,[],Public PDF tool,"[""https://pdfpilot.net/zh-cn/ocr-pdf""]","noindex, follow",,[],zh-CN,/ocr-pdf,2,,,26 English upload checks; representative parsed conversions; Portuguese upload checks where approved,Incomplete language coverage or Portuguese demand/capability not validated,False,NOINDEX,other-locales
/zh-cn/organize-pdf,200,text/html; charset=utf-8,[],Public PDF tool,"[""https://pdfpilot.net/zh-cn/organize-pdf""]","noindex, follow",,[],zh-CN,/organize-pdf,2,,,26 English upload checks; representative parsed conversions; Portuguese upload checks where approved,Incomplete language coverage or Portuguese demand/capability not validated,False,NOINDEX,other-locales
/zh-cn/pdf-to-excel,200,text/html; charset=utf-8,[],Public PDF tool,"[""https://pdfpilot.net/zh-cn/pdf-to-excel""]","noindex, follow",,[],zh-CN,/pdf-to-excel,2,,,26 English upload checks; representative parsed conversions; Portuguese upload checks where approved,Incomplete language coverage or Portuguese demand/capability not validated,False,NOINDEX,other-locales
/zh-cn/pdf-to-jpg,308,text/html; charset=utf-8,"[{""from"": ""http://127.0.0.1:4368/zh-cn/pdf-to-jpg"", ""status"": 308, ""to"": ""http://127.0.0.1:4368/zh-cn/pdf-zhuan-jpg""}]",Alias redirected to its existing equivalent,"[""https://pdfpilot.net/zh-cn/pdf-zhuan-jpg""]","index, follow (default)",,[],zh-CN,/pdf-to-jpg,1,,,One-hop HTTP redirect,One canonical destination,False,REDIRECT,other-locales
/zh-cn/pdf-to-pdfa,200,text/html; charset=utf-8,[],Public PDF tool,"[""https://pdfpilot.net/zh-cn/pdf-to-pdfa""]","noindex, follow",,[],zh-CN,/pdf-to-pdfa,2,,,26 English upload checks; representative parsed conversions; Portuguese upload checks where approved,Incomplete language coverage or Portuguese demand/capability not validated,False,NOINDEX,other-locales
/zh-cn/pdf-to-powerpoint,200,text/html; charset=utf-8,[],Public PDF tool,"[""https://pdfpilot.net/zh-cn/pdf-to-powerpoint""]","noindex, follow",,[],zh-CN,/pdf-to-powerpoint,2,,,26 English upload checks; representative parsed conversions; Portuguese upload checks where approved,Incomplete language coverage or Portuguese demand/capability not validated,False,NOINDEX,other-locales
/zh-cn/pdf-to-word,200,text/html; charset=utf-8,[],Public PDF tool,"[""https://pdfpilot.net/zh-cn/pdf-to-word""]","noindex, follow",,[],zh-CN,/pdf-to-word,2,,,26 English upload checks; representative parsed conversions; Portuguese upload checks where approved,Incomplete language coverage or Portuguese demand/capability not validated,False,NOINDEX,other-locales
/zh-cn/pdf-zhuan-jpg,200,text/html; charset=utf-8,[],Public PDF tool,"[""https://pdfpilot.net/zh-cn/pdf-zhuan-jpg""]","index, follow (default)",,"[""/sitemaps/families/locales.xml""]",zh-CN,/pdf-to-jpg,31,,,26 English upload checks; representative parsed conversions; Portuguese upload checks where approved,Reviewed SSR help and accurate capability limits,True,KEEP,other-locales
/zh-cn/powerpoint-to-pdf,200,text/html; charset=utf-8,[],Public PDF tool,"[""https://pdfpilot.net/zh-cn/powerpoint-to-pdf""]","noindex, follow",,[],zh-CN,/powerpoint-to-pdf,31,,,26 English upload checks; representative parsed conversions; Portuguese upload checks where approved,Incomplete language coverage or Portuguese demand/capability not validated,False,NOINDEX,other-locales
/zh-cn/rearrange-pages,404,text/html; charset=utf-8,[],Hidden registry tool; existing launch policy returns 404,[],"noindex, nofollow",,[],zh-CN,/rearrange-pages,0,,,Not public; not asserted working,"Review capability, impressions and backlinks before any future removal",False,EXISTING_404,other-locales
/zh-cn/repair-pdf,200,text/html; charset=utf-8,[],Public PDF tool,"[""https://pdfpilot.net/zh-cn/repair-pdf""]","noindex, follow",,[],zh-CN,/repair-pdf,2,,,26 English upload checks; representative parsed conversions; Portuguese upload checks where approved,Incomplete language coverage or Portuguese demand/capability not validated,False,NOINDEX,other-locales
/zh-cn/resize-image,404,text/html; charset=utf-8,[],Hidden registry tool; existing launch policy returns 404,[],"noindex, nofollow",,[],zh-CN,/resize-image,0,,,Not public; not asserted working,"Review capability, impressions and backlinks before any future removal",False,EXISTING_404,other-locales
/zh-cn/rotate-image,404,text/html; charset=utf-8,[],Hidden registry tool; existing launch policy returns 404,[],"noindex, nofollow",,[],zh-CN,/rotate-image,0,,,Not public; not asserted working,"Review capability, impressions and backlinks before any future removal",False,EXISTING_404,other-locales
/zh-cn/rotate-pdf,200,text/html; charset=utf-8,[],Public PDF tool,"[""https://pdfpilot.net/zh-cn/rotate-pdf""]","noindex, follow",,[],zh-CN,/rotate-pdf,2,,,26 English upload checks; representative parsed conversions; Portuguese upload checks where approved,Incomplete language coverage or Portuguese demand/capability not validated,False,NOINDEX,other-locales
/zh-cn/scan-pdf,200,text/html; charset=utf-8,[],Public PDF tool,"[""https://pdfpilot.net/zh-cn/scan-pdf""]","noindex, follow",,[],zh-CN,/scan-pdf,2,,,26 English upload checks; representative parsed conversions; Portuguese upload checks where approved,Incomplete language coverage or Portuguese demand/capability not validated,False,NOINDEX,other-locales
/zh-cn/split-pdf,308,text/html; charset=utf-8,"[{""from"": ""http://127.0.0.1:4368/zh-cn/split-pdf"", ""status"": 308, ""to"": ""http://127.0.0.1:4368/zh-cn/chaifen-pdf""}]",Alias redirected to its existing equivalent,"[""https://pdfpilot.net/zh-cn/chaifen-pdf""]","index, follow (default)",,[],zh-CN,/split-pdf,1,,,One-hop HTTP redirect,One canonical destination,False,REDIRECT,other-locales
/zh-cn/sql-to-csv,404,text/html; charset=utf-8,[],Hidden registry tool; existing launch policy returns 404,[],"noindex, nofollow",,[],zh-CN,/sql-to-csv,0,,,Not public; not asserted working,"Review capability, impressions and backlinks before any future removal",False,EXISTING_404,other-locales
/zh-cn/sql-to-json,404,text/html; charset=utf-8,[],Hidden registry tool; existing launch policy returns 404,[],"noindex, nofollow",,[],zh-CN,/sql-to-json,0,,,Not public; not asserted working,"Review capability, impressions and backlinks before any future removal",False,EXISTING_404,other-locales
/zh-cn/summary-generator,404,text/html; charset=utf-8,[],Hidden registry tool; existing launch policy returns 404,[],"noindex, nofollow",,[],zh-CN,/summary-generator,0,,,Not public; not asserted working,"Review capability, impressions and backlinks before any future removal",False,EXISTING_404,other-locales
/zh-cn/svg-to-pdf,404,text/html; charset=utf-8,[],Hidden registry tool; existing launch policy returns 404,[],"noindex, nofollow",,[],zh-CN,/svg-to-pdf,0,,,Not public; not asserted working,"Review capability, impressions and backlinks before any future removal",False,EXISTING_404,other-locales
/zh-cn/text-to-html,404,text/html; charset=utf-8,[],Hidden registry tool; existing launch policy returns 404,[],"noindex, nofollow",,[],zh-CN,/text-to-html,0,,,Not public; not asserted working,"Review capability, impressions and backlinks before any future removal",False,EXISTING_404,other-locales
/zh-cn/tsv-to-excel,404,text/html; charset=utf-8,[],Hidden registry tool; existing launch policy returns 404,[],"noindex, nofollow",,[],zh-CN,/tsv-to-excel,0,,,Not public; not asserted working,"Review capability, impressions and backlinks before any future removal",False,EXISTING_404,other-locales
/zh-cn/unlock-pdf,404,text/html; charset=utf-8,[],Hidden registry tool; existing launch policy returns 404,[],"noindex, nofollow",,[],zh-CN,/unlock-pdf,0,,,Not public; not asserted working,"Review capability, impressions and backlinks before any future removal",False,EXISTING_404,other-locales
/zh-cn/url-decode,404,text/html; charset=utf-8,[],Hidden registry tool; existing launch policy returns 404,[],"noindex, nofollow",,[],zh-CN,/url-decode,0,,,Not public; not asserted working,"Review capability, impressions and backlinks before any future removal",False,EXISTING_404,other-locales
/zh-cn/url-encode,404,text/html; charset=utf-8,[],Hidden registry tool; existing launch policy returns 404,[],"noindex, nofollow",,[],zh-CN,/url-encode,0,,,Not public; not asserted working,"Review capability, impressions and backlinks before any future removal",False,EXISTING_404,other-locales
/zh-cn/watermark-pdf,200,text/html; charset=utf-8,[],Public PDF tool,"[""https://pdfpilot.net/zh-cn/watermark-pdf""]","noindex, follow",,[],zh-CN,/watermark-pdf,2,,,26 English upload checks; representative parsed conversions; Portuguese upload checks where approved,Incomplete language coverage or Portuguese demand/capability not validated,False,NOINDEX,other-locales
/zh-cn/word-to-pdf,200,text/html; charset=utf-8,[],Public PDF tool,"[""https://pdfpilot.net/zh-cn/word-to-pdf""]","noindex, follow",,[],zh-CN,/word-to-pdf,31,,,26 English upload checks; representative parsed conversions; Portuguese upload checks where approved,Incomplete language coverage or Portuguese demand/capability not validated,False,NOINDEX,other-locales
/zh-cn/xml-minifier,404,text/html; charset=utf-8,[],Hidden registry tool; existing launch policy returns 404,[],"noindex, nofollow",,[],zh-CN,/xml-minifier,0,,,Not public; not asserted working,"Review capability, impressions and backlinks before any future removal",False,EXISTING_404,other-locales
/zh-cn/xml-to-excel,404,text/html; charset=utf-8,[],Hidden registry tool; existing launch policy returns 404,[],"noindex, nofollow",,[],zh-CN,/xml-to-excel,0,,,Not public; not asserted working,"Review capability, impressions and backlinks before any future removal",False,EXISTING_404,other-locales
/zh-cn/xml-to-json,404,text/html; charset=utf-8,[],Hidden registry tool; existing launch policy returns 404,[],"noindex, nofollow",,[],zh-CN,/xml-to-json,0,,,Not public; not asserted working,"Review capability, impressions and backlinks before any future removal",False,EXISTING_404,other-locales
/zh-cn/xml-to-yaml,404,text/html; charset=utf-8,[],Hidden registry tool; existing launch policy returns 404,[],"noindex, nofollow",,[],zh-CN,/xml-to-yaml,0,,,Not public; not asserted working,"Review capability, impressions and backlinks before any future removal",False,EXISTING_404,other-locales
/zh-cn/yaml-to-json,404,text/html; charset=utf-8,[],Hidden registry tool; existing launch policy returns 404,[],"noindex, nofollow",,[],zh-CN,/yaml-to-json,0,,,Not public; not asserted working,"Review capability, impressions and backlinks before any future removal",False,EXISTING_404,other-locales
/zh-cn/yaml-to-xml,404,text/html; charset=utf-8,[],Hidden registry tool; existing launch policy returns 404,[],"noindex, nofollow",,[],zh-CN,/yaml-to-xml,0,,,Not public; not asserted working,"Review capability, impressions and backlinks before any future removal",False,EXISTING_404,other-locales
/zh-cn/yasuo-pdf,200,text/html; charset=utf-8,[],Public PDF tool,"[""https://pdfpilot.net/zh-cn/yasuo-pdf""]","index, follow (default)",,"[""/sitemaps/families/locales.xml""]",zh-CN,/compress-pdf,33,,,26 English upload checks; representative parsed conversions; Portuguese upload checks where approved,Reviewed SSR help and accurate capability limits,True,KEEP,other-locales
